VIN,VB1,C0,R0,L1,W1,L2,W2,L3,W3,L4,W4,L5,W5,Power,Gain,BW_3dB,UGB,PM,GM
905.0,754.0,1.0,1.0,764.0,85.0,927.0,5.0,706.0,43.0,111.0,25.0,976.0,13.0,2.056711e-05,37.65257,98416.24,6729644.0,65.2238,20.7191
764.0,347.0,1.0,9.0,977.0,70.0,959.0,78.0,630.0,72.0,872.0,88.0,181.0,90.0,0.0002658429,5.418745,3383769.0,3383770.0,47.4865,25.2553
757.0,913.0,1.0,5.0,335.0,63.0,829.0,74.0,609.0,14.0,536.0,84.0,128.0,52.0,5.782287e-05,57.09621,40642.28,19841090.0,93.7303,26.6689
336.0,859.0,1.0,1.0,346.0,13.0,935.0,15.0,911.0,63.0,175.0,93.0,608.0,23.0,2.390263e-05,58.4586,16783.42,10472090.0,62.7825,19.9308
415.0,393.0,1.0,2.0,884.0,33.0,401.0,51.0,156.0,63.0,562.0,86.0,991.0,90.0,0.0009883979,15.76409,12750420.0,95551890.0,19.7029,10.405
393.0,854.0,4.0,3.0,509.0,86.0,786.0,64.0,590.0,71.0,281.0,50.0,920.0,38.0,5.927594e-05,61.74455,10785.12,12750420.0,87.3404,39.9823
724.0,747.0,1.0,1.0,197.0,15.0,593.0,7.0,194.0,36.0,379.0,75.0,910.0,30.0,4.624908e-05,27.37217,898000.8,16295760.0,78.7652,32.8513
447.0,861.0,1.0,1.0,459.0,15.0,931.0,23.0,834.0,68.0,238.0,77.0,605.0,26.0,2.816845e-05,58.68529,16783.42,12750420.0,58.7875,17.124
306.0,391.0,3.0,1.0,812.0,91.0,798.0,98.0,614.0,40.0,841.0,10.0,347.0,4.0,0.001679568,35.75666,2174500.0,116340400.0,56.2833,27.2666
709.0,678.0,3.0,1.0,426.0,11.0,620.0,9.0,240.0,1.0,737.0,29.0,954.0,30.0,0.0001606789,29.57159,238315.2,6729644.0,89.2348,46.8165
269.0,856.0,7.0,2.0,953.0,83.0,187.0,73.0,288.0,95.0,323.0,89.0,338.0,17.0,0.0001598983,20.77828,577079.0,6729644.0,74.2854,26.4625
545.0,856.0,5.0,5.0,559.0,75.0,888.0,74.0,293.0,89.0,869.0,83.0,405.0,15.0,4.963899e-05,45.86411,63244.55,10472090.0,103.54,24.1287
340.0,678.0,8.0,1.0,779.0,92.0,984.0,31.0,369.0,57.0,455.0,45.0,934.0,66.0,0.0001710777,24.33303,370846.0,6729644.0,118.577,31.8183
654.0,737.0,1.0,2.0,941.0,64.0,788.0,9.0,609.0,37.0,423.0,96.0,218.0,7.0,8.174149e-05,56.675,63244.55,30874990.0,77.7476,42.4383
791.0,700.0,1.0,1.0,381.0,10.0,506.0,73.0,876.0,11.0,560.0,46.0,810.0,40.0,0.000209825,64.537,40642.28,48044980.0,77.1317,25.2257
508.0,897.0,3.0,1.0,598.0,81.0,294.0,26.0,405.0,72.0,701.0,90.0,377.0,23.0,2.573474e-05,55.45501,16783.42,8193759.0,49.1323,7.74263
454.0,928.0,1.0,3.0,590.0,13.0,159.0,20.0,156.0,18.0,514.0,65.0,202.0,21.0,1.876743e-05,56.37626,26117.46,10472090.0,60.7863,16.432
492.0,921.0,1.0,2.0,967.0,27.0,493.0,35.0,492.0,49.0,350.0,67.0,993.0,95.0,2.014863e-05,55.21279,26117.46,10472090.0,61.2616,15.8225
454.0,900.0,1.0,2.0,748.0,6.0,828.0,67.0,584.0,69.0,278.0,49.0,290.0,36.0,3.214162e-05,49.25263,63244.55,12750420.0,71.4533,25.9871
531.0,890.0,1.0,3.0,588.0,16.0,110.0,25.0,397.0,19.0,467.0,65.0,316.0,25.0,4.86633e-05,23.82919,898000.8,10472090.0,59.685,24.8334
319.0,981.0,1.0,4.0,194.0,69.0,519.0,77.0,643.0,13.0,720.0,82.0,508.0,50.0,7.766437e-06,15.5408,238315.2,1147697.0,29.4057,6.07902
309.0,630.0,2.0,6.0,324.0,89.0,795.0,59.0,220.0,43.0,202.0,86.0,454.0,26.0,0.0007164329,40.92717,1397391.0,1061540000.0,-58.96,-279.309
344.0,796.0,1.0,4.0,183.0,9.0,971.0,16.0,880.0,69.0,346.0,96.0,556.0,31.0,6.117552e-05,35.943,370846.0,16295760.0,91.1157,35.3827
293.0,738.0,2.0,3.0,926.0,63.0,824.0,15.0,612.0,44.0,179.0,88.0,196.0,10.0,0.0001409361,59.5232,26117.46,39459980.0,121.51,37.5647
708.0,847.0,2.0,1.0,876.0,85.0,946.0,27.0,711.0,16.0,559.0,88.0,987.0,82.0,6.118538e-05,66.34275,6930.448,10472090.0,77.6152,24.999
334.0,960.0,1.0,3.0,245.0,61.0,536.0,64.0,918.0,40.0,722.0,44.0,114.0,49.0,1.337078e-05,37.7109,98416.24,6729644.0,69.0586,31.932
216.0,346.0,4.0,2.0,643.0,12.0,628.0,35.0,720.0,94.0,624.0,59.0,316.0,40.0,0.0008228307,12.68447,2174500.0,8193759.0,132.515,19.8315
507.0,844.0,1.0,2.0,353.0,29.0,523.0,47.0,524.0,59.0,265.0,18.0,976.0,85.0,6.280607e-05,25.46586,1397391.0,19841090.0,71.3205,50.578
464.0,791.0,1.0,1.0,374.0,30.0,977.0,24.0,872.0,65.0,182.0,89.0,605.0,22.0,7.601834e-05,57.51438,63244.55,30874990.0,59.6038,26.2976
504.0,813.0,1.0,1.0,861.0,31.0,490.0,49.0,474.0,64.0,348.0,83.0,990.0,82.0,0.0001564445,61.61296,63244.55,61404200.0,65.9223,32.6451
640.0,638.0,8.0,1.0,430.0,69.0,176.0,8.0,200.0,1.0,840.0,29.0,933.0,92.0,0.0006823709,35.02335,370846.0,16295760.0,129.455,25.0365
332.0,796.0,2.0,1.0,402.0,16.0,940.0,19.0,882.0,69.0,396.0,98.0,610.0,32.0,7.083691e-05,44.32976,98416.24,12750420.0,78.3301,48.4329
452.0,937.0,1.0,3.0,590.0,10.0,118.0,19.0,430.0,16.0,538.0,65.0,293.0,60.0,2.554877e-05,60.16672,10785.12,10472090.0,73.7098,27.0736
854.0,837.0,1.0,2.0,921.0,98.0,820.0,35.0,529.0,17.0,522.0,85.0,556.0,82.0,9.739547e-05,51.07171,98416.24,30874990.0,80.9165,28.9388
326.0,630.0,3.0,4.0,585.0,78.0,625.0,87.0,555.0,43.0,111.0,67.0,356.0,68.0,0.001802593,29.85794,3383769.0,1651877000.0,-2.53656,-2.03573
690.0,874.0,1.0,1.0,911.0,88.0,823.0,27.0,694.0,18.0,519.0,83.0,992.0,80.0,3.88186e-05,65.88191,10785.12,16295760.0,61.7116,16.1311
494.0,820.0,1.0,2.0,363.0,34.0,426.0,59.0,540.0,66.0,341.0,92.0,978.0,87.0,0.0001782492,44.40462,577079.0,95551890.0,73.7377,23.1985
760.0,965.0,1.0,3.0,365.0,68.0,454.0,68.0,590.0,14.0,535.0,47.0,110.0,39.0,1.791376e-05,54.92719,16783.42,8193759.0,65.2295,17.3117
393.0,862.0,4.0,2.0,509.0,85.0,858.0,64.0,601.0,68.0,315.0,50.0,920.0,38.0,4.878137e-05,63.31088,10785.12,10472090.0,66.2171,14.7522
698.0,862.0,1.0,1.0,901.0,96.0,818.0,27.0,705.0,18.0,544.0,83.0,969.0,75.0,4.693505e-05,66.80265,10785.12,19841090.0,60.109,16.6617
771.0,911.0,1.0,4.0,374.0,68.0,456.0,75.0,609.0,14.0,612.0,47.0,127.0,43.0,5.967381e-05,58.18532,40642.28,30874990.0,82.3704,24.4856
554.0,858.0,1.0,2.0,329.0,30.0,491.0,45.0,594.0,59.0,350.0,91.0,989.0,84.0,7.638333e-05,62.87254,40642.28,39459980.0,64.6835,32.4104
528.0,830.0,5.0,6.0,609.0,83.0,317.0,79.0,397.0,90.0,819.0,83.0,807.0,15.0,0.0001572278,19.67243,898000.8,6729644.0,57.6979,18.0687
465.0,870.0,3.0,2.0,507.0,80.0,790.0,64.0,618.0,71.0,376.0,49.0,936.0,40.0,4.409116e-05,64.14671,10785.12,12750420.0,56.2884,11.4087
523.0,842.0,1.0,1.0,401.0,31.0,488.0,44.0,565.0,64.0,353.0,85.0,990.0,88.0,9.907934e-05,62.29955,63244.55,48044980.0,57.1972,20.757
653.0,887.0,1.0,1.0,926.0,66.0,576.0,15.0,638.0,49.0,172.0,87.0,194.0,10.0,1.828863e-05,60.07395,10785.12,8193759.0,53.811,11.9865
727.0,747.0,1.0,1.0,197.0,76.0,612.0,9.0,228.0,36.0,353.0,88.0,918.0,21.0,6.63584e-05,43.54611,370846.0,39459980.0,63.9632,19.6555
492.0,892.0,1.0,2.0,989.0,29.0,564.0,45.0,492.0,63.0,334.0,74.0,997.0,83.0,3.64525e-05,58.0947,26117.46,19841090.0,59.9353,17.1472
264.0,860.0,1.0,1.0,399.0,15.0,937.0,14.0,923.0,73.0,180.0,88.0,754.0,23.0,2.002342e-05,57.9597,16783.42,8193759.0,59.1135,17.8193
486.0,885.0,2.0,3.0,496.0,73.0,798.0,66.0,588.0,66.0,395.0,47.0,925.0,38.0,3.327288e-05,64.05701,10785.12,16295760.0,50.1739,11.8526
753.0,694.0,4.0,1.0,245.0,27.0,860.0,63.0,915.0,32.0,551.0,50.0,829.0,44.0,0.0002985111,62.53094,26117.46,39459980.0,103.315,22.1297
390.0,912.0,1.0,3.0,599.0,15.0,112.0,33.0,449.0,21.0,530.0,66.0,208.0,65.0,6.946641e-05,59.46043,40642.28,30874990.0,84.2675,29.2806
675.0,816.0,1.0,3.0,993.0,12.0,201.0,67.0,177.0,74.0,646.0,32.0,796.0,1.0,7.688441e-05,4.787491,3383769.0,6729644.0,-59.0875,-8.50379
237.0,391.0,4.0,1.0,812.0,14.0,729.0,97.0,969.0,41.0,851.0,7.0,347.0,2.0,0.0007726514,31.2027,898000.8,25358040.0,53.3917,8.262
718.0,674.0,2.0,1.0,791.0,94.0,865.0,23.0,163.0,43.0,103.0,32.0,904.0,30.0,0.0001476677,33.75953,898000.8,30874990.0,94.9141,37.7506
466.0,885.0,1.0,2.0,952.0,35.0,570.0,43.0,492.0,57.0,387.0,85.0,997.0,85.0,4.173267e-05,59.05743,26117.46,19841090.0,60.9813,20.6418
443.0,476.0,1.0,3.0,806.0,8.0,783.0,67.0,645.0,40.0,529.0,12.0,352.0,1.0,0.0002632044,54.39178,153147.4,48044980.0,67.6941,29.3341
639.0,808.0,1.0,3.0,996.0,63.0,881.0,15.0,602.0,34.0,385.0,92.0,194.0,7.0,4.691593e-05,61.74597,26117.46,19841090.0,72.702,39.8864
725.0,610.0,4.0,1.0,181.0,10.0,646.0,1.0,144.0,2.0,386.0,82.0,682.0,26.0,0.0001616769,36.22089,40642.28,2779135.0,92.7498,38.3785
800.0,510.0,3.0,4.0,586.0,17.0,625.0,85.0,557.0,80.0,521.0,92.0,376.0,51.0,0.0001093596,14.177,577079.0,2174501.0,115.838,7.85101
374.0,838.0,1.0,1.0,372.0,17.0,994.0,23.0,879.0,76.0,149.0,91.0,623.0,22.0,3.747331e-05,57.86859,26117.46,16295760.0,55.7872,17.1465
621.0,799.0,2.0,2.0,882.0,76.0,751.0,28.0,712.0,18.0,526.0,83.0,676.0,82.0,0.0001659009,63.43745,16783.42,30874990.0,103.919,30.1906
493.0,800.0,1.0,3.0,570.0,11.0,147.0,22.0,587.0,21.0,503.0,64.0,374.0,65.0,0.0002780174,59.13526,98416.24,181038800.0,85.5258,18.0472
257.0,798.0,2.0,1.0,391.0,13.0,996.0,18.0,882.0,82.0,108.0,91.0,637.0,31.0,7.398196e-05,56.89219,26117.46,12750420.0,78.6643,52.7043
696.0,683.0,2.0,1.0,957.0,92.0,855.0,26.0,719.0,42.0,108.0,36.0,898.0,52.0,0.0002668414,48.99904,153147.4,48044980.0,97.5882,53.3682
479.0,863.0,1.0,2.0,997.0,28.0,523.0,45.0,524.0,59.0,555.0,77.0,954.0,85.0,6.229389e-05,45.31503,153147.4,25358040.0,63.9656,28.5294
538.0,853.0,1.0,2.0,484.0,41.0,496.0,44.0,606.0,59.0,400.0,82.0,993.0,84.0,8.018747e-05,63.41128,40642.28,48044980.0,63.9983,33.2174
439.0,884.0,1.0,3.0,507.0,82.0,781.0,59.0,569.0,39.0,373.0,49.0,936.0,38.0,3.27667e-05,38.92907,238315.2,19841090.0,36.7326,9.82872
731.0,899.0,1.0,1.0,904.0,91.0,821.0,25.0,737.0,18.0,570.0,78.0,971.0,75.0,2.234126e-05,62.0247,10785.12,10472090.0,60.4825,14.8112
668.0,740.0,1.0,3.0,900.0,66.0,766.0,10.0,612.0,38.0,386.0,96.0,235.0,4.0,6.557281e-05,53.17806,98416.24,30874990.0,71.1383,33.1525
714.0,626.0,6.0,1.0,214.0,18.0,637.0,12.0,221.0,41.0,295.0,74.0,921.0,22.0,0.0001430497,35.51352,238315.2,10472090.0,103.463,29.0469
573.0,866.0,1.0,1.0,484.0,31.0,504.0,50.0,576.0,59.0,395.0,84.0,998.0,87.0,6.865152e-05,63.41632,40642.28,39459980.0,50.028,13.5326
332.0,809.0,2.0,1.0,372.0,15.0,947.0,17.0,863.0,76.0,148.0,92.0,587.0,33.0,6.716874e-05,55.30016,26117.46,10472090.0,79.2799,53.7634
436.0,714.0,2.0,1.0,850.0,61.0,299.0,58.0,385.0,84.0,929.0,20.0,361.0,88.0,0.00049234,5.183369,5265528.0,8193759.0,94.6576,24.2402
729.0,812.0,1.0,5.0,540.0,13.0,988.0,64.0,152.0,74.0,130.0,38.0,798.0,14.0,6.039134e-05,55.19535,98416.24,39459980.0,73.0647,28.5266
775.0,913.0,1.0,2.0,356.0,63.0,447.0,71.0,919.0,14.0,536.0,47.0,127.0,50.0,6.883843e-05,59.92987,40642.28,30874990.0,68.9587,31.3414
322.0,855.0,1.0,1.0,376.0,15.0,909.0,15.0,884.0,66.0,170.0,90.0,687.0,23.0,2.403714e-05,59.33547,16783.42,10472090.0,60.2809,18.0766
484.0,907.0,1.0,2.0,966.0,22.0,584.0,33.0,478.0,57.0,338.0,81.0,989.0,84.0,2.342786e-05,54.27947,26117.46,10472090.0,64.4846,18.2558
790.0,539.0,4.0,1.0,236.0,14.0,662.0,12.0,199.0,1.0,764.0,82.0,690.0,47.0,0.0006423075,55.42093,26117.46,12750420.0,102.789,28.7775
646.0,830.0,2.0,2.0,900.0,84.0,823.0,28.0,698.0,18.0,525.0,81.0,971.0,82.0,8.466692e-05,66.75988,10785.12,16295760.0,89.281,39.6435
805.0,961.0,1.0,1.0,381.0,9.0,515.0,68.0,876.0,11.0,560.0,48.0,178.0,39.0,1.625245e-05,40.08815,63244.55,5265529.0,57.78,11.8629
200.0,876.0,1.0,1.0,946.0,61.0,654.0,15.0,598.0,35.0,306.0,88.0,206.0,15.0,2.612992e-05,56.35752,26117.46,10472090.0,66.7488,17.5751
805.0,735.0,1.0,1.0,778.0,89.0,814.0,21.0,181.0,41.0,104.0,25.0,544.0,27.0,7.190228e-05,25.96313,1397391.0,25358040.0,79.4021,51.293
479.0,863.0,1.0,2.0,816.0,28.0,522.0,45.0,524.0,59.0,553.0,80.0,993.0,85.0,6.318658e-05,51.58044,98416.24,30874990.0,62.1998,26.593
569.0,839.0,1.0,2.0,493.0,41.0,510.0,45.0,628.0,59.0,366.0,81.0,960.0,84.0,0.0001026931,63.82645,40642.28,61404200.0,70.4942,34.5166
522.0,918.0,1.0,3.0,951.0,31.0,564.0,37.0,526.0,56.0,271.0,80.0,997.0,83.0,2.004483e-05,58.70358,16783.42,10472090.0,62.1385,19.0594
443.0,460.0,1.0,3.0,740.0,8.0,783.0,67.0,636.0,40.0,529.0,12.0,352.0,1.0,0.0002835125,54.26781,153147.4,61404200.0,69.3138,27.8244
775.0,855.0,1.0,5.0,959.0,85.0,998.0,50.0,313.0,57.0,208.0,34.0,692.0,17.0,3.279553e-05,60.6655,40642.28,25358040.0,50.3896,28.4321
658.0,685.0,1.0,3.0,989.0,67.0,898.0,9.0,540.0,35.0,368.0,86.0,191.0,4.0,9.904867e-05,59.78284,63244.55,48044980.0,90.2417,29.4539
522.0,841.0,1.0,2.0,484.0,31.0,494.0,45.0,625.0,59.0,368.0,83.0,984.0,80.0,9.881006e-05,63.64133,40642.28,48044980.0,69.092,33.7563
725.0,743.0,1.0,1.0,193.0,16.0,563.0,16.0,152.0,46.0,676.0,73.0,856.0,23.0,7.173127e-05,27.2149,1397391.0,25358040.0,57.7259,18.9105
454.0,900.0,1.0,1.0,748.0,6.0,829.0,63.0,446.0,68.0,255.0,50.0,301.0,36.0,3.004881e-05,44.69642,98416.24,12750420.0,68.6744,17.6592
832.0,844.0,1.0,3.0,365.0,72.0,456.0,66.0,872.0,14.0,535.0,50.0,159.0,39.0,0.0001857812,51.25535,238315.2,116340400.0,77.2455,17.4204
552.0,924.0,1.0,3.0,603.0,11.0,140.0,20.0,156.0,19.0,543.0,64.0,321.0,24.0,1.86472e-05,58.88257,16783.42,10472090.0,53.7199,13.3582
790.0,296.0,4.0,1.0,236.0,4.0,223.0,12.0,743.0,1.0,776.0,82.0,688.0,47.0,0.00107848,37.06315,98416.24,5265529.0,97.3726,26.4719
379.0,439.0,4.0,3.0,813.0,8.0,783.0,63.0,606.0,40.0,277.0,12.0,914.0,1.0,0.0002922986,7.322293,1397391.0,2174501.0,74.2967,35.6104
786.0,798.0,2.0,1.0,583.0,84.0,973.0,18.0,882.0,82.0,131.0,93.0,557.0,32.0,7.776493e-05,57.4911,26117.46,12750420.0,75.832,56.7413
543.0,874.0,3.0,2.0,498.0,1.0,831.0,61.0,716.0,73.0,375.0,48.0,966.0,28.0,3.159538e-05,55.78331,6930.448,3383770.0,74.7569,16.0444
478.0,892.0,1.0,3.0,594.0,16.0,150.0,32.0,379.0,19.0,527.0,64.0,247.0,61.0,7.838699e-05,58.58978,40642.28,30874990.0,88.9986,27.9852
544.0,886.0,4.0,3.0,599.0,13.0,113.0,29.0,149.0,14.0,521.0,64.0,191.0,25.0,6.733677e-05,38.79244,98416.24,6729644.0,98.397,35.9672
673.0,841.0,2.0,4.0,927.0,21.0,870.0,33.0,640.0,16.0,974.0,63.0,659.0,85.0,6.251452e-05,32.90709,153147.4,6729644.0,105.67,24.7706
624.0,784.0,1.0,3.0,994.0,66.0,879.0,9.0,602.0,43.0,361.0,97.0,180.0,4.0,3.868385e-05,59.1746,26117.46,19841090.0,70.1401,42.5648
756.0,945.0,1.0,3.0,365.0,7.0,506.0,64.0,570.0,13.0,522.0,62.0,132.0,43.0,2.756941e-05,57.21861,16783.42,10472090.0,75.9006,27.1263
668.0,770.0,1.0,6.0,533.0,12.0,189.0,67.0,214.0,74.0,647.0,24.0,745.0,23.0,0.0001578005,19.30132,3383769.0,30874990.0,54.2676,16.6415
627.0,916.0,1.0,3.0,994.0,66.0,879.0,9.0,545.0,33.0,362.0,97.0,180.0,2.0,3.102411e-06,32.84646,40642.28,1397392.0,34.3166,6.37687
888.0,771.0,1.0,1.0,794.0,88.0,872.0,14.0,630.0,43.0,140.0,36.0,960.0,20.0,3.99439e-05,45.49507,98416.24,16295760.0,58.898,17.0956
415.0,885.0,3.0,3.0,515.0,84.0,925.0,64.0,589.0,66.0,365.0,48.0,944.0,38.0,2.987173e-05,63.1914,6930.448,10472090.0,61.4705,13.7259
494.0,701.0,5.0,4.0,142.0,15.0,870.0,22.0,145.0,15.0,429.0,27.0,958.0,30.0,0.0001252617,27.39652,577079.0,19841090.0,73.7585,22.4725
520.0,806.0,7.0,1.0,646.0,68.0,833.0,23.0,282.0,91.0,318.0,74.0,354.0,16.0,4.474261e-05,30.41177,98416.24,3383770.0,84.8649,28.7031
751.0,840.0,1.0,6.0,931.0,13.0,982.0,54.0,391.0,53.0,199.0,31.0,795.0,16.0,3.605714e-05,59.56442,26117.46,19841090.0,70.9532,32.9822
528.0,851.0,4.0,5.0,588.0,83.0,302.0,25.0,396.0,90.0,831.0,83.0,785.0,15.0,4.40979e-05,65.41982,6930.448,10472090.0,66.6624,24.897
642.0,679.0,8.0,2.0,926.0,73.0,986.0,51.0,795.0,54.0,998.0,35.0,966.0,37.0,0.0002075731,30.80924,238315.2,8193759.0,103.151,25.8473
204.0,346.0,4.0,2.0,613.0,12.0,666.0,35.0,720.0,94.0,602.0,59.0,316.0,40.0,0.000844823,13.0411,2174500.0,10472090.0,136.36,22.5967
752.0,912.0,4.0,1.0,371.0,31.0,862.0,61.0,916.0,33.0,536.0,50.0,829.0,48.0,2.007969e-05,56.63798,6930.448,4324649.0,57.2825,8.12906
715.0,389.0,1.0,5.0,634.0,14.0,202.0,39.0,855.0,64.0,652.0,37.0,817.0,17.0,0.0001655533,26.20362,1397391.0,30874990.0,9.27566,9.74597
756.0,807.0,1.0,1.0,504.0,82.0,992.0,57.0,184.0,56.0,580.0,33.0,798.0,1.0,5.300303e-05,12.68243,3383769.0,39459980.0,-76.1494,-14.5341
741.0,685.0,4.0,1.0,245.0,61.0,373.0,65.0,602.0,38.0,518.0,50.0,829.0,44.0,0.0005158249,42.54793,577079.0,116340400.0,95.4783,18.3701
274.0,844.0,6.0,1.0,632.0,75.0,833.0,72.0,353.0,92.0,318.0,75.0,336.0,16.0,7.368137e-05,60.16561,10785.12,10472090.0,63.8416,10.6679
847.0,777.0,1.0,1.0,918.0,98.0,986.0,37.0,749.0,59.0,490.0,82.0,559.0,83.0,8.153696e-05,27.38383,577079.0,12750420.0,69.3358,55.9236
379.0,784.0,1.0,1.0,435.0,30.0,978.0,15.0,872.0,78.0,210.0,90.0,638.0,25.0,6.886425e-05,56.48033,40642.28,25358040.0,65.8342,41.029
776.0,856.0,1.0,6.0,994.0,11.0,982.0,56.0,309.0,58.0,225.0,33.0,748.0,17.0,2.635949e-05,54.78149,40642.28,16295760.0,69.0144,31.4659
250.0,797.0,2.0,2.0,914.0,68.0,833.0,18.0,602.0,92.0,179.0,89.0,113.0,10.0,7.048327e-05,46.82129,98416.24,16295760.0,94.1429,47.604
306.0,678.0,8.0,2.0,746.0,79.0,702.0,69.0,188.0,58.0,636.0,25.0,963.0,27.0,0.0004058892,25.97396,898000.8,16295760.0,82.502,23.2813
555.0,898.0,4.0,4.0,273.0,78.0,880.0,73.0,287.0,87.0,323.0,83.0,370.0,14.0,2.47193e-05,59.55358,6930.448,6729644.0,57.3918,10.4756
663.0,889.0,1.0,1.0,946.0,64.0,654.0,17.0,609.0,28.0,306.0,76.0,205.0,4.0,1.084465e-05,26.88368,153147.4,3383770.0,24.3422,6.51744
753.0,699.0,4.0,1.0,277.0,65.0,825.0,63.0,887.0,13.0,534.0,38.0,817.0,40.0,0.0003259365,24.37234,898000.8,12750420.0,105.605,24.9545
756.0,692.0,1.0,1.0,365.0,68.0,449.0,69.0,609.0,13.0,535.0,50.0,848.0,41.0,0.0004142257,20.11665,5265528.0,39459980.0,58.6188,20.8703
237.0,892.0,3.0,5.0,588.0,82.0,876.0,72.0,394.0,87.0,818.0,89.0,778.0,21.0,2.654615e-05,64.0019,6930.448,8193759.0,44.5656,8.7175
493.0,887.0,4.0,3.0,497.0,14.0,101.0,32.0,459.0,21.0,541.0,66.0,267.0,68.0,0.0001028718,60.48396,10785.12,12750420.0,115.13,26.4702
727.0,625.0,2.0,1.0,206.0,16.0,646.0,18.0,221.0,43.0,323.0,85.0,999.0,13.0,0.000158409,59.27145,63244.55,48044980.0,83.6715,31.3274
493.0,889.0,1.0,3.0,622.0,1.0,101.0,32.0,460.0,23.0,519.0,64.0,317.0,68.0,7.001013e-05,48.91333,40642.28,10472090.0,89.5139,35.0792
701.0,678.0,2.0,1.0,794.0,94.0,815.0,22.0,749.0,41.0,102.0,34.0,881.0,26.0,0.000198476,60.65624,63244.55,48044980.0,85.6344,54.4612
490.0,830.0,1.0,1.0,874.0,30.0,490.0,43.0,559.0,63.0,366.0,83.0,990.0,81.0,0.0001133376,62.15823,40642.28,48044980.0,61.472,24.0815
853.0,801.0,2.0,1.0,919.0,99.0,821.0,50.0,761.0,14.0,996.0,69.0,992.0,78.0,0.0001165252,62.74012,26117.46,25358040.0,70.023,24.4758
466.0,887.0,2.0,1.0,590.0,15.0,124.0,30.0,474.0,12.0,528.0,30.0,172.0,29.0,7.586301e-05,58.39924,26117.46,16295760.0,70.5877,16.569
737.0,381.0,5.0,1.0,543.0,82.0,247.0,66.0,155.0,71.0,611.0,40.0,802.0,3.0,0.0005530338,56.77613,98416.24,61404200.0,64.0283,27.5337
656.0,785.0,1.0,1.0,937.0,66.0,834.0,14.0,609.0,37.0,337.0,96.0,180.0,5.0,5.693612e-05,59.95369,40642.28,25358040.0,55.8166,15.0979
331.0,375.0,8.0,1.0,978.0,9.0,776.0,97.0,652.0,42.0,357.0,15.0,399.0,1.0,0.0003824973,17.73749,577079.0,3383770.0,78.9123,18.3278
478.0,865.0,1.0,2.0,811.0,28.0,522.0,45.0,524.0,60.0,300.0,17.0,993.0,85.0,4.035542e-05,23.38779,898000.8,10472090.0,64.5406,54.4603
502.0,842.0,1.0,2.0,863.0,40.0,544.0,48.0,540.0,57.0,350.0,91.0,993.0,89.0,0.0001010062,63.20144,40642.28,48044980.0,72.687,35.3495
696.0,792.0,2.0,1.0,192.0,13.0,578.0,12.0,220.0,40.0,398.0,87.0,960.0,25.0,4.905153e-05,42.70132,98416.24,12750420.0,74.1708,19.0331
493.0,906.0,1.0,3.0,586.0,13.0,139.0,27.0,569.0,23.0,560.0,66.0,318.0,64.0,5.269503e-05,61.35666,26117.46,19841090.0,78.1324,33.3549
705.0,632.0,2.0,1.0,800.0,88.0,742.0,17.0,762.0,33.0,139.0,34.0,855.0,24.0,0.0002378874,64.14196,40642.28,48044980.0,92.2172,53.8489
519.0,739.0,3.0,1.0,613.0,75.0,317.0,75.0,412.0,67.0,820.0,83.0,835.0,23.0,0.0005004439,19.38761,3383769.0,25358040.0,47.7327,17.1585
731.0,890.0,1.0,1.0,903.0,91.0,821.0,26.0,708.0,18.0,519.0,83.0,989.0,78.0,2.783222e-05,64.90216,6930.448,10472090.0,61.1485,15.441
721.0,745.0,2.0,1.0,433.0,72.0,748.0,8.0,155.0,1.0,700.0,28.0,964.0,24.0,7.521833e-05,26.95183,370846.0,6729644.0,75.7297,21.1864
888.0,767.0,1.0,1.0,799.0,91.0,895.0,11.0,579.0,43.0,140.0,36.0,954.0,17.0,3.419339e-05,43.67092,153147.4,16295760.0,59.8381,16.6018
855.0,781.0,1.0,1.0,726.0,80.0,825.0,21.0,599.0,24.0,167.0,44.0,912.0,24.0,6.107627e-05,60.05843,40642.28,30874990.0,58.1853,16.117
475.0,754.0,1.0,1.0,441.0,27.0,983.0,25.0,874.0,78.0,184.0,91.0,605.0,27.0,0.0001310302,61.80657,63244.55,48044980.0,68.5019,48.5563
503.0,735.0,8.0,1.0,656.0,69.0,294.0,22.0,362.0,60.0,309.0,99.0,343.0,22.0,0.0002928334,60.48782,26117.46,25358040.0,118.994,28.6756
726.0,626.0,3.0,1.0,208.0,82.0,611.0,12.0,252.0,43.0,277.0,74.0,922.0,27.0,0.0001844083,37.91337,577079.0,30874990.0,108.491,28.6789
522.0,841.0,1.0,2.0,493.0,31.0,494.0,53.0,625.0,59.0,337.0,83.0,940.0,80.0,0.0001109338,57.29778,98416.24,61404200.0,70.3325,32.8003
346.0,939.0,4.0,1.0,350.0,32.0,862.0,63.0,915.0,41.0,491.0,49.0,876.0,44.0,1.116243e-05,46.65931,10785.12,2779135.0,47.423,5.6942
345.0,876.0,6.0,6.0,252.0,77.0,918.0,73.0,358.0,94.0,323.0,90.0,335.0,23.0,4.424479e-05,56.37872,10785.12,12750420.0,132.917,22.4629
703.0,860.0,2.0,1.0,890.0,80.0,854.0,30.0,704.0,49.0,460.0,68.0,971.0,47.0,3.419114e-05,58.97645,16783.42,10472090.0,62.4521,13.7559
698.0,840.0,2.0,2.0,921.0,99.0,823.0,36.0,537.0,54.0,465.0,83.0,936.0,83.0,5.995606e-05,38.04394,153147.4,12750420.0,85.7133,44.5487
698.0,634.0,2.0,1.0,796.0,91.0,743.0,21.0,716.0,39.0,167.0,36.0,905.0,24.0,0.0002469863,64.33566,40642.28,61404200.0,90.8458,51.926
214.0,798.0,1.0,8.0,628.0,12.0,973.0,14.0,852.0,70.0,105.0,91.0,554.0,32.0,7.740643e-05,54.89512,40642.28,25358040.0,112.157,40.6504
576.0,811.0,1.0,2.0,900.0,69.0,787.0,10.0,605.0,38.0,381.0,87.0,217.0,4.0,2.830027e-05,62.77224,16783.42,16295760.0,53.5637,15.368
268.0,860.0,1.0,1.0,371.0,15.0,934.0,14.0,911.0,68.0,163.0,93.0,665.0,23.0,2.179837e-05,58.03562,16783.42,8193759.0,61.5745,19.2545
485.0,871.0,1.0,2.0,963.0,30.0,522.0,42.0,492.0,48.0,339.0,25.0,985.0,85.0,3.874729e-05,28.15217,577079.0,12750420.0,66.0484,45.199
362.0,969.0,1.0,2.0,231.0,61.0,404.0,66.0,608.0,40.0,689.0,44.0,103.0,39.0,1.199015e-05,43.36812,63244.55,8193759.0,64.0953,17.4732
213.0,883.0,1.0,1.0,932.0,64.0,631.0,13.0,563.0,38.0,188.0,89.0,196.0,15.0,2.324385e-05,55.64063,16783.42,8193759.0,69.2499,19.3595
274.0,845.0,7.0,2.0,239.0,67.0,173.0,73.0,235.0,94.0,323.0,92.0,338.0,87.0,0.0002753702,40.25615,370846.0,281716800.0,50.6438,14.3241
706.0,718.0,1.0,1.0,790.0,94.0,932.0,18.0,722.0,27.0,100.0,33.0,549.0,17.0,0.0001334109,59.75455,63244.55,61404200.0,67.5003,57.0477
678.0,828.0,1.0,6.0,957.0,87.0,983.0,50.0,322.0,56.0,220.0,33.0,795.0,17.0,5.07009e-05,61.59448,40642.28,48044980.0,66.4275,29.4874
379.0,794.0,1.0,1.0,452.0,28.0,986.0,18.0,921.0,70.0,214.0,92.0,603.0,26.0,7.037675e-05,59.53837,40642.28,25358040.0,65.3249,38.1689
491.0,820.0,1.0,2.0,880.0,31.0,525.0,39.0,552.0,64.0,316.0,20.0,993.0,82.0,7.345177e-05,23.78042,1397391.0,16295760.0,77.2972,53.3107
524.0,902.0,1.0,3.0,626.0,15.0,179.0,32.0,185.0,19.0,544.0,65.0,217.0,23.0,4.125971e-05,55.39767,40642.28,19841090.0,62.9465,25.6118
528.0,740.0,5.0,1.0,613.0,83.0,317.0,24.0,414.0,66.0,771.0,90.0,807.0,22.0,0.0002054192,63.77238,26117.46,30874990.0,74.7079,27.0385
705.0,632.0,2.0,1.0,796.0,89.0,744.0,17.0,571.0,32.0,139.0,21.0,855.0,24.0,0.0001827675,42.36152,370846.0,39459980.0,92.7224,55.8906
486.0,886.0,4.0,2.0,598.0,15.0,149.0,33.0,466.0,17.0,532.0,65.0,174.0,22.0,6.781252e-05,26.39449,238315.2,3383770.0,85.7438,37.6685
766.0,863.0,1.0,2.0,270.0,11.0,542.0,63.0,634.0,40.0,726.0,84.0,519.0,49.0,7.307753e-05,62.97606,40642.28,39459980.0,57.3102,20.2496
274.0,844.0,7.0,4.0,953.0,78.0,846.0,71.0,312.0,90.0,323.0,74.0,338.0,17.0,7.204032e-05,58.77848,10785.12,12750420.0,129.956,26.2832
495.0,704.0,3.0,2.0,224.0,14.0,898.0,21.0,123.0,15.0,459.0,28.0,972.0,26.0,0.0001098899,28.43024,577079.0,16295760.0,111.84,32.6016
510.0,842.0,1.0,2.0,492.0,32.0,538.0,43.0,583.0,59.0,350.0,91.0,991.0,84.0,9.350991e-05,63.1611,40642.28,48044980.0,71.6713,34.247
730.0,960.0,1.0,4.0,371.0,68.0,522.0,73.0,919.0,14.0,538.0,46.0,102.0,51.0,2.449811e-05,54.33985,26117.46,10472090.0,75.6679,35.9729
793.0,630.0,3.0,4.0,585.0,78.0,625.0,85.0,555.0,81.0,108.0,17.0,376.0,1.0,0.0001936916,25.97187,1397391.0,19841090.0,62.6645,28.2249
701.0,872.0,2.0,2.0,915.0,86.0,821.0,28.0,537.0,51.0,455.0,82.0,971.0,82.0,3.430094e-05,42.23513,63244.55,6729644.0,79.37,46.2399
499.0,260.0,3.0,3.0,772.0,12.0,709.0,66.0,894.0,15.0,672.0,90.0,308.0,41.0,0.001413401,27.3432,898000.8,25358040.0,-417.737,3.46218
723.0,961.0,1.0,3.0,273.0,68.0,506.0,73.0,919.0,16.0,562.0,45.0,127.0,46.0,2.03856e-05,57.06381,16783.42,10472090.0,63.948,17.5595
334.0,862.0,1.0,1.0,442.0,12.0,997.0,18.0,923.0,63.0,111.0,93.0,630.0,16.0,1.890468e-05,32.4594,153147.4,5265529.0,52.4,12.5834
660.0,785.0,1.0,1.0,902.0,66.0,653.0,9.0,560.0,37.0,198.0,82.0,193.0,19.0,8.851039e-05,42.67691,153147.4,19841090.0,80.7594,58.4983
211.0,886.0,1.0,2.0,924.0,65.0,629.0,15.0,592.0,42.0,187.0,87.0,173.0,4.0,1.236883e-05,28.67175,238315.2,4324649.0,38.5048,7.78079
446.0,390.0,1.0,2.0,289.0,93.0,491.0,12.0,147.0,17.0,795.0,79.0,459.0,56.0,0.0006385133,20.37584,8193758.0,116340400.0,13.4836,7.45555
262.0,857.0,1.0,1.0,328.0,15.0,935.0,15.0,924.0,68.0,180.0,93.0,593.0,23.0,2.496898e-05,57.21606,16783.42,10472090.0,62.332,20.8125
725.0,719.0,2.0,1.0,794.0,88.0,787.0,21.0,728.0,27.0,130.0,35.0,905.0,24.0,0.0001345514,42.67161,238315.2,30874990.0,77.2126,55.5398
864.0,774.0,1.0,1.0,794.0,91.0,932.0,21.0,746.0,27.0,100.0,36.0,534.0,16.0,6.695898e-05,60.57565,40642.28,30874990.0,59.9952,18.5637
753.0,692.0,1.0,1.0,371.0,7.0,506.0,67.0,925.0,31.0,557.0,47.0,828.0,44.0,0.0001426455,32.69448,577079.0,25358040.0,72.7329,28.0423
734.0,373.0,1.0,1.0,984.0,14.0,965.0,66.0,178.0,73.0,611.0,40.0,797.0,3.0,7.034649e-05,23.84962,1397391.0,19841090.0,67.4742,20.9263
528.0,735.0,4.0,1.0,613.0,83.0,317.0,25.0,411.0,66.0,831.0,83.0,782.0,22.0,0.0002220512,65.36308,26117.46,39459980.0,70.2092,25.3502
502.0,843.0,1.0,2.0,869.0,42.0,524.0,43.0,508.0,59.0,560.0,84.0,969.0,86.0,8.416252e-05,43.4777,370846.0,39459980.0,65.9992,28.8984
582.0,277.0,3.0,9.0,523.0,47.0,876.0,64.0,624.0,20.0,247.0,38.0,522.0,17.0,0.001386913,30.02609,2174500.0,1061540000.0,-23.2384,-12.3742
344.0,807.0,1.0,1.0,451.0,19.0,977.0,24.0,860.0,74.0,204.0,89.0,603.0,25.0,6.532006e-05,60.83298,26117.46,25358040.0,62.2274,26.6677
695.0,775.0,2.0,1.0,199.0,13.0,644.0,13.0,210.0,45.0,323.0,87.0,960.0,16.0,5.204899e-05,58.6298,26117.46,16295760.0,66.6457,14.3625
726.0,626.0,2.0,1.0,208.0,82.0,674.0,22.0,251.0,43.0,321.0,86.0,912.0,24.0,0.00027523,59.16497,98416.24,116340400.0,101.937,21.6305
888.0,771.0,1.0,1.0,794.0,88.0,887.0,9.0,592.0,43.0,140.0,36.0,893.0,20.0,3.086044e-05,38.22412,153147.4,10472090.0,65.9981,21.5406
789.0,431.0,4.0,2.0,236.0,13.0,648.0,12.0,221.0,3.0,395.0,82.0,679.0,48.0,0.0005903493,35.85296,238315.2,12750420.0,131.013,17.1436
441.0,876.0,3.0,3.0,511.0,83.0,801.0,64.0,618.0,74.0,372.0,48.0,940.0,37.0,3.824936e-05,64.04688,10785.12,12750420.0,62.3066,15.2201
264.0,784.0,1.0,1.0,444.0,14.0,976.0,18.0,848.0,74.0,215.0,93.0,593.0,19.0,6.76512e-05,60.07102,40642.28,25358040.0,64.4954,30.0951
544.0,864.0,3.0,2.0,599.0,15.0,119.0,32.0,153.0,18.0,530.0,26.0,190.0,71.0,8.097398e-05,16.1583,898000.8,4324649.0,107.447,37.153
764.0,693.0,2.0,3.0,296.0,69.0,527.0,75.0,909.0,31.0,716.0,50.0,816.0,42.0,0.0004192736,36.82935,1397391.0,231377800.0,7.81716,2.04052
472.0,868.0,4.0,2.0,507.0,90.0,786.0,56.0,613.0,71.0,368.0,49.0,913.0,26.0,3.737586e-05,60.18927,10785.12,10472090.0,42.5852,6.09976
660.0,859.0,2.0,1.0,928.0,94.0,870.0,28.0,551.0,53.0,518.0,83.0,944.0,47.0,3.3569e-05,54.48539,26117.46,10472090.0,64.041,14.4188
665.0,840.0,1.0,2.0,882.0,99.0,825.0,30.0,537.0,52.0,465.0,69.0,923.0,47.0,4.575162e-05,45.54122,153147.4,25358040.0,56.8494,23.1191
330.0,679.0,8.0,2.0,926.0,79.0,989.0,51.0,728.0,58.0,995.0,84.0,966.0,47.0,0.0003147688,38.8111,238315.2,74763430.0,48.2227,13.7912
493.0,887.0,4.0,3.0,575.0,14.0,101.0,32.0,459.0,15.0,530.0,66.0,187.0,68.0,0.0001244666,59.00714,10785.12,12750420.0,117.857,21.8798
771.0,955.0,1.0,3.0,288.0,67.0,560.0,75.0,592.0,8.0,687.0,44.0,127.0,42.0,2.362386e-05,58.63884,16783.42,10472090.0,64.7306,17.4372
492.0,887.0,1.0,2.0,964.0,30.0,567.0,43.0,492.0,44.0,339.0,92.0,993.0,88.0,4.272637e-05,62.59457,16783.42,19841090.0,64.6219,22.1897
530.0,717.0,5.0,1.0,634.0,83.0,295.0,22.0,357.0,99.0,754.0,96.0,801.0,16.0,0.0002302383,64.58355,26117.46,30874990.0,68.7686,22.7644
503.0,899.0,1.0,3.0,491.0,5.0,828.0,62.0,436.0,65.0,304.0,51.0,225.0,38.0,2.888909e-05,31.62374,238315.2,8193759.0,81.5877,41.2777
234.0,729.0,1.0,3.0,937.0,64.0,800.0,8.0,646.0,32.0,383.0,86.0,217.0,14.0,9.945496e-05,37.50672,370846.0,25358040.0,100.446,33.8131
259.0,703.0,4.0,7.0,815.0,89.0,550.0,21.0,643.0,98.0,441.0,65.0,624.0,26.0,0.0001820246,36.08958,370846.0,181038800.0,4.97138,5.40051
493.0,887.0,4.0,3.0,497.0,14.0,100.0,32.0,459.0,15.0,548.0,66.0,266.0,67.0,0.0001065228,37.92158,98416.24,8193759.0,115.147,25.9179
473.0,869.0,4.0,3.0,554.0,1.0,813.0,63.0,618.0,66.0,357.0,53.0,312.0,37.0,4.95044e-05,30.15833,63244.55,1785947.0,94.1365,38.8968
466.0,880.0,1.0,2.0,952.0,35.0,570.0,43.0,492.0,57.0,387.0,86.0,997.0,85.0,4.593677e-05,59.33471,40642.28,25358040.0,62.1989,22.9168
331.0,400.0,7.0,3.0,488.0,52.0,127.0,42.0,345.0,44.0,214.0,12.0,281.0,64.0,0.002918185,12.32201,5265528.0,1061540000.0,84.5695,0.0
655.0,762.0,1.0,3.0,902.0,66.0,788.0,10.0,598.0,29.0,439.0,96.0,165.0,3.0,5.324528e-05,43.67598,153147.4,19841090.0,67.0031,30.2432
757.0,881.0,1.0,1.0,979.0,6.0,958.0,57.0,207.0,73.0,136.0,44.0,795.0,18.0,1.867973e-05,53.6624,26117.46,10472090.0,43.1171,7.73996
339.0,856.0,5.0,1.0,961.0,83.0,888.0,26.0,355.0,88.0,306.0,88.0,339.0,16.0,2.955323e-05,49.19834,16783.42,4324649.0,75.785,15.5386
491.0,820.0,1.0,2.0,866.0,31.0,525.0,39.0,552.0,64.0,345.0,20.0,993.0,82.0,7.218843e-05,23.0093,1397391.0,16295760.0,76.2022,52.899
528.0,739.0,8.0,1.0,595.0,69.0,295.0,22.0,357.0,64.0,754.0,83.0,804.0,23.0,0.0002024187,63.95041,16783.42,19841090.0,86.0049,32.8885
695.0,775.0,1.0,1.0,199.0,13.0,618.0,13.0,210.0,40.0,323.0,87.0,960.0,16.0,5.365936e-05,59.06366,40642.28,30874990.0,53.8547,12.5728
470.0,866.0,1.0,2.0,963.0,32.0,524.0,43.0,496.0,61.0,221.0,18.0,997.0,80.0,4.03895e-05,26.44211,898000.8,12750420.0,65.1259,53.6965
466.0,862.0,1.0,1.0,912.0,28.0,515.0,43.0,528.0,59.0,555.0,16.0,981.0,85.0,3.719807e-05,17.42065,898000.8,6729644.0,48.4177,11.6558
923.0,718.0,1.0,1.0,786.0,91.0,932.0,15.0,752.0,27.0,169.0,35.0,601.0,15.0,4.935497e-05,39.76216,153147.4,12750420.0,70.7354,63.693
213.0,736.0,1.0,2.0,930.0,65.0,628.0,15.0,582.0,38.0,351.0,91.0,197.0,18.0,0.0001810186,43.17262,370846.0,61404200.0,99.0078,29.0499
488.0,808.0,1.0,1.0,868.0,31.0,490.0,44.0,552.0,56.0,348.0,83.0,990.0,81.0,0.0001610488,62.32159,63244.55,61404200.0,67.3151,37.3853
854.0,841.0,1.0,1.0,811.0,99.0,870.0,33.0,636.0,14.0,558.0,82.0,674.0,84.0,8.849163e-05,61.50619,26117.46,25358040.0,69.218,24.6178
489.0,911.0,1.0,1.0,569.0,4.0,809.0,53.0,590.0,71.0,332.0,52.0,310.0,28.0,2.025827e-05,50.56903,40642.28,10472090.0,61.7731,14.4675
563.0,727.0,2.0,1.0,612.0,81.0,884.0,72.0,393.0,89.0,342.0,83.0,353.0,21.0,0.0003170676,54.97977,238315.2,116340400.0,93.9604,25.9068
915.0,745.0,1.0,1.0,796.0,94.0,869.0,15.0,719.0,29.0,170.0,34.0,991.0,15.0,4.295394e-05,58.03977,26117.46,19841090.0,58.5673,16.4245
465.0,857.0,4.0,3.0,507.0,85.0,790.0,64.0,618.0,71.0,376.0,47.0,927.0,38.0,5.46821e-05,64.43506,10785.12,12750420.0,82.5791,39.6362
551.0,916.0,1.0,3.0,598.0,8.0,165.0,21.0,186.0,19.0,464.0,65.0,211.0,24.0,2.436901e-05,55.532,26117.46,12750420.0,69.5937,22.9088
770.0,914.0,1.0,3.0,329.0,12.0,749.0,74.0,595.0,18.0,535.0,89.0,127.0,52.0,5.392269e-05,54.58221,40642.28,16295760.0,84.401,29.3873
731.0,719.0,2.0,1.0,794.0,91.0,763.0,21.0,728.0,36.0,164.0,36.0,905.0,25.0,0.0001372466,63.67798,26117.46,39459980.0,76.7226,55.2357
272.0,683.0,6.0,1.0,982.0,82.0,985.0,64.0,174.0,57.0,153.0,38.0,875.0,18.0,0.0003118572,53.99462,63244.55,30874990.0,99.1091,35.3892
608.0,793.0,1.0,1.0,879.0,66.0,775.0,11.0,600.0,45.0,205.0,97.0,155.0,5.0,5.113631e-05,60.32738,26117.46,19841090.0,62.3457,18.2939
697.0,856.0,1.0,2.0,906.0,83.0,823.0,27.0,709.0,18.0,535.0,83.0,954.0,82.0,5.523111e-05,65.40174,16783.42,19841090.0,70.269,32.4401
717.0,821.0,1.0,1.0,902.0,88.0,753.0,28.0,734.0,18.0,592.0,82.0,928.0,79.0,9.902338e-05,67.42014,16783.42,39459980.0,62.2617,22.3207
755.0,729.0,1.0,1.0,433.0,15.0,159.0,63.0,376.0,33.0,137.0,50.0,862.0,41.0,0.0002287824,53.85838,238315.2,74763430.0,82.9807,31.6585
501.0,851.0,2.0,3.0,488.0,74.0,826.0,66.0,592.0,66.0,388.0,49.0,319.0,40.0,6.702832e-05,33.63615,370846.0,16295760.0,105.22,36.5507
887.0,770.0,1.0,1.0,840.0,88.0,940.0,14.0,630.0,44.0,141.0,36.0,964.0,21.0,3.811932e-05,42.44681,153147.4,16295760.0,60.7538,18.6137
739.0,691.0,3.0,1.0,337.0,18.0,892.0,63.0,899.0,28.0,565.0,46.0,829.0,45.0,0.0002517483,43.10769,238315.2,25358040.0,95.8313,25.4877
718.0,829.0,1.0,6.0,536.0,75.0,982.0,55.0,173.0,57.0,209.0,33.0,779.0,18.0,5.294003e-05,57.4058,98416.24,48044980.0,73.5287,26.5855
555.0,896.0,2.0,5.0,273.0,80.0,927.0,79.0,285.0,88.0,325.0,82.0,401.0,18.0,2.745385e-05,59.18687,16783.42,12750420.0,63.0594,23.1507
268.0,860.0,1.0,1.0,385.0,15.0,912.0,15.0,871.0,69.0,110.0,88.0,663.0,23.0,2.296267e-05,55.56687,16783.42,10472090.0,60.2166,17.5633
488.0,906.0,1.0,2.0,602.0,9.0,163.0,27.0,612.0,17.0,502.0,65.0,318.0,67.0,5.509748e-05,59.00158,26117.46,19841090.0,76.3094,34.2485
454.0,899.0,2.0,3.0,479.0,76.0,798.0,65.0,562.0,66.0,390.0,49.0,936.0,38.0,2.505596e-05,63.54859,10785.12,12750420.0,43.0982,8.21171
747.0,607.0,5.0,1.0,440.0,82.0,623.0,22.0,220.0,44.0,352.0,74.0,921.0,22.0,0.0002309586,41.16882,238315.2,25358040.0,115.019,30.8661
696.0,966.0,2.0,2.0,899.0,85.0,761.0,29.0,732.0,18.0,591.0,83.0,967.0,78.0,5.673999e-06,62.9887,1181.114,1397392.0,69.335,15.3772
337.0,791.0,1.0,1.0,376.0,22.0,958.0,26.0,872.0,79.0,162.0,89.0,642.0,29.0,8.901899e-05,60.54022,40642.28,39459980.0,63.8024,41.4122
669.0,331.0,3.0,1.0,407.0,5.0,645.0,12.0,153.0,3.0,396.0,35.0,671.0,47.0,0.0002970581,20.998,577079.0,5265529.0,101.509,29.0775
531.0,906.0,1.0,3.0,603.0,15.0,141.0,40.0,478.0,20.0,542.0,50.0,318.0,66.0,6.29515e-05,61.70888,26117.46,30874990.0,77.9822,31.678
232.0,827.0,5.0,5.0,603.0,83.0,298.0,72.0,412.0,90.0,817.0,80.0,806.0,15.0,0.0001718759,18.10726,898000.8,6729644.0,67.6857,17.9183
493.0,906.0,2.0,3.0,618.0,9.0,142.0,27.0,456.0,19.0,543.0,61.0,318.0,62.0,5.084763e-05,60.01909,10785.12,10472090.0,90.9933,36.7819
268.0,862.0,1.0,1.0,439.0,14.0,894.0,15.0,884.0,69.0,171.0,88.0,649.0,23.0,2.203265e-05,58.24441,16783.42,10472090.0,60.9394,18.4071
235.0,886.0,1.0,1.0,954.0,64.0,652.0,10.0,611.0,44.0,294.0,87.0,193.0,12.0,1.631138e-05,51.39288,26117.46,6729644.0,68.0944,19.0026
924.0,769.0,1.0,1.0,795.0,88.0,898.0,13.0,694.0,27.0,141.0,35.0,994.0,23.0,4.003147e-05,46.58914,63244.55,12750420.0,67.3753,22.0544
347.0,836.0,1.0,1.0,404.0,15.0,975.0,19.0,882.0,69.0,169.0,93.0,608.0,17.0,3.158226e-05,50.0185,63244.55,12750420.0,54.8764,15.4648
836.0,751.0,1.0,1.0,787.0,89.0,755.0,21.0,750.0,34.0,101.0,35.0,891.0,25.0,8.918147e-05,61.08651,40642.28,39459980.0,57.7469,23.9855
695.0,758.0,1.0,1.0,174.0,71.0,619.0,8.0,241.0,41.0,694.0,73.0,856.0,14.0,3.658136e-05,31.02824,577079.0,19841090.0,48.5116,12.0416
527.0,843.0,5.0,5.0,307.0,83.0,333.0,76.0,412.0,89.0,302.0,80.0,718.0,15.0,0.0001218195,15.82376,898000.8,4324649.0,89.0128,21.234
800.0,682.0,1.0,1.0,952.0,92.0,828.0,21.0,186.0,39.0,176.0,37.0,544.0,27.0,8.945904e-05,25.24309,1397391.0,25358040.0,85.6479,39.5095
509.0,891.0,1.0,2.0,907.0,29.0,564.0,38.0,483.0,56.0,272.0,74.0,997.0,81.0,3.449629e-05,59.00043,26117.46,16295760.0,63.4908,19.6998
546.0,887.0,2.0,3.0,602.0,13.0,101.0,24.0,417.0,20.0,519.0,64.0,318.0,68.0,7.785021e-05,59.10624,16783.42,16295760.0,100.905,30.5774
595.0,939.0,1.0,3.0,521.0,8.0,113.0,20.0,172.0,12.0,505.0,42.0,197.0,27.0,1.699203e-05,55.12843,16783.42,10472090.0,65.0186,17.5347
528.0,742.0,5.0,1.0,612.0,76.0,317.0,18.0,432.0,66.0,831.0,83.0,807.0,23.0,0.0001578771,47.68416,98416.24,19841090.0,76.7386,27.8467
797.0,678.0,2.0,1.0,841.0,92.0,828.0,21.0,723.0,38.0,181.0,34.0,895.0,53.0,0.0001399563,35.54819,370846.0,19841090.0,92.4472,58.8269
623.0,770.0,1.0,2.0,903.0,62.0,792.0,8.0,568.0,33.0,371.0,97.0,235.0,4.0,4.259837e-05,61.71387,26117.46,19841090.0,63.1354,21.6051
705.0,829.0,1.0,6.0,977.0,81.0,889.0,58.0,321.0,55.0,208.0,33.0,794.0,18.0,6.005193e-05,60.50366,63244.55,61404200.0,67.2993,27.8628
690.0,780.0,1.0,1.0,195.0,73.0,612.0,4.0,192.0,29.0,379.0,89.0,950.0,19.0,2.800399e-05,35.51385,238315.2,10472090.0,70.939,19.0645
741.0,423.0,1.0,1.0,635.0,14.0,195.0,27.0,137.0,81.0,647.0,39.0,797.0,6.0,9.898212e-05,18.28223,3383769.0,19841090.0,70.7813,25.6798
395.0,886.0,2.0,2.0,509.0,85.0,842.0,66.0,589.0,66.0,381.0,49.0,945.0,38.0,3.189834e-05,63.84036,10785.12,16295760.0,38.897,6.7812
270.0,867.0,4.0,1.0,642.0,70.0,832.0,71.0,282.0,91.0,229.0,95.0,324.0,15.0,5.005861e-05,53.4843,26117.46,10472090.0,51.3911,7.22341
446.0,899.0,1.0,2.0,502.0,75.0,801.0,60.0,591.0,67.0,276.0,49.0,288.0,33.0,3.092292e-05,53.23881,63244.55,19841090.0,56.1106,18.3389
485.0,847.0,1.0,2.0,322.0,41.0,490.0,49.0,540.0,66.0,538.0,86.0,628.0,93.0,9.427593e-05,33.56119,898000.8,30874990.0,74.3684,26.5338
713.0,677.0,2.0,1.0,774.0,94.0,829.0,6.0,747.0,42.0,101.0,31.0,891.0,25.0,8.139749e-05,39.3497,153147.4,12750420.0,84.5876,62.2128
528.0,739.0,7.0,1.0,595.0,67.0,295.0,22.0,357.0,64.0,757.0,83.0,804.0,22.0,0.0002005403,64.3907,16783.42,19841090.0,82.4864,31.6477
479.0,845.0,1.0,2.0,912.0,30.0,523.0,47.0,498.0,59.0,553.0,81.0,993.0,86.0,8.653236e-05,46.36102,238315.2,39459980.0,67.4153,29.2918
272.0,828.0,6.0,1.0,632.0,76.0,823.0,72.0,353.0,89.0,318.0,75.0,336.0,16.0,9.596079e-05,60.25244,16783.42,12750420.0,70.2072,14.2247
592.0,937.0,1.0,3.0,604.0,9.0,110.0,23.0,172.0,20.0,550.0,60.0,209.0,25.0,1.828224e-05,55.69618,26117.46,10472090.0,57.9912,14.851
576.0,866.0,1.0,2.0,484.0,31.0,494.0,46.0,576.0,50.0,343.0,84.0,998.0,83.0,6.639933e-05,61.15773,40642.28,39459980.0,63.2743,31.0397
582.0,241.0,6.0,6.0,523.0,68.0,156.0,24.0,264.0,20.0,951.0,64.0,702.0,50.0,0.001486164,25.95092,2174500.0,438383300.0,4.11368,3.52958
284.0,798.0,1.0,1.0,366.0,20.0,934.0,19.0,882.0,75.0,160.0,93.0,645.0,32.0,7.645367e-05,58.41689,40642.28,25358040.0,67.5032,45.3987
520.0,798.0,2.0,5.0,640.0,77.0,848.0,71.0,443.0,87.0,323.0,82.0,335.0,15.0,0.0001396361,60.82169,63244.55,181038800.0,37.8216,13.0071
704.0,424.0,1.0,1.0,984.0,9.0,208.0,66.0,178.0,73.0,611.0,44.0,829.0,3.0,6.815358e-05,24.17345,1397391.0,16295760.0,68.0035,19.9389
342.0,797.0,1.0,4.0,788.0,19.0,971.0,16.0,878.0,81.0,386.0,93.0,556.0,31.0,5.711327e-05,37.39179,238315.2,16295760.0,87.9419,44.6358
245.0,849.0,4.0,5.0,588.0,80.0,874.0,73.0,414.0,92.0,819.0,89.0,810.0,18.0,5.626116e-05,49.14686,63244.55,12750420.0,79.1897,24.1806
627.0,809.0,1.0,2.0,900.0,61.0,849.0,10.0,582.0,40.0,379.0,96.0,217.0,6.0,3.337113e-05,58.13977,26117.46,16295760.0,65.5018,22.0499
503.0,852.0,2.0,3.0,479.0,81.0,781.0,65.0,592.0,66.0,386.0,49.0,942.0,38.0,6.04622e-05,64.59405,16783.42,25358040.0,68.553,33.7605
493.0,887.0,4.0,3.0,599.0,15.0,113.0,33.0,462.0,15.0,530.0,66.0,190.0,69.0,0.0001216042,59.20365,10785.12,12750420.0,117.375,22.3523
584.0,873.0,1.0,2.0,949.0,30.0,551.0,49.0,507.0,59.0,477.0,86.0,993.0,84.0,5.480195e-05,59.32436,40642.28,25358040.0,60.5264,22.8318
867.0,771.0,1.0,1.0,731.0,91.0,887.0,10.0,591.0,43.0,139.0,36.0,895.0,19.0,3.618706e-05,41.98111,153147.4,16295760.0,62.2406,18.3302
701.0,836.0,2.0,2.0,901.0,79.0,823.0,28.0,719.0,18.0,525.0,83.0,971.0,83.0,7.776498e-05,66.88431,6930.448,16295760.0,87.9342,41.879
396.0,787.0,1.0,1.0,453.0,28.0,987.0,16.0,870.0,72.0,184.0,86.0,602.0,13.0,4.980072e-05,58.75017,40642.28,25358040.0,53.9714,17.3158
524.0,876.0,5.0,5.0,279.0,83.0,845.0,26.0,368.0,94.0,288.0,89.0,346.0,23.0,2.37002e-05,41.06687,26117.46,2779135.0,101.055,35.0727
470.0,921.0,1.0,2.0,964.0,30.0,585.0,34.0,492.0,57.0,338.0,74.0,997.0,97.0,1.896482e-05,52.79986,26117.46,10472090.0,63.2398,16.9697
379.0,794.0,1.0,1.0,452.0,30.0,978.0,24.0,872.0,78.0,184.0,89.0,638.0,25.0,7.543615e-05,61.55651,40642.28,30874990.0,60.4001,29.5835
789.0,390.0,6.0,3.0,228.0,14.0,612.0,12.0,169.0,3.0,382.0,79.0,691.0,48.0,0.0005929743,34.20798,153147.4,12750420.0,53.7332,15.3908
799.0,451.0,2.0,1.0,746.0,76.0,994.0,21.0,776.0,41.0,175.0,37.0,934.0,21.0,0.0002012145,41.0093,370846.0,30874990.0,96.6285,58.5176
660.0,685.0,1.0,3.0,989.0,63.0,837.0,9.0,540.0,36.0,387.0,87.0,272.0,4.0,8.950961e-05,63.74059,40642.28,48044980.0,81.698,28.9235
483.0,713.0,3.0,3.0,117.0,9.0,252.0,23.0,146.0,14.0,583.0,27.0,963.0,30.0,0.0003013827,55.04025,98416.24,281716800.0,77.1124,27.7052
671.0,650.0,3.0,1.0,430.0,70.0,225.0,7.0,222.0,1.0,763.0,29.0,943.0,92.0,0.0005783162,53.49379,98416.24,48044980.0,111.256,21.6553
770.0,956.0,1.0,3.0,276.0,67.0,860.0,61.0,646.0,14.0,720.0,49.0,106.0,45.0,1.546421e-05,48.03404,26117.46,6729644.0,75.4215,24.7381
705.0,632.0,2.0,1.0,796.0,87.0,742.0,14.0,757.0,27.0,187.0,34.0,855.0,21.0,0.0002069313,64.85878,26117.46,48044980.0,89.1438,54.4177
487.0,854.0,1.0,2.0,936.0,25.0,584.0,48.0,478.0,57.0,380.0,82.0,989.0,84.0,7.572082e-05,59.75495,40642.28,30874990.0,71.454,36.1136
609.0,270.0,1.0,6.0,540.0,12.0,183.0,67.0,215.0,71.0,641.0,37.0,805.0,14.0,0.0003045286,16.10922,5265528.0,48044980.0,11.2884,4.41115
670.0,263.0,1.0,2.0,368.0,98.0,404.0,82.0,132.0,24.0,826.0,86.0,722.0,6.0,0.001268072,18.15124,19841090.0,148689600.0,22.244,14.6815
493.0,887.0,4.0,3.0,599.0,15.0,113.0,33.0,481.0,23.0,585.0,66.0,174.0,71.0,0.0001041035,53.18564,26117.46,10472090.0,117.643,27.2401
757.0,913.0,2.0,7.0,206.0,68.0,115.0,74.0,603.0,13.0,539.0,89.0,113.0,51.0,0.0001206032,25.40761,577079.0,12750420.0,43.9942,10.6782
493.0,905.0,1.0,3.0,591.0,12.0,105.0,22.0,612.0,23.0,542.0,50.0,325.0,27.0,3.571524e-05,31.75056,370846.0,10472090.0,54.5576,16.1508
653.0,737.0,1.0,3.0,941.0,65.0,788.0,10.0,597.0,35.0,425.0,84.0,165.0,4.0,7.415518e-05,60.75833,40642.28,39459980.0,80.0226,33.633
730.0,747.0,1.0,1.0,193.0,11.0,597.0,8.0,203.0,43.0,685.0,73.0,856.0,16.0,3.755179e-05,27.23803,898000.8,12750420.0,61.4619,16.9834
726.0,691.0,1.0,1.0,372.0,64.0,523.0,74.0,588.0,14.0,525.0,47.0,137.0,44.0,0.0008136372,35.87396,3383769.0,231377800.0,60.5814,17.1205
881.0,746.0,1.0,1.0,786.0,88.0,869.0,20.0,638.0,41.0,131.0,34.0,963.0,21.0,5.81395e-05,47.45927,153147.4,25358040.0,58.8833,19.3513
393.0,857.0,3.0,3.0,738.0,86.0,804.0,64.0,601.0,78.0,316.0,50.0,920.0,38.0,5.483985e-05,63.9021,10785.12,16295760.0,77.5291,41.1746
924.0,344.0,6.0,7.0,643.0,71.0,358.0,75.0,990.0,81.0,897.0,67.0,496.0,90.0,4.635766e-05,4.424215,153147.4,153148.4,134.925,29.4384
261.0,858.0,5.0,5.0,899.0,83.0,885.0,73.0,287.0,94.0,323.0,90.0,370.0,15.0,5.459538e-05,59.93462,10785.12,12750420.0,115.296,25.8366
520.0,834.0,1.0,1.0,627.0,76.0,885.0,76.0,315.0,85.0,309.0,75.0,344.0,16.0,8.376101e-05,60.47221,63244.55,61404200.0,31.6206,7.94776
490.0,902.0,1.0,3.0,570.0,10.0,147.0,19.0,579.0,17.0,539.0,60.0,375.0,58.0,4.395444e-05,62.44969,16783.42,16295760.0,78.7726,36.8087
745.0,735.0,2.0,1.0,198.0,77.0,629.0,24.0,221.0,43.0,321.0,85.0,924.0,22.0,0.0001333745,58.3991,63244.55,48044980.0,70.8148,27.1003
880.0,771.0,1.0,1.0,764.0,83.0,911.0,11.0,589.0,42.0,140.0,37.0,901.0,17.0,3.546788e-05,45.18122,98416.24,16295760.0,60.8914,16.9262
330.0,279.0,3.0,6.0,386.0,79.0,536.0,61.0,458.0,9.0,366.0,5.0,516.0,87.0,0.002448216,-9.169414,-10.0,-10.0,0.0,0.0
370.0,973.0,1.0,2.0,379.0,59.0,404.0,73.0,922.0,11.0,689.0,28.0,197.0,39.0,1.355625e-05,39.95969,98416.24,8193759.0,40.9169,8.15103
790.0,559.0,7.0,1.0,191.0,14.0,662.0,12.0,200.0,1.0,742.0,82.0,853.0,47.0,0.0005159249,32.56484,153147.4,5265529.0,104.242,29.8517
721.0,758.0,2.0,1.0,424.0,75.0,491.0,8.0,251.0,44.0,709.0,26.0,957.0,18.0,3.182226e-05,20.84371,577079.0,6729644.0,59.1611,12.0689
742.0,873.0,1.0,6.0,965.0,8.0,944.0,58.0,461.0,52.0,250.0,33.0,760.0,13.0,2.233064e-05,45.58421,98416.24,10472090.0,47.8093,14.5829
208.0,340.0,4.0,1.0,637.0,5.0,212.0,33.0,749.0,46.0,333.0,66.0,919.0,26.0,0.0009902285,48.4278,98416.24,19841090.0,108.012,21.1285
229.0,798.0,2.0,1.0,594.0,82.0,915.0,16.0,842.0,82.0,386.0,93.0,705.0,31.0,5.405086e-05,40.03917,153147.4,10472090.0,72.4335,37.2263
493.0,887.0,3.0,2.0,124.0,13.0,198.0,22.0,140.0,21.0,553.0,66.0,888.0,26.0,2.906896e-05,20.68551,370846.0,4324649.0,41.0415,5.51667
791.0,701.0,1.0,1.0,381.0,9.0,506.0,69.0,925.0,12.0,557.0,47.0,819.0,40.0,0.0001975892,63.5754,40642.28,39459980.0,76.6599,27.337
739.0,846.0,1.0,6.0,536.0,86.0,952.0,49.0,173.0,56.0,168.0,33.0,779.0,18.0,3.82593e-05,58.34934,63244.55,30874990.0,63.6269,31.9312
273.0,807.0,1.0,5.0,820.0,91.0,963.0,98.0,248.0,27.0,772.0,82.0,422.0,23.0,0.0001561048,37.7977,898000.8,116340400.0,33.3744,15.1207
354.0,808.0,1.0,1.0,190.0,16.0,972.0,16.0,877.0,74.0,362.0,96.0,557.0,24.0,4.904551e-05,42.37495,153147.4,16295760.0,63.8689,28.6342
254.0,516.0,6.0,2.0,836.0,40.0,249.0,22.0,167.0,33.0,561.0,22.0,389.0,50.0,0.0008610616,8.135094,3383769.0,6729644.0,82.1103,25.5616
384.0,794.0,1.0,1.0,452.0,30.0,964.0,24.0,872.0,78.0,184.0,89.0,638.0,25.0,7.591028e-05,61.58927,40642.28,30874990.0,60.2403,29.4406
526.0,737.0,8.0,1.0,642.0,71.0,323.0,22.0,362.0,56.0,797.0,96.0,825.0,23.0,0.0001985744,63.70506,16783.42,16295760.0,86.1262,31.4492
697.0,854.0,1.0,2.0,752.0,85.0,761.0,27.0,772.0,17.0,591.0,83.0,967.0,76.0,5.618583e-05,60.3237,26117.46,19841090.0,66.5814,27.436
520.0,739.0,5.0,1.0,632.0,66.0,317.0,24.0,341.0,68.0,309.0,75.0,352.0,16.0,0.0002411395,60.28663,40642.28,30874990.0,103.848,33.1712
672.0,871.0,2.0,3.0,261.0,9.0,518.0,66.0,262.0,20.0,340.0,9.0,188.0,26.0,4.749295e-05,20.188,898000.8,6729644.0,92.827,41.5714
653.0,736.0,1.0,3.0,926.0,66.0,572.0,15.0,636.0,38.0,371.0,88.0,217.0,10.0,0.0001507985,62.7682,63244.55,116340400.0,88.2087,25.0948
328.0,843.0,1.0,1.0,372.0,24.0,935.0,19.0,879.0,76.0,147.0,93.0,610.0,29.0,3.882132e-05,58.30096,26117.46,16295760.0,61.9742,22.8326
428.0,870.0,4.0,3.0,555.0,90.0,768.0,64.0,580.0,71.0,375.0,49.0,970.0,39.0,4.429696e-05,64.2511,6930.448,10472090.0,72.5345,25.9305
559.0,853.0,3.0,3.0,494.0,81.0,816.0,64.0,716.0,68.0,389.0,47.0,925.0,38.0,5.719652e-05,65.3139,10785.12,16295760.0,78.4244,39.7963
631.0,752.0,1.0,3.0,925.0,67.0,829.0,9.0,602.0,44.0,178.0,89.0,198.0,8.0,8.252735e-05,57.02195,40642.28,30874990.0,90.8443,47.5035
680.0,829.0,1.0,6.0,990.0,87.0,956.0,49.0,396.0,56.0,251.0,33.0,834.0,16.0,4.895683e-05,62.10959,40642.28,39459980.0,59.9331,30.6125
726.0,680.0,2.0,1.0,158.0,13.0,606.0,14.0,221.0,42.0,284.0,85.0,960.0,25.0,0.0001371285,40.01614,370846.0,30874990.0,91.4525,32.174
554.0,862.0,1.0,3.0,626.0,14.0,113.0,15.0,224.0,19.0,545.0,65.0,211.0,24.0,6.288124e-05,54.33067,63244.55,30874990.0,84.6531,31.2528
505.0,907.0,1.0,2.0,951.0,35.0,477.0,44.0,526.0,43.0,257.0,80.0,997.0,95.0,3.24755e-05,55.6513,40642.28,16295760.0,59.5175,16.8057
276.0,711.0,4.0,1.0,949.0,69.0,295.0,23.0,348.0,60.0,754.0,91.0,897.0,23.0,0.0002834062,41.89257,370846.0,30874990.0,79.8915,28.6244
718.0,678.0,1.0,1.0,794.0,94.0,865.0,12.0,732.0,43.0,103.0,33.0,908.0,27.0,0.0001339452,47.11003,238315.2,48044980.0,71.8197,58.136
572.0,862.0,1.0,2.0,493.0,41.0,493.0,50.0,624.0,59.0,399.0,83.0,966.0,80.0,7.345512e-05,64.3229,40642.28,39459980.0,58.5659,29.3951
526.0,678.0,6.0,4.0,626.0,78.0,904.0,75.0,320.0,88.0,306.0,85.0,800.0,18.0,0.0003851113,28.8212,898000.8,281716800.0,18.6175,8.77287
519.0,851.0,1.0,2.0,374.0,29.0,526.0,43.0,524.0,59.0,549.0,18.0,967.0,82.0,4.489414e-05,18.63213,1397391.0,10472090.0,59.3471,37.6371
631.0,774.0,1.0,3.0,826.0,99.0,870.0,33.0,605.0,12.0,566.0,67.0,953.0,84.0,0.0001936829,57.98357,98416.24,148689600.0,71.0343,16.2776
502.0,844.0,1.0,2.0,879.0,41.0,481.0,48.0,538.0,59.0,345.0,86.0,957.0,86.0,0.0001028775,63.14448,40642.28,48044980.0,71.2863,35.4963
870.0,380.0,4.0,6.0,206.0,68.0,177.0,93.0,308.0,50.0,514.0,74.0,101.0,87.0,0.000306505,1.766833,2174500.0,1147697.0,62.3459,15.171
473.0,911.0,1.0,2.0,555.0,67.0,892.0,60.0,618.0,70.0,338.0,48.0,310.0,29.0,2.080756e-05,52.22193,40642.28,16295760.0,49.0554,12.6139
431.0,844.0,1.0,2.0,887.0,39.0,524.0,43.0,498.0,59.0,321.0,23.0,952.0,86.0,5.907474e-05,25.29485,898000.8,16295760.0,71.9953,52.128
723.0,961.0,1.0,2.0,257.0,65.0,506.0,73.0,577.0,4.0,562.0,45.0,126.0,46.0,2.701695e-05,32.1446,153147.4,5265529.0,65.1046,16.1964
753.0,679.0,3.0,1.0,388.0,32.0,878.0,70.0,915.0,32.0,536.0,50.0,828.0,44.0,0.0003105796,52.3154,98416.24,39459980.0,99.3475,24.5585
537.0,842.0,1.0,2.0,380.0,30.0,500.0,40.0,531.0,59.0,311.0,19.0,989.0,84.0,5.599726e-05,23.95729,1397391.0,16295760.0,70.4507,51.3512
364.0,982.0,1.0,2.0,288.0,67.0,564.0,73.0,548.0,7.0,692.0,44.0,127.0,39.0,1.332777e-05,57.57628,10785.12,6729644.0,63.7804,14.8953
680.0,732.0,2.0,3.0,522.0,55.0,752.0,25.0,949.0,18.0,810.0,35.0,465.0,92.0,0.0001610267,24.01674,898000.8,10472090.0,54.1999,17.5652
707.0,634.0,1.0,1.0,746.0,50.0,742.0,21.0,734.0,40.0,109.0,38.0,890.0,25.0,0.0002408285,61.03755,98416.24,95551890.0,78.104,54.4304
787.0,210.0,3.0,1.0,906.0,33.0,740.0,63.0,492.0,82.0,279.0,14.0,552.0,1.0,9.717646e-05,36.33031,370846.0,19841090.0,67.2773,15.3079
722.0,626.0,6.0,1.0,437.0,13.0,624.0,22.0,220.0,43.0,323.0,83.0,914.0,20.0,0.0001512616,36.69896,153147.4,8193759.0,99.5323,30.8989
774.0,427.0,6.0,1.0,504.0,17.0,986.0,71.0,160.0,53.0,612.0,30.0,876.0,19.0,9.464356e-05,12.47939,577079.0,2174501.0,102.541,26.1078
730.0,960.0,1.0,4.0,371.0,68.0,514.0,71.0,954.0,14.0,538.0,45.0,102.0,51.0,2.428956e-05,54.33307,26117.46,10472090.0,75.5623,36.9145
758.0,650.0,2.0,1.0,796.0,87.0,948.0,14.0,787.0,25.0,187.0,35.0,890.0,21.0,0.00015636,64.99214,26117.46,30874990.0,85.4844,58.0633
351.0,858.0,1.0,2.0,371.0,15.0,935.0,24.0,868.0,74.0,159.0,94.0,651.0,31.0,3.333895e-05,59.67204,16783.42,12750420.0,64.3125,29.6601
453.0,899.0,1.0,2.0,505.0,5.0,769.0,60.0,433.0,65.0,255.0,48.0,349.0,37.0,3.027982e-05,46.45889,98416.24,12750420.0,70.7732,23.0064
320.0,658.0,2.0,2.0,602.0,78.0,326.0,85.0,382.0,97.0,862.0,86.0,812.0,50.0,0.001300594,54.24892,577079.0,438383300.0,16.3874,8.13123
707.0,616.0,4.0,1.0,181.0,12.0,638.0,8.0,144.0,3.0,386.0,82.0,961.0,60.0,0.00042067,58.72066,16783.42,16295760.0,104.905,29.4486
492.0,902.0,1.0,2.0,974.0,29.0,564.0,45.0,498.0,56.0,333.0,94.0,992.0,83.0,3.107207e-05,61.52348,16783.42,16295760.0,57.9996,16.2948
765.0,809.0,7.0,9.0,179.0,53.0,763.0,16.0,918.0,10.0,395.0,89.0,788.0,45.0,7.69655e-05,23.37319,98416.24,1397392.0,30.0645,10.0631
571.0,615.0,8.0,3.0,617.0,64.0,326.0,87.0,382.0,93.0,873.0,15.0,849.0,51.0,0.0008313026,13.62468,2174500.0,8193759.0,21.6602,10.1483
789.0,352.0,4.0,2.0,163.0,14.0,649.0,34.0,169.0,4.0,382.0,82.0,690.0,39.0,0.0008297548,38.0474,370846.0,438383300.0,35.3669,15.2806
664.0,899.0,2.0,1.0,898.0,87.0,823.0,27.0,733.0,17.0,604.0,83.0,967.0,75.0,2.343686e-05,65.90457,2861.474,5265529.0,71.2418,16.397
726.0,624.0,2.0,1.0,202.0,13.0,579.0,8.0,247.0,42.0,312.0,86.0,690.0,24.0,0.0001129563,29.09162,577079.0,16295760.0,97.7097,30.4538
417.0,711.0,1.0,1.0,142.0,14.0,914.0,22.0,147.0,51.0,410.0,28.0,948.0,26.0,8.320448e-05,17.58261,3383769.0,25358040.0,68.2863,33.0103
433.0,797.0,1.0,3.0,788.0,18.0,950.0,16.0,878.0,88.0,386.0,93.0,531.0,26.0,5.486715e-05,39.13133,238315.2,16295760.0,79.6258,47.9044
701.0,830.0,2.0,2.0,899.0,86.0,867.0,28.0,709.0,18.0,540.0,83.0,969.0,48.0,5.895618e-05,35.8497,153147.4,8193759.0,79.1195,36.798
474.0,868.0,4.0,3.0,509.0,90.0,804.0,65.0,573.0,75.0,373.0,49.0,925.0,37.0,4.451517e-05,63.9103,6930.448,10472090.0,73.5661,28.6333
494.0,800.0,1.0,2.0,912.0,33.0,491.0,43.0,586.0,65.0,349.0,92.0,989.0,87.0,0.000182177,62.42161,63244.55,74763430.0,85.7528,30.9979
874.0,786.0,1.0,1.0,827.0,92.0,877.0,9.0,577.0,43.0,140.0,36.0,962.0,20.0,2.952845e-05,41.71166,153147.4,12750420.0,62.2137,17.7795
610.0,911.0,4.0,7.0,275.0,23.0,536.0,94.0,187.0,43.0,361.0,5.0,170.0,30.0,2.599111e-05,7.437088,370846.0,737540.9,122.827,29.5982
720.0,746.0,1.0,1.0,222.0,74.0,502.0,3.0,269.0,40.0,398.0,87.0,957.0,12.0,3.040268e-05,39.06726,238315.2,16295760.0,63.1148,15.828
448.0,900.0,1.0,2.0,448.0,6.0,802.0,59.0,586.0,65.0,273.0,48.0,300.0,36.0,3.026648e-05,48.93875,63244.55,12750420.0,69.5245,25.1111
633.0,836.0,1.0,4.0,921.0,99.0,823.0,35.0,532.0,53.0,472.0,70.0,556.0,82.0,5.653949e-05,28.2474,577079.0,12750420.0,94.589,26.8866
710.0,760.0,2.0,1.0,117.0,76.0,749.0,9.0,245.0,3.0,725.0,75.0,923.0,31.0,8.30228e-05,22.24466,577079.0,6729644.0,80.8607,29.6736
584.0,849.0,1.0,2.0,972.0,27.0,478.0,47.0,488.0,57.0,398.0,81.0,993.0,84.0,8.773392e-05,61.33069,40642.28,39459980.0,70.7837,34.2437
776.0,877.0,1.0,6.0,949.0,12.0,941.0,56.0,305.0,51.0,227.0,26.0,657.0,17.0,2.182896e-05,55.37332,26117.46,12750420.0,60.554,25.0953
698.0,856.0,1.0,6.0,918.0,10.0,981.0,56.0,369.0,58.0,247.0,33.0,794.0,17.0,3.295262e-05,58.76771,26117.46,16295760.0,65.5864,34.1
503.0,884.0,1.0,3.0,507.0,84.0,789.0,59.0,592.0,65.0,261.0,48.0,294.0,38.0,4.200093e-05,45.31508,153147.4,25358040.0,71.3888,47.8155
466.0,880.0,1.0,2.0,952.0,36.0,563.0,43.0,493.0,57.0,344.0,84.0,997.0,84.0,4.630812e-05,60.39694,26117.46,25358040.0,62.5037,23.4937
788.0,245.0,1.0,1.0,492.0,3.0,999.0,63.0,237.0,61.0,579.0,44.0,808.0,1.0,2.111159e-05,26.42679,370846.0,6729644.0,73.3909,18.9654
695.0,747.0,2.0,1.0,240.0,3.0,516.0,9.0,237.0,42.0,327.0,90.0,917.0,18.0,5.949378e-05,42.42305,98416.24,10472090.0,81.7948,26.8137
524.0,856.0,5.0,1.0,611.0,74.0,901.0,75.0,293.0,88.0,933.0,83.0,801.0,15.0,4.631124e-05,64.51182,6930.448,16295760.0,0.0,0.0
647.0,333.0,4.0,5.0,393.0,34.0,313.0,73.0,164.0,49.0,394.0,20.0,270.0,33.0,0.0006939063,7.17415,5265528.0,10472090.0,1.30889,1.57896
443.0,939.0,1.0,3.0,605.0,6.0,117.0,23.0,171.0,23.0,540.0,47.0,202.0,27.0,1.772566e-05,50.87128,40642.28,10472090.0,63.0764,17.1999
622.0,809.0,1.0,3.0,900.0,60.0,883.0,9.0,533.0,36.0,372.0,94.0,267.0,4.0,2.400282e-05,61.64227,16783.42,12750420.0,59.3537,18.4519
735.0,805.0,1.0,5.0,556.0,20.0,986.0,64.0,180.0,74.0,184.0,28.0,853.0,15.0,6.613302e-05,42.8736,370846.0,39459980.0,74.7915,27.4763
701.0,637.0,2.0,1.0,840.0,92.0,831.0,21.0,709.0,42.0,152.0,37.0,892.0,54.0,0.0002513858,39.11194,577079.0,39459980.0,102.971,51.9884
444.0,346.0,8.0,3.0,643.0,32.0,538.0,35.0,810.0,63.0,332.0,29.0,676.0,90.0,0.0009537694,20.08815,898000.8,231377800.0,10.684,7.76832
559.0,913.0,1.0,3.0,633.0,12.0,122.0,23.0,118.0,11.0,525.0,54.0,216.0,24.0,3.140357e-05,53.51201,40642.28,16295760.0,64.7628,22.1756
720.0,912.0,1.0,3.0,369.0,69.0,522.0,73.0,919.0,14.0,716.0,45.0,101.0,45.0,5.975638e-05,54.68011,63244.55,25358040.0,77.8304,32.1363
503.0,690.0,8.0,1.0,640.0,82.0,295.0,15.0,362.0,61.0,754.0,96.0,279.0,16.0,0.0002439941,34.00201,370846.0,12750420.0,120.221,24.564
647.0,751.0,1.0,3.0,931.0,73.0,836.0,5.0,602.0,47.0,178.0,90.0,151.0,3.0,4.354086e-05,56.59656,26117.46,16295760.0,78.1633,51.75
674.0,791.0,1.0,6.0,530.0,12.0,209.0,65.0,179.0,74.0,647.0,39.0,744.0,15.0,0.0001462087,37.37372,898000.8,61404200.0,64.1773,21.1754
502.0,900.0,1.0,2.0,748.0,1.0,850.0,63.0,434.0,65.0,250.0,48.0,310.0,38.0,2.850139e-05,34.8408,98416.24,5265529.0,82.2707,30.3285
738.0,818.0,1.0,6.0,946.0,83.0,993.0,55.0,323.0,76.0,243.0,39.0,774.0,16.0,5.990395e-05,61.3944,63244.55,61404200.0,65.7844,26.0874
494.0,701.0,6.0,4.0,142.0,15.0,843.0,23.0,146.0,20.0,410.0,28.0,992.0,30.0,0.0001260427,26.5627,577079.0,19841090.0,70.0638,21.5666
583.0,841.0,1.0,2.0,509.0,31.0,494.0,47.0,625.0,59.0,390.0,83.0,993.0,80.0,9.949142e-05,64.05314,40642.28,48044980.0,67.7477,32.6689
701.0,836.0,2.0,2.0,901.0,86.0,823.0,28.0,719.0,18.0,525.0,83.0,971.0,82.0,7.726743e-05,67.02162,6930.448,16295760.0,87.4954,41.6182
530.0,717.0,4.0,5.0,634.0,82.0,289.0,24.0,357.0,99.0,790.0,96.0,793.0,34.0,0.0002606693,35.1923,577079.0,181038800.0,9.61483,5.79853
748.0,424.0,1.0,1.0,984.0,8.0,201.0,66.0,178.0,73.0,611.0,32.0,768.0,3.0,3.885171e-05,17.54607,1397391.0,8193759.0,72.7125,20.9635
480.0,850.0,4.0,3.0,505.0,79.0,801.0,63.0,618.0,74.0,372.0,52.0,843.0,37.0,6.156056e-05,64.17678,10785.12,12750420.0,91.0024,39.2776
359.0,935.0,1.0,4.0,178.0,1.0,399.0,62.0,602.0,41.0,530.0,65.0,100.0,58.0,3.113097e-05,39.04968,153147.4,10472090.0,91.1504,31.4277
752.0,955.0,1.0,1.0,355.0,25.0,560.0,75.0,629.0,32.0,692.0,44.0,127.0,43.0,1.507426e-05,47.70812,40642.28,8193759.0,58.9663,13.2831
619.0,757.0,1.0,3.0,989.0,64.0,824.0,10.0,540.0,36.0,385.0,88.0,272.0,4.0,4.928666e-05,55.17615,63244.55,25358040.0,65.959,32.3373
732.0,919.0,1.0,1.0,903.0,87.0,759.0,26.0,735.0,18.0,605.0,83.0,971.0,75.0,1.540186e-05,63.70654,6930.448,6729644.0,58.0136,13.4995
493.0,946.0,5.0,3.0,599.0,15.0,817.0,33.0,481.0,9.0,401.0,66.0,177.0,68.0,2.251262e-05,50.2157,2861.474,898001.8,90.6471,58.7419
696.0,860.0,2.0,1.0,890.0,81.0,855.0,28.0,537.0,51.0,465.0,68.0,971.0,47.0,3.160396e-05,49.94169,40642.28,10472090.0,64.6615,14.2201
730.0,962.0,1.0,4.0,378.0,68.0,522.0,73.0,919.0,14.0,721.0,45.0,102.0,50.0,2.088355e-05,52.88288,26117.46,10472090.0,72.9813,29.0752
540.0,902.0,1.0,3.0,618.0,8.0,165.0,21.0,186.0,19.0,521.0,49.0,216.0,25.0,2.972516e-05,51.57636,40642.28,16295760.0,73.7129,35.0914
320.0,637.0,1.0,1.0,788.0,96.0,998.0,30.0,375.0,42.0,212.0,44.0,934.0,71.0,0.0003109741,32.74271,2174500.0,95551890.0,98.7725,30.3512
462.0,840.0,1.0,2.0,494.0,41.0,494.0,45.0,625.0,61.0,399.0,83.0,962.0,80.0,0.0001014406,63.89023,40642.28,61404200.0,67.1782,32.4522
754.0,947.0,1.0,4.0,336.0,68.0,401.0,61.0,575.0,42.0,723.0,64.0,110.0,58.0,2.064505e-05,39.73047,153147.4,10472090.0,74.4822,28.7673
709.0,635.0,1.0,1.0,783.0,92.0,736.0,20.0,172.0,34.0,101.0,16.0,903.0,21.0,0.0001522212,32.34775,2174500.0,61404200.0,75.9848,37.7982
531.0,889.0,1.0,3.0,626.0,22.0,164.0,20.0,282.0,19.0,536.0,65.0,219.0,24.0,4.293868e-05,59.42661,26117.46,25358040.0,71.2952,31.6539
767.0,911.0,1.0,3.0,365.0,69.0,456.0,68.0,609.0,14.0,535.0,47.0,159.0,39.0,5.366072e-05,61.6496,26117.46,30874990.0,69.4873,28.6309
490.0,813.0,1.0,1.0,520.0,39.0,478.0,44.0,587.0,60.0,533.0,87.0,940.0,80.0,0.0001489663,61.13581,98416.24,74763430.0,55.3788,23.3448
332.0,806.0,1.0,1.0,578.0,84.0,963.0,19.0,894.0,82.0,108.0,98.0,610.0,25.0,6.217423e-05,58.81141,40642.28,25358040.0,57.4609,24.4339
543.0,948.0,1.0,1.0,653.0,12.0,114.0,33.0,452.0,18.0,529.0,54.0,226.0,24.0,1.839302e-05,26.28392,238315.2,5265529.0,31.2184,5.76279
698.0,840.0,2.0,2.0,922.0,99.0,823.0,29.0,537.0,54.0,465.0,83.0,944.0,83.0,5.093404e-05,35.47959,153147.4,8193759.0,85.6473,47.4029
277.0,871.0,1.0,1.0,889.0,65.0,714.0,14.0,535.0,41.0,178.0,89.0,109.0,18.0,3.781393e-05,48.95073,40642.28,10472090.0,78.8201,51.1194
469.0,850.0,1.0,3.0,498.0,11.0,772.0,95.0,715.0,68.0,529.0,58.0,348.0,1.0,6.106e-05,1.259307,2174500.0,737540.9,-69.4647,-11.7497
726.0,955.0,1.0,3.0,383.0,67.0,536.0,67.0,609.0,12.0,683.0,77.0,165.0,42.0,2.112151e-05,46.27195,63244.55,8193759.0,59.2763,15.5835
517.0,899.0,1.0,1.0,413.0,4.0,790.0,59.0,434.0,65.0,261.0,48.0,341.0,38.0,2.890914e-05,40.49743,153147.4,12750420.0,67.1576,16.7779
494.0,800.0,1.0,2.0,411.0,34.0,489.0,44.0,534.0,63.0,349.0,92.0,989.0,87.0,0.0001857774,62.80236,98416.24,116340400.0,82.4638,23.704
362.0,970.0,1.0,2.0,338.0,63.0,414.0,73.0,605.0,10.0,435.0,39.0,114.0,52.0,2.328429e-05,55.76993,26117.46,10472090.0,71.4042,20.124
751.0,424.0,1.0,6.0,528.0,12.0,208.0,65.0,179.0,73.0,639.0,39.0,798.0,3.0,0.0001008433,27.65626,1397391.0,30874990.0,48.9442,13.1257
543.0,716.0,5.0,1.0,647.0,82.0,890.0,22.0,362.0,92.0,307.0,90.0,804.0,14.0,0.0001126051,61.64788,16783.42,16295760.0,80.7448,32.2387
210.0,821.0,1.0,2.0,836.0,30.0,427.0,59.0,545.0,66.0,275.0,19.0,635.0,87.0,0.0001376518,23.0405,2174500.0,30874990.0,89.7874,45.0404
722.0,634.0,1.0,1.0,747.0,53.0,738.0,21.0,735.0,45.0,169.0,37.0,929.0,27.0,0.0002144332,49.07398,370846.0,74763430.0,75.9083,54.5268
799.0,707.0,1.0,1.0,952.0,92.0,830.0,19.0,186.0,34.0,100.0,36.0,935.0,54.0,0.0001020429,28.73981,1397391.0,30874990.0,86.8158,49.8891
633.0,744.0,1.0,3.0,926.0,63.0,824.0,13.0,640.0,40.0,149.0,88.0,198.0,10.0,0.0001256791,60.25649,40642.28,48044980.0,99.3286,43.4422
378.0,810.0,1.0,1.0,358.0,10.0,943.0,19.0,881.0,72.0,146.0,91.0,626.0,29.0,6.24298e-05,58.74347,26117.46,19841090.0,67.7573,33.5077
371.0,993.0,1.0,2.0,811.0,89.0,699.0,22.0,348.0,83.0,985.0,45.0,839.0,51.0,1.95842e-06,39.71252,16783.42,1397392.0,49.8996,10.8854
268.0,856.0,1.0,1.0,328.0,14.0,934.0,15.0,945.0,68.0,180.0,89.0,663.0,22.0,2.324246e-05,58.6325,16783.42,10472090.0,59.7955,18.5592
495.0,800.0,1.0,1.0,874.0,34.0,512.0,48.0,521.0,68.0,360.0,73.0,990.0,87.0,0.0001774325,50.19246,238315.2,61404200.0,68.676,40.072
727.0,944.0,1.0,3.0,272.0,15.0,332.0,63.0,599.0,13.0,728.0,82.0,166.0,58.0,3.606455e-05,56.67334,26117.46,12750420.0,68.9292,24.5126
928.0,646.0,1.0,3.0,890.0,12.0,446.0,20.0,707.0,54.0,813.0,19.0,618.0,73.0,4.576587e-06,-8.846031,-10.0,-10.0,79.3896,0.0
544.0,907.0,1.0,2.0,599.0,13.0,113.0,26.0,114.0,17.0,530.0,52.0,190.0,24.0,3.741406e-05,53.47746,63244.55,19841090.0,60.3909,17.5288
723.0,751.0,1.0,3.0,935.0,67.0,834.0,10.0,597.0,38.0,334.0,97.0,179.0,1.0,3.40103e-05,23.78279,577079.0,6729644.0,33.1415,8.84292
754.0,387.0,1.0,1.0,551.0,7.0,987.0,56.0,191.0,80.0,610.0,43.0,802.0,2.0,5.157941e-05,25.88738,898000.8,16295760.0,62.7645,16.2199
728.0,795.0,1.0,1.0,984.0,8.0,207.0,65.0,178.0,73.0,610.0,44.0,766.0,3.0,4.237772e-05,42.49927,153147.4,16295760.0,-549.47,-93.6387
334.0,955.0,1.0,1.0,335.0,69.0,415.0,57.0,834.0,40.0,530.0,61.0,113.0,35.0,1.845651e-05,51.76696,40642.28,10472090.0,57.6794,14.9686
359.0,839.0,1.0,1.0,273.0,61.0,527.0,69.0,600.0,42.0,712.0,83.0,500.0,48.0,0.0001368576,55.05762,238315.2,74763430.0,37.9302,11.8342
582.0,241.0,6.0,6.0,523.0,20.0,620.0,65.0,269.0,20.0,951.0,63.0,668.0,50.0,0.0006376394,17.83694,1397391.0,95551890.0,13.3376,7.00086
330.0,675.0,7.0,1.0,544.0,9.0,986.0,71.0,178.0,62.0,132.0,28.0,955.0,50.0,0.0003547886,23.08245,577079.0,8193759.0,110.88,30.4678
657.0,790.0,1.0,1.0,926.0,62.0,652.0,8.0,604.0,44.0,188.0,87.0,228.0,10.0,5.810682e-05,56.58461,40642.28,19841090.0,71.4247,31.4583
675.0,798.0,1.0,4.0,544.0,12.0,201.0,67.0,178.0,71.0,647.0,38.0,824.0,15.0,0.0001416732,54.52809,153147.4,48044980.0,57.9708,26.8526
846.0,228.0,5.0,7.0,962.0,42.0,501.0,40.0,119.0,83.0,523.0,36.0,488.0,60.0,5.0684e-05,-11.57829,-10.0,-10.0,93.8668,11.2681
332.0,318.0,9.0,3.0,732.0,35.0,613.0,16.0,522.0,57.0,386.0,93.0,569.0,51.0,0.0009378779,28.41897,577079.0,438383300.0,818.016,3.60991
592.0,939.0,1.0,3.0,605.0,8.0,118.0,21.0,219.0,23.0,503.0,44.0,209.0,23.0,1.458527e-05,52.48575,26117.46,8193759.0,58.4948,14.1416
514.0,896.0,3.0,5.0,255.0,76.0,872.0,76.0,343.0,88.0,337.0,85.0,386.0,18.0,2.851907e-05,60.02983,10785.12,10472090.0,74.3263,29.1154
268.0,861.0,1.0,1.0,372.0,22.0,934.0,14.0,911.0,59.0,155.0,92.0,667.0,23.0,2.170386e-05,59.14614,10785.12,8193759.0,61.0735,18.1822
706.0,697.0,4.0,1.0,210.0,40.0,920.0,98.0,603.0,33.0,525.0,79.0,829.0,45.0,0.000426923,26.82279,1397391.0,25358040.0,113.429,14.1166
653.0,736.0,1.0,3.0,926.0,66.0,580.0,16.0,637.0,38.0,371.0,88.0,162.0,10.0,0.0001691966,59.87832,63244.55,116340400.0,88.8837,24.1712
852.0,684.0,9.0,3.0,600.0,12.0,485.0,65.0,943.0,52.0,805.0,17.0,897.0,92.0,2.370674e-05,3.765179,63244.55,63245.55,104.832,33.9789
773.0,846.0,1.0,6.0,516.0,76.0,982.0,64.0,170.0,58.0,193.0,30.0,756.0,18.0,4.476119e-05,58.13567,63244.55,39459980.0,63.9035,30.3504
753.0,768.0,3.0,1.0,375.0,29.0,522.0,63.0,915.0,32.0,536.0,50.0,834.0,44.0,0.0002007211,33.49831,577079.0,19841090.0,80.805,33.8905
521.0,842.0,1.0,1.0,866.0,36.0,430.0,44.0,539.0,65.0,353.0,80.0,990.0,86.0,0.0001026108,62.34947,40642.28,48044980.0,57.4407,19.9172
392.0,911.0,4.0,3.0,451.0,79.0,789.0,68.0,616.0,73.0,323.0,48.0,843.0,36.0,2.087764e-05,62.72344,4453.334,5265529.0,50.8114,7.64727
446.0,924.0,3.0,3.0,509.0,84.0,858.0,68.0,591.0,65.0,365.0,49.0,944.0,37.0,1.457094e-05,63.33754,4453.334,5265529.0,38.0797,5.21063
208.0,420.0,3.0,1.0,634.0,13.0,666.0,10.0,242.0,8.0,294.0,64.0,986.0,45.0,0.0009093792,52.53932,98416.24,30874990.0,117.829,24.251
685.0,857.0,2.0,1.0,882.0,85.0,820.0,28.0,712.0,18.0,503.0,83.0,971.0,80.0,5.435608e-05,66.19537,6930.448,10472090.0,75.4195,21.8238
726.0,747.0,2.0,1.0,202.0,16.0,610.0,12.0,221.0,42.0,323.0,87.0,681.0,26.0,7.820921e-05,33.22267,370846.0,16295760.0,87.1124,38.6931
492.0,699.0,4.0,3.0,170.0,10.0,914.0,22.0,456.0,22.0,529.0,67.0,939.0,67.0,0.0001980951,31.29507,370846.0,19841090.0,55.3112,14.7425
528.0,744.0,5.0,1.0,616.0,76.0,317.0,20.0,414.0,66.0,831.0,83.0,807.0,22.0,0.0001683301,59.08358,40642.28,25358040.0,73.5633,24.7423
216.0,752.0,2.0,3.0,951.0,68.0,834.0,15.0,668.0,92.0,145.0,89.0,113.0,20.0,0.0001120343,30.6805,370846.0,12750420.0,121.013,37.8824
768.0,632.0,1.0,1.0,356.0,65.0,498.0,70.0,896.0,14.0,582.0,62.0,851.0,43.0,0.0005266063,20.89448,3383769.0,39459980.0,56.8898,15.245
713.0,779.0,1.0,1.0,430.0,69.0,615.0,9.0,231.0,2.0,778.0,30.0,973.0,31.0,6.685227e-05,46.99227,153147.4,25358040.0,62.1676,16.9866
565.0,883.0,1.0,3.0,588.0,14.0,113.0,19.0,158.0,7.0,532.0,25.0,215.0,20.0,4.680263e-05,57.61657,40642.28,25358040.0,70.2419,40.4658
235.0,749.0,1.0,3.0,936.0,65.0,831.0,7.0,602.0,45.0,354.0,80.0,111.0,5.0,5.580058e-05,41.06441,238315.2,19841090.0,90.5818,42.7809
780.0,856.0,1.0,6.0,870.0,11.0,992.0,62.0,316.0,58.0,179.0,31.0,694.0,17.0,2.860428e-05,56.04947,40642.28,16295760.0,70.1194,32.9624
556.0,842.0,1.0,2.0,485.0,32.0,539.0,43.0,527.0,59.0,311.0,19.0,992.0,84.0,5.607112e-05,24.29984,1397391.0,16295760.0,70.3353,53.2285
716.0,827.0,1.0,2.0,900.0,88.0,759.0,24.0,734.0,18.0,591.0,83.0,928.0,77.0,8.353639e-05,65.49438,16783.42,30874990.0,72.6397,33.7444
538.0,727.0,6.0,1.0,647.0,78.0,888.0,26.0,362.0,85.0,307.0,90.0,776.0,14.0,0.0001159112,62.45716,10785.12,12750420.0,80.4294,28.1738
226.0,927.0,9.0,1.0,648.0,21.0,621.0,65.0,877.0,38.0,993.0,89.0,340.0,66.0,2.913227e-05,55.00528,4453.334,1785947.0,79.6921,17.9438
513.0,891.0,3.0,5.0,273.0,82.0,872.0,75.0,340.0,91.0,293.0,87.0,369.0,17.0,3.12704e-05,59.51547,16783.42,10472090.0,77.9866,30.1884
476.0,771.0,1.0,1.0,384.0,14.0,909.0,15.0,875.0,69.0,171.0,89.0,663.0,28.0,8.835055e-05,58.46139,40642.28,25358040.0,70.7454,51.6986
367.0,838.0,1.0,1.0,419.0,18.0,998.0,13.0,879.0,72.0,149.0,91.0,629.0,22.0,2.96601e-05,56.83329,16783.42,10472090.0,64.0803,22.7399
444.0,719.0,1.0,1.0,483.0,27.0,933.0,25.0,875.0,78.0,172.0,91.0,603.0,26.0,0.0001878339,61.39765,63244.55,61404200.0,73.4199,47.1254
528.0,748.0,5.0,5.0,612.0,82.0,320.0,75.0,377.0,66.0,837.0,83.0,341.0,16.0,0.0004927287,31.80892,898000.8,181038800.0,0.0,0.0
921.0,890.0,7.0,4.0,288.0,2.0,461.0,46.0,844.0,46.0,268.0,94.0,208.0,81.0,6.218149e-05,38.97442,4453.334,370847.0,91.3803,51.572
701.0,830.0,2.0,2.0,882.0,86.0,823.0,28.0,712.0,18.0,525.0,83.0,971.0,82.0,8.46748e-05,67.03117,10785.12,16295760.0,89.0426,39.8308
624.0,809.0,1.0,3.0,951.0,60.0,930.0,9.0,614.0,34.0,387.0,94.0,235.0,1.0,1.378338e-05,22.40371,238315.2,2779135.0,17.6433,3.64506
344.0,700.0,1.0,1.0,364.0,10.0,506.0,68.0,892.0,38.0,560.0,46.0,815.0,40.0,0.0005456723,16.80044,5265528.0,30874990.0,69.728,27.6258
694.0,775.0,2.0,1.0,181.0,76.0,703.0,9.0,237.0,1.0,702.0,26.0,957.0,33.0,7.240401e-05,25.47488,370846.0,6729644.0,76.6738,21.1649
799.0,681.0,1.0,1.0,683.0,75.0,832.0,22.0,225.0,43.0,160.0,36.0,545.0,27.0,9.514057e-05,25.81676,2174500.0,30874990.0,87.3847,42.8651
423.0,901.0,1.0,2.0,964.0,30.0,537.0,35.0,491.0,47.0,305.0,85.0,993.0,84.0,2.919917e-05,60.37709,16783.42,16295760.0,62.9861,18.1998
350.0,860.0,1.0,1.0,354.0,19.0,934.0,11.0,911.0,57.0,155.0,78.0,729.0,23.0,1.890473e-05,56.92018,16783.42,8193759.0,63.6787,19.4668
514.0,896.0,3.0,5.0,273.0,76.0,890.0,71.0,288.0,88.0,324.0,83.0,403.0,18.0,2.622982e-05,58.73978,10785.12,8193759.0,73.8625,24.9636
366.0,720.0,4.0,1.0,642.0,83.0,904.0,76.0,358.0,98.0,767.0,87.0,805.0,16.0,0.0002737623,59.75288,63244.55,48044980.0,57.9954,16.8846
472.0,694.0,6.0,5.0,777.0,8.0,159.0,20.0,838.0,82.0,145.0,98.0,412.0,92.0,0.0006436004,33.11732,238315.2,181038800.0,83.289,52.5872
756.0,688.0,1.0,1.0,396.0,33.0,401.0,63.0,604.0,33.0,546.0,61.0,103.0,41.0,0.0003709019,23.41292,3383769.0,39459980.0,98.8772,15.7734
465.0,857.0,4.0,3.0,507.0,82.0,790.0,64.0,618.0,71.0,376.0,50.0,907.0,38.0,5.526042e-05,64.45865,10785.12,12750420.0,83.8626,39.3323
501.0,912.0,2.0,3.0,420.0,90.0,802.0,66.0,586.0,66.0,390.0,55.0,911.0,36.0,1.927033e-05,63.29788,6930.448,10472090.0,33.8497,5.64516
226.0,389.0,3.0,2.0,644.0,12.0,617.0,37.0,710.0,50.0,369.0,59.0,305.0,38.0,0.001246577,22.70882,2174500.0,39459980.0,64.2011,11.8933
734.0,372.0,1.0,1.0,984.0,14.0,965.0,68.0,150.0,73.0,639.0,40.0,798.0,3.0,6.954958e-05,22.33375,1397391.0,19841090.0,67.3217,21.0332
555.0,830.0,5.0,6.0,613.0,86.0,317.0,29.0,397.0,90.0,823.0,83.0,785.0,15.0,6.760086e-05,55.71293,26117.46,30874990.0,89.8295,21.2442
371.0,970.0,1.0,1.0,357.0,64.0,405.0,73.0,604.0,38.0,546.0,45.0,103.0,42.0,1.402147e-05,48.33933,40642.28,10472090.0,61.8244,14.9297
544.0,701.0,4.0,3.0,170.0,15.0,914.0,22.0,143.0,15.0,420.0,28.0,958.0,28.0,0.0001206101,29.47283,577079.0,16295760.0,121.456,25.6992
229.0,392.0,8.0,3.0,971.0,73.0,967.0,81.0,156.0,82.0,922.0,37.0,184.0,18.0,0.001245155,5.782946,3383769.0,5265529.0,68.2951,25.9587
490.0,897.0,4.0,3.0,528.0,15.0,133.0,32.0,466.0,21.0,541.0,66.0,203.0,70.0,8.156695e-05,56.16335,16783.42,8193759.0,110.163,29.3056
722.0,677.0,2.0,1.0,842.0,92.0,830.0,22.0,216.0,42.0,197.0,37.0,545.0,54.0,0.0001309702,21.123,1397391.0,12750420.0,107.512,34.599
493.0,906.0,1.0,3.0,570.0,13.0,147.0,22.0,580.0,20.0,503.0,64.0,374.0,63.0,4.529017e-05,62.68265,16783.42,19841090.0,77.6508,36.2484
433.0,797.0,1.0,3.0,374.0,20.0,950.0,14.0,901.0,81.0,386.0,93.0,531.0,26.0,5.051062e-05,37.4892,238315.2,16295760.0,79.2129,43.9026
322.0,911.0,1.0,3.0,374.0,68.0,476.0,74.0,584.0,15.0,602.0,81.0,138.0,43.0,7.220239e-05,41.85287,238315.2,25358040.0,78.0379,23.9097
277.0,800.0,1.0,1.0,889.0,65.0,714.0,16.0,542.0,41.0,109.0,89.0,113.0,4.0,6.432354e-05,38.27456,370846.0,25358040.0,60.2839,17.3742
324.0,789.0,1.0,1.0,361.0,14.0,943.0,26.0,891.0,75.0,131.0,92.0,600.0,32.0,0.0001024553,58.84504,63244.55,30874990.0,68.8643,48.8342
754.0,856.0,1.0,6.0,996.0,6.0,996.0,56.0,344.0,57.0,250.0,33.0,748.0,17.0,2.362012e-05,49.18535,40642.28,10472090.0,73.0233,32.5249
644.0,807.0,1.0,2.0,900.0,66.0,788.0,10.0,609.0,32.0,381.0,86.0,217.0,4.0,3.023184e-05,52.2811,40642.28,16295760.0,54.834,15.586
335.0,876.0,1.0,1.0,493.0,28.0,980.0,25.0,820.0,71.0,170.0,88.0,603.0,25.0,2.218224e-05,60.37043,16783.42,10472090.0,53.6701,13.9596
348.0,848.0,1.0,1.0,371.0,15.0,936.0,19.0,879.0,74.0,148.0,94.0,595.0,32.0,3.85281e-05,57.03472,26117.46,12750420.0,65.1295,25.3706
719.0,630.0,1.0,1.0,519.0,67.0,669.0,8.0,239.0,2.0,348.0,23.0,710.0,24.0,0.0002384587,57.88619,98416.24,61404200.0,84.8618,35.7637
715.0,752.0,2.0,1.0,430.0,70.0,615.0,2.0,231.0,39.0,778.0,27.0,987.0,18.0,8.009739e-06,10.65083,238315.2,577080.0,79.6489,22.267
244.0,337.0,5.0,1.0,658.0,12.0,628.0,24.0,844.0,97.0,445.0,59.0,316.0,39.0,0.0007360725,16.28574,1397391.0,8193759.0,122.441,31.6865
310.0,839.0,1.0,2.0,273.0,64.0,528.0,68.0,559.0,13.0,724.0,46.0,500.0,50.0,0.0001393726,26.6737,2174500.0,39459980.0,61.3449,22.3948
368.0,779.0,1.0,1.0,371.0,15.0,943.0,19.0,880.0,70.0,148.0,93.0,597.0,29.0,9.61671e-05,59.43897,40642.28,30874990.0,70.5868,50.9669
558.0,820.0,3.0,3.0,502.0,82.0,804.0,64.0,617.0,74.0,372.0,45.0,928.0,36.0,9.40453e-05,64.88163,16783.42,39459980.0,99.4467,33.6859
543.0,913.0,1.0,3.0,624.0,12.0,122.0,21.0,156.0,13.0,530.0,54.0,216.0,24.0,2.977956e-05,57.83768,26117.46,16295760.0,65.2427,22.444
219.0,526.0,1.0,1.0,233.0,94.0,781.0,50.0,589.0,90.0,993.0,15.0,911.0,55.0,0.0006496636,11.02998,19841090.0,61404200.0,95.3376,23.9855
770.0,839.0,4.0,5.0,275.0,82.0,716.0,94.0,547.0,43.0,541.0,45.0,350.0,89.0,0.0001185653,26.99619,577079.0,19841090.0,19.1027,8.1374
749.0,253.0,1.0,1.0,424.0,3.0,999.0,54.0,352.0,62.0,579.0,44.0,720.0,1.0,3.815883e-05,32.50324,370846.0,12750420.0,68.2161,16.9889
754.0,275.0,1.0,1.0,979.0,8.0,947.0,57.0,178.0,74.0,611.0,44.0,796.0,1.0,3.634302e-05,27.34876,577079.0,12750420.0,64.6562,15.9492
700.0,830.0,2.0,2.0,898.0,86.0,852.0,28.0,711.0,51.0,525.0,66.0,971.0,47.0,4.941106e-05,45.61839,98416.24,12750420.0,75.511,46.4042
849.0,793.0,2.0,3.0,919.0,97.0,840.0,49.0,749.0,14.0,996.0,70.0,948.0,43.0,9.536836e-05,42.63205,153147.4,19841090.0,86.5251,22.816
789.0,431.0,4.0,2.0,640.0,14.0,575.0,12.0,169.0,3.0,576.0,82.0,647.0,48.0,0.0002886214,27.04998,238315.2,4324649.0,106.835,22.7956
299.0,902.0,2.0,6.0,290.0,82.0,890.0,74.0,337.0,91.0,323.0,82.0,337.0,16.0,2.49164e-05,58.70333,16783.42,12750420.0,69.2778,27.8245
748.0,421.0,1.0,1.0,984.0,8.0,947.0,60.0,178.0,76.0,645.0,44.0,829.0,3.0,3.75798e-05,20.12436,898000.8,8193759.0,72.4076,20.8853
610.0,884.0,1.0,2.0,924.0,70.0,800.0,11.0,502.0,42.0,205.0,94.0,154.0,4.0,1.047024e-05,57.57687,10785.12,5265529.0,52.9598,11.2615
776.0,874.0,1.0,5.0,966.0,7.0,968.0,56.0,306.0,50.0,248.0,27.0,707.0,17.0,1.884224e-05,47.1824,63244.55,10472090.0,62.2182,18.7451
681.0,685.0,1.0,3.0,990.0,64.0,824.0,9.0,540.0,36.0,385.0,87.0,266.0,4.0,8.984352e-05,63.61759,40642.28,48044980.0,81.9657,29.1135
699.0,702.0,1.0,1.0,275.0,11.0,392.0,68.0,602.0,12.0,768.0,47.0,819.0,36.0,0.0003063641,24.42468,2174500.0,30874990.0,64.156,22.4181
525.0,852.0,4.0,2.0,451.0,79.0,797.0,68.0,615.0,73.0,278.0,48.0,844.0,36.0,6.282627e-05,62.64507,10785.12,12750420.0,71.0366,21.7448
493.0,911.0,1.0,3.0,600.0,15.0,112.0,31.0,461.0,21.0,529.0,66.0,171.0,68.0,6.711036e-05,55.50471,63244.55,25358040.0,88.6237,29.5665
671.0,630.0,8.0,1.0,445.0,78.0,583.0,5.0,193.0,1.0,763.0,29.0,933.0,30.0,0.0002188034,60.92506,6930.448,8193759.0,96.2164,37.5502
718.0,634.0,2.0,1.0,781.0,92.0,831.0,20.0,723.0,42.0,103.0,36.0,890.0,27.0,0.0002453667,62.04229,40642.28,61404200.0,93.2379,54.0714
377.0,862.0,1.0,1.0,434.0,12.0,955.0,17.0,873.0,63.0,179.0,93.0,605.0,19.0,2.113982e-05,59.03441,16783.42,10472090.0,58.5417,15.8207
556.0,907.0,2.0,2.0,599.0,13.0,113.0,26.0,121.0,14.0,530.0,49.0,190.0,24.0,3.862876e-05,55.26579,26117.46,10472090.0,72.2352,19.248
391.0,870.0,1.0,3.0,706.0,8.0,862.0,55.0,613.0,40.0,617.0,49.0,347.0,39.0,4.309989e-05,32.94848,370846.0,12750420.0,80.4236,36.236
753.0,693.0,1.0,1.0,291.0,32.0,862.0,65.0,915.0,11.0,555.0,49.0,835.0,44.0,0.0003172065,22.85861,2174500.0,30874990.0,69.2367,19.1114
491.0,844.0,1.0,1.0,374.0,29.0,525.0,47.0,524.0,59.0,549.0,17.0,967.0,84.0,5.488722e-05,18.49712,1397391.0,12750420.0,44.778,10.4537
490.0,863.0,1.0,2.0,909.0,28.0,522.0,46.0,524.0,57.0,304.0,16.0,992.0,85.0,4.224055e-05,23.18557,898000.8,10472090.0,65.0975,55.4841
342.0,649.0,6.0,6.0,252.0,77.0,923.0,72.0,330.0,94.0,323.0,90.0,321.0,23.0,0.0005860399,38.32234,577079.0,682174000.0,0.0,0.0
654.0,737.0,1.0,2.0,867.0,66.0,788.0,10.0,610.0,38.0,389.0,87.0,217.0,5.0,7.459368e-05,61.98657,40642.28,30874990.0,70.8685,40.6427
740.0,734.0,1.0,1.0,197.0,76.0,612.0,9.0,194.0,36.0,353.0,85.0,946.0,20.0,7.048623e-05,41.96526,370846.0,39459980.0,63.6956,20.0435
484.0,921.0,1.0,2.0,515.0,27.0,585.0,35.0,627.0,57.0,338.0,81.0,989.0,84.0,1.823716e-05,56.95533,16783.42,10472090.0,57.5418,14.6466
565.0,914.0,1.0,3.0,557.0,11.0,135.0,25.0,158.0,8.0,539.0,26.0,183.0,21.0,2.930579e-05,56.57666,26117.46,16295760.0,63.3088,20.3003
324.0,875.0,4.0,5.0,639.0,77.0,831.0,72.0,296.0,87.0,322.0,89.0,374.0,15.0,4.159225e-05,58.46194,16783.42,10472090.0,93.6344,28.2368
888.0,771.0,1.0,1.0,793.0,88.0,886.0,20.0,746.0,43.0,118.0,36.0,893.0,21.0,5.267733e-05,60.16527,26117.46,25358040.0,55.581,17.0976
349.0,832.0,1.0,1.0,328.0,11.0,935.0,15.0,879.0,68.0,171.0,91.0,598.0,23.0,3.695682e-05,57.71063,26117.46,12750420.0,65.0092,23.8523
680.0,829.0,1.0,6.0,956.0,85.0,967.0,50.0,321.0,55.0,250.0,32.0,798.0,13.0,4.718239e-05,60.91108,40642.28,39459980.0,54.3349,30.4033
466.0,880.0,1.0,2.0,952.0,34.0,567.0,41.0,492.0,49.0,342.0,26.0,992.0,85.0,3.058806e-05,27.88154,577079.0,10472090.0,63.6483,24.1286
261.0,858.0,4.0,4.0,892.0,83.0,886.0,21.0,277.0,94.0,295.0,90.0,816.0,15.0,1.873311e-05,55.26176,10785.12,4324649.0,73.4624,19.2948
498.0,839.0,1.0,2.0,493.0,24.0,563.0,45.0,492.0,59.0,399.0,83.0,962.0,80.0,9.370793e-05,59.64148,63244.55,48044980.0,73.6274,31.3877
531.0,900.0,1.0,1.0,494.0,15.0,133.0,31.0,485.0,19.0,529.0,64.0,240.0,59.0,6.981937e-05,60.98878,26117.46,30874990.0,66.1802,18.9907
473.0,887.0,2.0,3.0,599.0,15.0,115.0,32.0,156.0,15.0,529.0,66.0,173.0,26.0,7.688773e-05,39.03551,238315.2,16295760.0,94.3052,33.4237
659.0,809.0,1.0,3.0,943.0,61.0,834.0,14.0,582.0,43.0,187.0,87.0,180.0,4.0,3.654514e-05,41.03794,153147.4,16295760.0,61.9562,27.3122
709.0,821.0,2.0,2.0,900.0,94.0,804.0,28.0,725.0,18.0,557.0,82.0,928.0,77.0,9.591959e-05,67.32098,10785.12,19841090.0,90.2588,36.6079
346.0,796.0,1.0,4.0,788.0,16.0,950.0,16.0,882.0,81.0,139.0,93.0,569.0,31.0,7.678871e-05,55.32521,40642.28,19841090.0,90.7089,46.5859
672.0,374.0,7.0,7.0,979.0,59.0,896.0,25.0,665.0,45.0,345.0,90.0,377.0,59.0,0.0005306733,26.75513,370846.0,181038800.0,2.87452,3.69334
332.0,791.0,1.0,1.0,374.0,15.0,978.0,26.0,873.0,76.0,148.0,90.0,652.0,32.0,9.307462e-05,59.84373,40642.28,30874990.0,67.3248,46.6769
493.0,917.0,2.0,1.0,490.0,15.0,146.0,35.0,458.0,20.0,467.0,60.0,174.0,69.0,5.848112e-05,55.71947,26117.46,12750420.0,80.8579,26.4649
793.0,470.0,2.0,1.0,945.0,78.0,778.0,88.0,173.0,44.0,291.0,37.0,542.0,76.0,0.0002108106,11.72139,3383769.0,10472090.0,124.312,14.6286
478.0,778.0,2.0,2.0,842.0,67.0,493.0,59.0,521.0,63.0,316.0,24.0,997.0,90.0,0.0002133578,29.97283,1397391.0,39459980.0,95.1995,36.085
696.0,625.0,2.0,1.0,191.0,82.0,623.0,19.0,221.0,46.0,281.0,74.0,921.0,19.0,0.0002523326,60.03606,98416.24,116340400.0,96.7381,24.8307
854.0,837.0,1.0,2.0,921.0,98.0,820.0,30.0,466.0,14.0,513.0,72.0,921.0,84.0,7.377318e-05,60.7836,26117.46,25358040.0,75.6413,31.0508
414.0,996.0,7.0,7.0,656.0,20.0,789.0,42.0,527.0,13.0,536.0,42.0,569.0,51.0,3.040919e-06,57.7454,487.1764,304581.6,78.1778,15.623
721.0,946.0,1.0,3.0,256.0,69.0,522.0,76.0,919.0,15.0,722.0,45.0,101.0,45.0,2.888361e-05,53.24654,40642.28,12750420.0,69.5861,26.3226
466.0,900.0,1.0,2.0,769.0,6.0,828.0,67.0,431.0,69.0,278.0,49.0,290.0,36.0,2.982599e-05,38.50176,153147.4,10472090.0,73.1917,25.2473
701.0,830.0,2.0,2.0,900.0,86.0,901.0,28.0,769.0,18.0,484.0,85.0,971.0,82.0,8.359442e-05,66.25624,10785.12,16295760.0,89.0822,44.0161
663.0,900.0,1.0,1.0,913.0,91.0,822.0,27.0,710.0,18.0,519.0,83.0,981.0,79.0,2.359618e-05,65.20939,6930.448,10472090.0,60.5122,14.8307
499.0,907.0,1.0,1.0,555.0,4.0,804.0,64.0,617.0,72.0,338.0,53.0,310.0,29.0,2.508016e-05,52.31309,40642.28,10472090.0,60.016,13.9901
453.0,911.0,1.0,2.0,737.0,4.0,827.0,60.0,433.0,65.0,256.0,47.0,355.0,36.0,2.268309e-05,48.0496,40642.28,8193759.0,71.1781,20.1469
544.0,701.0,4.0,3.0,170.0,15.0,914.0,22.0,146.0,22.0,538.0,28.0,939.0,24.0,0.0001009092,24.8246,577079.0,10472090.0,126.613,26.0352
659.0,695.0,1.0,3.0,999.0,60.0,793.0,10.0,610.0,35.0,385.0,87.0,272.0,4.0,9.00951e-05,47.01504,238315.2,39459980.0,78.4916,30.1761
481.0,753.0,3.0,3.0,142.0,8.0,263.0,22.0,145.0,14.0,417.0,28.0,958.0,31.0,0.0001957408,48.28971,153147.4,148689600.0,111.276,29.8407
907.0,769.0,1.0,1.0,793.0,95.0,898.0,14.0,757.0,27.0,141.0,20.0,902.0,21.0,3.348678e-05,38.79975,153147.4,12750420.0,62.7666,19.5474
767.0,911.0,1.0,3.0,371.0,68.0,456.0,75.0,609.0,14.0,535.0,47.0,159.0,43.0,5.904144e-05,61.5999,26117.46,30874990.0,71.3532,28.2739
503.0,889.0,1.0,3.0,498.0,1.0,788.0,60.0,434.0,65.0,261.0,48.0,294.0,38.0,3.438514e-05,29.94954,238315.2,6729644.0,85.5176,40.6699
368.0,876.0,6.0,6.0,252.0,82.0,845.0,73.0,356.0,94.0,369.0,89.0,338.0,23.0,4.574248e-05,56.38704,10785.12,19841090.0,123.481,21.7302
723.0,626.0,7.0,1.0,205.0,79.0,623.0,20.0,222.0,42.0,321.0,74.0,921.0,22.0,0.0002528656,49.98599,98416.24,30874990.0,121.027,22.1927
754.0,426.0,5.0,1.0,984.0,14.0,208.0,66.0,152.0,73.0,635.0,43.0,804.0,3.0,6.398818e-05,23.68593,370846.0,4324649.0,84.3662,28.787
337.0,863.0,1.0,1.0,507.0,12.0,938.0,18.0,873.0,63.0,179.0,93.0,660.0,22.0,2.228376e-05,58.68224,16783.42,10472090.0,59.0991,16.1587
528.0,830.0,5.0,6.0,624.0,83.0,317.0,25.0,397.0,90.0,831.0,83.0,807.0,15.0,6.015922e-05,65.53493,6930.448,25358040.0,96.8287,22.1279
501.0,821.0,1.0,2.0,877.0,33.0,526.0,40.0,491.0,58.0,559.0,76.0,943.0,76.0,0.0001022709,37.99406,577079.0,39459980.0,72.9705,28.2674
503.0,796.0,1.0,1.0,477.0,4.0,828.0,62.0,592.0,38.0,251.0,48.0,334.0,38.0,0.0001887188,53.70656,98416.24,39459980.0,85.476,37.2596
522.0,841.0,1.0,2.0,484.0,31.0,486.0,45.0,625.0,59.0,345.0,25.0,975.0,80.0,7.098008e-05,29.94097,898000.8,25358040.0,68.1419,49.2084
717.0,634.0,2.0,1.0,747.0,51.0,759.0,18.0,734.0,45.0,169.0,37.0,929.0,27.0,0.0001912482,45.73891,238315.2,39459980.0,91.4895,55.5563
387.0,985.0,1.0,1.0,399.0,64.0,401.0,69.0,604.0,17.0,545.0,48.0,104.0,40.0,1.269662e-05,52.68553,16783.42,6729644.0,64.3283,14.2264
660.0,685.0,1.0,3.0,989.0,64.0,824.0,9.0,540.0,36.0,385.0,87.0,266.0,4.0,9.115502e-05,63.68042,40642.28,48044980.0,82.1187,28.671
273.0,902.0,1.0,5.0,271.0,82.0,890.0,74.0,337.0,91.0,320.0,82.0,337.0,16.0,2.50084e-05,58.3951,40642.28,19841090.0,42.2249,13.7943
672.0,711.0,1.0,5.0,541.0,99.0,809.0,36.0,347.0,61.0,520.0,68.0,548.0,56.0,0.0001793482,25.50199,3383769.0,95551890.0,976.725,2.60761
849.0,793.0,2.0,3.0,919.0,97.0,805.0,51.0,749.0,10.0,996.0,68.0,948.0,43.0,9.732543e-05,31.37272,370846.0,10472090.0,86.7987,22.7663
504.0,885.0,1.0,3.0,492.0,81.0,858.0,64.0,615.0,65.0,365.0,48.0,925.0,38.0,3.131135e-05,64.00601,26117.46,25358040.0,33.9104,9.10793
754.0,257.0,1.0,1.0,979.0,8.0,947.0,57.0,215.0,74.0,609.0,44.0,805.0,12.0,3.714134e-05,7.14417,1397391.0,2174501.0,86.899,31.4476
466.0,882.0,2.0,4.0,738.0,66.0,797.0,67.0,607.0,28.0,543.0,60.0,979.0,34.0,3.44307e-05,25.34381,370846.0,5265529.0,54.4902,15.4969
701.0,840.0,2.0,2.0,882.0,85.0,808.0,28.0,538.0,18.0,453.0,70.0,970.0,82.0,7.012693e-05,63.03401,10785.12,16295760.0,88.2516,40.785
342.0,810.0,1.0,1.0,455.0,19.0,976.0,20.0,879.0,74.0,168.0,87.0,600.0,20.0,5.174447e-05,60.71692,26117.46,19841090.0,59.6665,21.965
787.0,588.0,1.0,1.0,753.0,76.0,741.0,25.0,747.0,41.0,161.0,46.0,903.0,26.0,0.000260066,52.13949,238315.2,95551890.0,78.1613,53.9471
509.0,716.0,8.0,1.0,640.0,69.0,295.0,22.0,358.0,60.0,754.0,96.0,805.0,23.0,0.0002589282,62.43212,16783.42,19841090.0,95.9423,30.0249
663.0,900.0,1.0,1.0,900.0,91.0,821.0,27.0,724.0,18.0,520.0,82.0,993.0,76.0,2.294551e-05,66.21896,6930.448,10472090.0,59.3895,14.3621
655.0,764.0,1.0,3.0,900.0,66.0,788.0,7.0,604.0,30.0,386.0,97.0,235.0,4.0,4.349743e-05,63.09341,16783.42,19841090.0,71.0232,37.1131
208.0,885.0,1.0,1.0,885.0,64.0,654.0,15.0,602.0,44.0,299.0,86.0,185.0,15.0,2.207374e-05,53.00792,26117.46,10472090.0,66.8033,19.2446
731.0,899.0,1.0,1.0,848.0,91.0,809.0,25.0,736.0,9.0,529.0,82.0,927.0,74.0,2.402911e-05,33.75079,98416.24,4324649.0,62.9779,15.3665
670.0,785.0,1.0,3.0,946.0,64.0,829.0,10.0,587.0,37.0,340.0,91.0,183.0,4.0,4.216657e-05,62.27071,16783.42,19841090.0,69.336,39.7923
710.0,685.0,1.0,3.0,993.0,64.0,824.0,9.0,613.0,35.0,385.0,87.0,239.0,4.0,9.311453e-05,63.52431,40642.28,48044980.0,83.406,32.3922
654.0,827.0,1.0,1.0,958.0,66.0,788.0,9.0,598.0,36.0,439.0,88.0,165.0,6.0,2.735487e-05,54.19117,26117.46,12750420.0,63.3059,16.4936
718.0,650.0,2.0,1.0,816.0,96.0,831.0,27.0,723.0,42.0,103.0,37.0,903.0,27.0,0.0002495645,59.903,63244.55,61404200.0,91.0312,52.8147
703.0,847.0,1.0,1.0,876.0,84.0,903.0,28.0,711.0,16.0,523.0,82.0,978.0,81.0,6.284011e-05,66.94676,10785.12,25358040.0,64.8404,19.914
278.0,570.0,7.0,5.0,828.0,60.0,981.0,64.0,337.0,14.0,773.0,39.0,700.0,7.0,0.000566682,10.49825,1397391.0,4324649.0,27.3282,14.7929
484.0,872.0,1.0,2.0,909.0,31.0,477.0,45.0,623.0,56.0,396.0,82.0,989.0,84.0,5.989839e-05,63.65565,26117.46,30874990.0,61.0679,27.6025
753.0,694.0,3.0,1.0,244.0,32.0,877.0,74.0,915.0,33.0,540.0,50.0,829.0,44.0,0.0003288459,64.28898,40642.28,61404200.0,99.6642,20.5023
641.0,210.0,5.0,5.0,366.0,54.0,381.0,83.0,132.0,24.0,819.0,86.0,722.0,6.0,0.001180204,20.88695,3383769.0,281716800.0,12.6403,11.7175
771.0,958.0,1.0,3.0,277.0,67.0,456.0,75.0,609.0,13.0,687.0,44.0,127.0,42.0,2.052976e-05,56.44574,26117.46,12750420.0,60.4446,16.1863
663.0,822.0,1.0,1.0,902.0,89.0,821.0,29.0,706.0,17.0,592.0,81.0,961.0,78.0,9.42932e-05,67.12392,16783.42,39459980.0,62.1312,21.2767
974.0,676.0,5.0,3.0,476.0,49.0,879.0,61.0,887.0,43.0,986.0,12.0,299.0,51.0,8.647675e-06,-9.273756,-10.0,-10.0,93.1356,0.0
345.0,876.0,6.0,6.0,252.0,82.0,845.0,73.0,353.0,94.0,323.0,90.0,338.0,23.0,4.666296e-05,57.24269,10785.12,19841090.0,124.331,21.7991
735.0,805.0,1.0,6.0,494.0,20.0,986.0,63.0,180.0,71.0,203.0,25.0,853.0,15.0,6.539565e-05,38.1513,577079.0,39459980.0,80.9195,25.0967
307.0,969.0,1.0,2.0,382.0,57.0,396.0,73.0,595.0,40.0,692.0,45.0,102.0,40.0,1.34945e-05,46.57969,63244.55,10472090.0,64.2114,17.8871
709.0,638.0,2.0,1.0,403.0,69.0,629.0,9.0,242.0,2.0,320.0,88.0,933.0,31.0,0.0002355922,13.11279,1397391.0,4324649.0,99.5645,27.4105
466.0,823.0,2.0,4.0,728.0,89.0,801.0,65.0,607.0,27.0,858.0,60.0,995.0,36.0,9.21215e-05,30.0442,577079.0,16295760.0,73.9985,20.2601
709.0,737.0,1.0,1.0,410.0,75.0,608.0,12.0,195.0,34.0,358.0,81.0,935.0,22.0,8.849557e-05,51.28349,153147.4,48044980.0,61.7367,20.6112
457.0,923.0,1.0,3.0,602.0,13.0,118.0,19.0,416.0,20.0,467.0,65.0,315.0,67.0,3.419397e-05,57.79245,26117.46,16295760.0,78.2474,36.5193
619.0,869.0,1.0,2.0,920.0,33.0,566.0,35.0,507.0,56.0,439.0,82.0,997.0,84.0,4.80881e-05,52.42546,63244.55,25358040.0,66.1592,28.8423
696.0,859.0,2.0,1.0,877.0,83.0,824.0,28.0,703.0,17.0,523.0,84.0,965.0,81.0,5.316821e-05,66.04787,6930.448,10472090.0,75.6221,21.6765
479.0,770.0,1.0,1.0,483.0,28.0,983.0,26.0,874.0,77.0,191.0,86.0,599.0,26.0,0.0001092593,62.00031,40642.28,39459980.0,65.4144,48.3638
466.0,823.0,2.0,4.0,728.0,89.0,801.0,65.0,607.0,27.0,858.0,60.0,970.0,36.0,9.288524e-05,30.58673,577079.0,16295760.0,74.1471,20.0493
324.0,791.0,1.0,1.0,451.0,23.0,959.0,24.0,872.0,79.0,163.0,89.0,666.0,29.0,8.419969e-05,60.7936,40642.28,30874990.0,64.0819,40.5238
483.0,887.0,3.0,1.0,575.0,14.0,155.0,32.0,415.0,15.0,530.0,65.0,193.0,66.0,0.0001009996,57.3201,16783.42,10472090.0,87.9398,43.2751
460.0,873.0,1.0,2.0,905.0,41.0,483.0,43.0,585.0,38.0,400.0,82.0,997.0,96.0,6.27185e-05,62.25364,26117.46,30874990.0,65.0202,31.3561
592.0,913.0,1.0,3.0,624.0,16.0,112.0,23.0,164.0,22.0,465.0,67.0,296.0,61.0,3.731595e-05,49.57894,63244.55,19841090.0,80.0346,34.619
771.0,835.0,1.0,4.0,366.0,70.0,518.0,74.0,524.0,9.0,536.0,47.0,127.0,51.0,0.0002730618,57.33648,153147.4,360050100.0,38.5565,11.3744
404.0,881.0,1.0,3.0,499.0,15.0,100.0,33.0,449.0,20.0,525.0,62.0,242.0,67.0,0.0001283966,59.23238,63244.55,61404200.0,96.0089,21.5524
631.0,766.0,1.0,3.0,855.0,99.0,870.0,33.0,572.0,16.0,566.0,76.0,953.0,85.0,0.0002075682,66.49713,40642.28,181038800.0,60.4853,15.1427
855.0,836.0,2.0,2.0,922.0,96.0,821.0,50.0,820.0,51.0,998.0,83.0,948.0,45.0,5.453415e-05,54.93743,40642.28,16295760.0,57.9031,18.9917
529.0,939.0,1.0,2.0,606.0,8.0,137.0,23.0,164.0,19.0,503.0,44.0,303.0,62.0,1.786985e-05,34.09279,153147.4,6729644.0,71.9725,20.8042
562.0,852.0,3.0,2.0,497.0,81.0,858.0,63.0,711.0,71.0,364.0,47.0,925.0,38.0,5.565816e-05,64.95569,10785.12,16295760.0,63.7969,17.072
697.0,853.0,1.0,1.0,903.0,91.0,822.0,27.0,732.0,18.0,519.0,83.0,980.0,81.0,5.730104e-05,66.81661,10785.12,19841090.0,62.6175,18.5511
753.0,694.0,4.0,1.0,245.0,32.0,811.0,73.0,915.0,33.0,550.0,50.0,134.0,45.0,0.0003646866,24.72419,898000.8,12750420.0,126.852,15.5364
475.0,912.0,1.0,3.0,599.0,15.0,112.0,27.0,450.0,20.0,530.0,66.0,201.0,61.0,5.784081e-05,57.96809,40642.28,25358040.0,83.8481,31.6464
748.0,947.0,1.0,4.0,336.0,67.0,400.0,61.0,573.0,42.0,523.0,63.0,132.0,44.0,2.07137e-05,51.01884,40642.28,12750420.0,67.598,27.8393
418.0,875.0,2.0,1.0,509.0,9.0,925.0,60.0,591.0,64.0,365.0,48.0,944.0,37.0,3.387417e-05,61.05519,10785.12,10472090.0,54.2806,9.2414
333.0,784.0,1.0,1.0,442.0,19.0,903.0,19.0,858.0,74.0,168.0,93.0,606.0,19.0,7.146303e-05,59.01856,40642.28,30874990.0,61.3802,26.8091
489.0,887.0,3.0,3.0,603.0,23.0,101.0,31.0,385.0,22.0,542.0,64.0,195.0,17.0,6.43546e-05,23.44149,370846.0,5265529.0,81.3702,34.0424
492.0,891.0,1.0,2.0,989.0,42.0,494.0,45.0,624.0,56.0,334.0,74.0,997.0,82.0,4.058186e-05,63.444,16783.42,25358040.0,54.4116,16.8095
524.0,836.0,1.0,2.0,507.0,25.0,468.0,44.0,625.0,58.0,380.0,83.0,961.0,95.0,0.0001168984,62.65582,40642.28,61404200.0,77.0035,33.2986
996.0,481.0,1.0,2.0,359.0,71.0,451.0,85.0,402.0,36.0,995.0,98.0,466.0,33.0,2.614708e-05,10.90406,370846.0,898001.8,86.8025,32.7646
246.0,304.0,7.0,1.0,497.0,53.0,163.0,75.0,739.0,50.0,208.0,34.0,502.0,84.0,0.007194564,34.05993,2174500.0,2570507000.0,59.0012,0.0
707.0,746.0,1.0,1.0,202.0,17.0,637.0,12.0,221.0,42.0,327.0,85.0,948.0,45.0,7.740611e-05,29.35403,898000.8,25358040.0,81.7274,34.1323
299.0,788.0,2.0,5.0,290.0,85.0,890.0,28.0,337.0,91.0,822.0,82.0,332.0,17.0,5.477822e-05,23.05836,898000.8,10472090.0,46.1639,14.1724
290.0,747.0,1.0,2.0,932.0,71.0,572.0,9.0,633.0,46.0,200.0,95.0,195.0,8.0,0.0001072863,60.08445,40642.28,39459980.0,83.8138,44.1088
490.0,843.0,1.0,2.0,484.0,40.0,479.0,50.0,647.0,59.0,418.0,25.0,998.0,84.0,7.491535e-05,29.36565,1397391.0,25358040.0,62.7953,45.8116
219.0,816.0,2.0,2.0,801.0,64.0,521.0,53.0,476.0,62.0,560.0,86.0,985.0,84.0,0.0001531213,54.01887,98416.24,61404200.0,94.8871,22.8441
478.0,916.0,1.0,1.0,598.0,16.0,150.0,30.0,437.0,14.0,466.0,66.0,247.0,60.0,5.139627e-05,45.71852,98416.24,19841090.0,67.0461,17.9812
530.0,856.0,6.0,1.0,623.0,83.0,295.0,72.0,358.0,99.0,754.0,96.0,805.0,15.0,9.829008e-05,20.02273,577079.0,6729644.0,0.0,0.0
773.0,818.0,1.0,5.0,987.0,15.0,998.0,63.0,329.0,78.0,256.0,35.0,798.0,12.0,3.823646e-05,51.98834,63244.55,19841090.0,62.6383,28.1323
203.0,880.0,1.0,1.0,884.0,66.0,669.0,16.0,582.0,41.0,217.0,99.0,194.0,14.0,2.549852e-05,57.77593,16783.42,10472090.0,65.6441,18.0048
417.0,739.0,1.0,1.0,166.0,14.0,914.0,24.0,148.0,18.0,410.0,28.0,989.0,26.0,9.074181e-05,30.01485,1397391.0,39459980.0,64.8254,24.3719
538.0,716.0,6.0,1.0,647.0,78.0,889.0,22.0,362.0,91.0,307.0,90.0,805.0,14.0,0.0001128038,61.74277,16783.42,12750420.0,82.7566,34.891
393.0,853.0,2.0,3.0,494.0,67.0,658.0,60.0,600.0,69.0,297.0,60.0,379.0,75.0,8.837228e-05,33.20119,370846.0,19841090.0,116.676,36.6678
655.0,828.0,1.0,6.0,483.0,82.0,996.0,62.0,234.0,57.0,343.0,33.0,809.0,17.0,5.715072e-05,55.25908,98416.24,48044980.0,64.9853,23.8804
663.0,900.0,1.0,1.0,903.0,91.0,822.0,27.0,708.0,18.0,519.0,83.0,971.0,77.0,2.33756e-05,65.53112,6930.448,10472090.0,60.2145,14.6846
746.0,272.0,1.0,1.0,988.0,17.0,954.0,66.0,190.0,71.0,611.0,40.0,797.0,3.0,7.618942e-05,24.02876,1397391.0,19841090.0,70.8291,24.045
681.0,856.0,1.0,5.0,977.0,11.0,873.0,56.0,318.0,57.0,261.0,33.0,790.0,17.0,3.594851e-05,58.26415,26117.46,19841090.0,59.5277,27.9686
229.0,836.0,1.0,3.0,990.0,66.0,787.0,8.0,593.0,37.0,368.0,90.0,165.0,3.0,1.754917e-05,61.00102,10785.12,10472090.0,59.6705,17.1686
886.0,735.0,1.0,1.0,880.0,91.0,745.0,21.0,644.0,34.0,173.0,35.0,883.0,25.0,6.50416e-05,41.66833,238315.2,25358040.0,65.3162,59.0735
655.0,792.0,1.0,2.0,829.0,99.0,791.0,35.0,537.0,14.0,516.0,90.0,639.0,86.0,0.0002138812,65.79227,40642.28,74763430.0,90.2241,21.3039
654.0,785.0,1.0,3.0,937.0,64.0,834.0,10.0,600.0,37.0,340.0,87.0,217.0,4.0,3.919891e-05,62.43251,16783.42,19841090.0,65.7518,35.1894
522.0,839.0,1.0,2.0,484.0,31.0,521.0,51.0,572.0,59.0,395.0,83.0,994.0,84.0,0.0001074515,63.60298,40642.28,61404200.0,70.1696,30.43
721.0,758.0,2.0,1.0,439.0,79.0,749.0,6.0,233.0,2.0,700.0,22.0,937.0,33.0,5.345799e-05,35.1937,153147.4,6729644.0,80.7117,24.9346
687.0,900.0,1.0,1.0,903.0,91.0,822.0,25.0,650.0,18.0,519.0,71.0,980.0,79.0,2.228464e-05,59.52205,10785.12,10472090.0,62.4959,15.3324
439.0,886.0,3.0,3.0,509.0,85.0,858.0,57.0,589.0,66.0,275.0,48.0,957.0,38.0,2.86506e-05,62.70214,6930.448,8193759.0,62.1456,13.709
726.0,747.0,1.0,1.0,201.0,16.0,597.0,8.0,130.0,43.0,337.0,74.0,691.0,24.0,4.458263e-05,23.90487,898000.8,12750420.0,79.2979,34.5747
841.0,849.0,2.0,2.0,924.0,98.0,823.0,27.0,533.0,54.0,468.0,80.0,928.0,36.0,3.377757e-05,57.45655,16783.42,10472090.0,67.3186,18.862
743.0,794.0,1.0,4.0,533.0,15.0,984.0,58.0,297.0,74.0,140.0,40.0,778.0,14.0,6.80793e-05,57.67966,63244.55,39459980.0,72.5425,26.0323
649.0,785.0,1.0,2.0,937.0,65.0,834.0,14.0,582.0,38.0,425.0,96.0,180.0,5.0,5.470641e-05,62.65281,26117.46,25358040.0,62.3891,25.3895
379.0,807.0,1.0,1.0,454.0,15.0,957.0,18.0,882.0,66.0,210.0,88.0,606.0,20.0,5.161167e-05,61.04156,26117.46,19841090.0,62.3547,23.381
697.0,861.0,1.0,1.0,902.0,91.0,819.0,27.0,708.0,18.0,544.0,83.0,969.0,81.0,4.989563e-05,65.65688,10785.12,19841090.0,62.1073,17.8102
215.0,886.0,1.0,1.0,994.0,66.0,640.0,16.0,582.0,37.0,188.0,86.0,179.0,4.0,1.24792e-05,26.10926,238315.2,3383770.0,33.1217,6.21183
649.0,677.0,1.0,3.0,937.0,63.0,833.0,18.0,563.0,37.0,384.0,96.0,183.0,4.0,0.0001612173,38.9012,577079.0,61404200.0,74.1577,19.8798
496.0,735.0,3.0,4.0,259.0,76.0,895.0,76.0,351.0,89.0,310.0,85.0,369.0,16.0,0.0002894377,59.63372,98416.24,438383300.0,14.8261,8.53843
776.0,949.0,1.0,2.0,278.0,59.0,399.0,80.0,583.0,40.0,745.0,44.0,100.0,41.0,1.896584e-05,39.94438,153147.4,12750420.0,56.8252,14.7185
250.0,872.0,1.0,1.0,889.0,67.0,629.0,14.0,599.0,45.0,183.0,89.0,113.0,19.0,3.913751e-05,49.67354,40642.28,10472090.0,77.1501,48.9524
717.0,821.0,1.0,2.0,902.0,89.0,811.0,28.0,734.0,21.0,592.0,82.0,938.0,77.0,9.190442e-05,64.81962,26117.46,39459980.0,71.8694,33.0468
528.0,830.0,5.0,6.0,613.0,78.0,317.0,25.0,397.0,89.0,831.0,83.0,765.0,16.0,6.137109e-05,65.24878,6930.448,30874990.0,94.2208,21.4323
764.0,855.0,1.0,6.0,969.0,6.0,980.0,50.0,344.0,57.0,233.0,34.0,759.0,18.0,2.257752e-05,45.65579,63244.55,10472090.0,75.212,33.329
726.0,633.0,3.0,1.0,197.0,15.0,623.0,12.0,195.0,41.0,305.0,83.0,892.0,27.0,0.0001369178,32.21882,577079.0,16295760.0,101.418,27.2872
294.0,387.0,2.0,2.0,593.0,16.0,587.0,49.0,853.0,45.0,636.0,89.0,924.0,3.0,0.0007585437,-6.483847,-10.0,-10.0,73.9403,16.7497
344.0,704.0,1.0,3.0,648.0,64.0,754.0,13.0,615.0,42.0,179.0,88.0,100.0,5.0,0.0001844179,57.13245,98416.24,116340400.0,106.528,33.7678
528.0,842.0,1.0,2.0,484.0,33.0,538.0,54.0,591.0,59.0,350.0,91.0,999.0,83.0,0.0001051307,57.74136,98416.24,61404200.0,69.0153,30.9774
473.0,911.0,1.0,2.0,555.0,4.0,787.0,60.0,613.0,71.0,338.0,48.0,310.0,29.0,2.21091e-05,50.96177,40642.28,10472090.0,63.7006,17.0684
648.0,764.0,1.0,3.0,900.0,66.0,788.0,9.0,612.0,32.0,361.0,97.0,235.0,4.0,4.824312e-05,43.92679,153147.4,19841090.0,68.7014,35.3921
496.0,906.0,1.0,3.0,552.0,13.0,142.0,27.0,569.0,12.0,542.0,50.0,174.0,65.0,6.883381e-05,57.78838,40642.28,25358040.0,89.8007,33.4456
721.0,745.0,2.0,1.0,433.0,76.0,749.0,9.0,237.0,2.0,700.0,28.0,964.0,32.0,9.301155e-05,64.56811,10785.12,16295760.0,78.6772,26.3922
324.0,790.0,1.0,1.0,370.0,15.0,936.0,24.0,877.0,71.0,148.0,91.0,600.0,23.0,8.122081e-05,54.63274,63244.55,30874990.0,63.4119,32.0052
888.0,639.0,1.0,1.0,755.0,88.0,877.0,8.0,577.0,37.0,153.0,22.0,960.0,15.0,3.463187e-05,31.25787,370846.0,12750420.0,72.2009,65.1016
572.0,930.0,1.0,2.0,494.0,41.0,495.0,49.0,576.0,61.0,400.0,82.0,998.0,80.0,1.814562e-05,61.7503,16783.42,12750420.0,40.9373,8.97893
799.0,680.0,1.0,1.0,683.0,75.0,827.0,22.0,226.0,43.0,160.0,38.0,545.0,27.0,9.823675e-05,26.39353,2174500.0,30874990.0,87.6469,42.3541
680.0,773.0,1.0,6.0,987.0,92.0,991.0,55.0,355.0,57.0,251.0,32.0,747.0,17.0,0.0001119409,62.10393,98416.24,181038800.0,55.1154,18.8387
529.0,895.0,4.0,5.0,584.0,82.0,876.0,70.0,414.0,87.0,332.0,98.0,806.0,21.0,2.368175e-05,30.71373,98416.24,3383770.0,51.4131,9.2776
348.0,782.0,1.0,1.0,404.0,13.0,933.0,19.0,859.0,73.0,146.0,93.0,598.0,20.0,7.506251e-05,58.60154,40642.28,25358040.0,64.853,31.7004
731.0,280.0,1.0,1.0,949.0,7.0,964.0,66.0,306.0,73.0,611.0,29.0,807.0,1.0,4.063236e-05,28.2404,577079.0,12750420.0,61.1956,14.0828
730.0,960.0,1.0,3.0,276.0,67.0,543.0,77.0,618.0,15.0,553.0,44.0,106.0,41.0,1.945003e-05,53.14395,26117.46,10472090.0,68.3498,20.1157
640.0,809.0,1.0,3.0,995.0,63.0,808.0,9.0,601.0,34.0,387.0,87.0,227.0,4.0,2.68576e-05,63.24567,10785.12,12750420.0,60.6396,19.7229
336.0,391.0,4.0,1.0,813.0,13.0,778.0,95.0,637.0,41.0,867.0,12.0,347.0,2.0,0.0005685016,31.65955,577079.0,19841090.0,69.2281,16.3146
448.0,900.0,1.0,2.0,506.0,6.0,804.0,60.0,586.0,65.0,254.0,49.0,300.0,36.0,3.135312e-05,51.8352,40642.28,12750420.0,70.1972,25.6492
472.0,870.0,1.0,2.0,959.0,31.0,522.0,40.0,444.0,47.0,406.0,23.0,993.0,85.0,3.472622e-05,24.07213,898000.8,10472090.0,65.1078,28.5501
888.0,788.0,1.0,1.0,794.0,86.0,880.0,9.0,591.0,41.0,140.0,27.0,893.0,20.0,2.326972e-05,35.24302,153147.4,8193759.0,64.3885,18.805
592.0,939.0,1.0,3.0,605.0,8.0,118.0,23.0,172.0,23.0,503.0,44.0,209.0,27.0,1.57336e-05,50.30009,40642.28,10472090.0,61.7894,15.6093
561.0,721.0,5.0,1.0,612.0,76.0,903.0,23.0,404.0,93.0,819.0,89.0,804.0,14.0,9.086881e-05,37.43707,153147.4,12750420.0,71.4174,18.2267
680.0,829.0,1.0,6.0,990.0,87.0,956.0,38.0,393.0,54.0,251.0,33.0,759.0,15.0,4.102798e-05,62.42088,40642.28,30874990.0,63.2182,32.9998
474.0,870.0,1.0,2.0,971.0,32.0,522.0,48.0,492.0,48.0,326.0,27.0,993.0,85.0,4.661171e-05,31.56203,577079.0,16295760.0,64.8077,45.9758
697.0,853.0,1.0,1.0,903.0,86.0,821.0,27.0,715.0,18.0,520.0,83.0,968.0,81.0,5.753927e-05,66.39465,10785.12,19841090.0,63.3755,18.8259
883.0,771.0,1.0,1.0,757.0,81.0,924.0,21.0,598.0,25.0,140.0,41.0,908.0,25.0,6.111301e-05,62.8241,26117.46,25358040.0,64.5736,17.6454
660.0,685.0,1.0,3.0,989.0,64.0,824.0,9.0,540.0,36.0,385.0,87.0,272.0,4.0,9.032918e-05,63.77058,40642.28,48044980.0,81.5218,28.7415
393.0,857.0,4.0,3.0,738.0,86.0,804.0,64.0,601.0,71.0,316.0,50.0,920.0,38.0,5.519394e-05,63.72822,10785.12,12750420.0,83.8467,41.907
725.0,747.0,1.0,1.0,197.0,15.0,612.0,4.0,192.0,40.0,379.0,89.0,919.0,21.0,3.091448e-05,28.25741,370846.0,10472090.0,77.834,26.9544
452.0,932.0,1.0,3.0,544.0,12.0,136.0,19.0,151.0,18.0,520.0,53.0,202.0,23.0,1.748739e-05,53.77509,26117.46,10472090.0,61.4706,16.5247
357.0,911.0,1.0,1.0,334.0,62.0,821.0,58.0,603.0,42.0,573.0,62.0,127.0,43.0,2.700317e-05,32.90176,238315.2,10472090.0,69.0552,22.9487
728.0,651.0,5.0,1.0,201.0,80.0,575.0,18.0,221.0,49.0,322.0,74.0,947.0,22.0,0.0002060849,45.29763,153147.4,30874990.0,108.677,25.6715
690.0,859.0,1.0,1.0,978.0,93.0,822.0,23.0,718.0,18.0,520.0,82.0,971.0,79.0,4.791851e-05,63.33872,16783.42,16295760.0,64.4367,18.909
647.0,735.0,1.0,2.0,934.0,68.0,572.0,10.0,602.0,38.0,363.0,87.0,219.0,8.0,0.0001092562,60.656,63244.55,48044980.0,80.3272,39.7877
509.0,719.0,8.0,1.0,678.0,71.0,325.0,22.0,362.0,60.0,754.0,96.0,796.0,23.0,0.0002382783,64.22049,16783.42,19841090.0,94.7247,30.7681
888.0,773.0,1.0,1.0,745.0,91.0,859.0,11.0,613.0,43.0,140.0,28.0,896.0,14.0,2.950644e-05,42.80469,153147.4,16295760.0,54.4013,13.7383
489.0,842.0,1.0,2.0,317.0,29.0,505.0,40.0,588.0,61.0,304.0,26.0,988.0,82.0,6.254305e-05,28.35475,1397391.0,25358040.0,70.8171,46.7704
630.0,835.0,1.0,4.0,882.0,99.0,823.0,31.0,537.0,52.0,464.0,69.0,565.0,80.0,5.236005e-05,27.95192,577079.0,12750420.0,95.6329,28.9825
229.0,896.0,1.0,1.0,889.0,61.0,631.0,15.0,596.0,87.0,165.0,87.0,194.0,19.0,1.962316e-05,49.45566,40642.28,8193759.0,66.1397,21.2976
384.0,650.0,9.0,1.0,149.0,53.0,842.0,74.0,703.0,31.0,208.0,14.0,101.0,79.0,0.0007075707,10.77482,2174500.0,6729644.0,134.765,0.0
269.0,858.0,6.0,6.0,928.0,83.0,846.0,73.0,206.0,52.0,238.0,92.0,415.0,18.0,5.852467e-05,30.76295,153147.4,6729644.0,119.843,23.5462
330.0,679.0,8.0,2.0,746.0,78.0,986.0,71.0,188.0,57.0,583.0,23.0,966.0,27.0,0.0002985817,24.25658,898000.8,12750420.0,94.3584,23.8282
527.0,739.0,8.0,1.0,595.0,65.0,295.0,22.0,364.0,64.0,754.0,96.0,790.0,20.0,0.0001989828,53.93787,40642.28,16295760.0,82.1016,33.005
478.0,912.0,1.0,3.0,599.0,13.0,111.0,24.0,436.0,20.0,467.0,66.0,311.0,61.0,4.844763e-05,61.08766,26117.46,19841090.0,78.2689,34.2161
284.0,798.0,2.0,3.0,372.0,17.0,930.0,16.0,878.0,73.0,386.0,93.0,531.0,25.0,5.739458e-05,40.99769,98416.24,10472090.0,93.6098,42.4084
493.0,887.0,1.0,3.0,622.0,13.0,113.0,33.0,449.0,13.0,564.0,67.0,176.0,63.0,0.0001231541,58.24896,63244.55,39459980.0,97.3026,22.4582
736.0,709.0,3.0,1.0,273.0,31.0,870.0,62.0,915.0,30.0,507.0,50.0,145.0,44.0,0.0003434208,27.31949,898000.8,19841090.0,117.558,17.8717
572.0,853.0,1.0,2.0,484.0,41.0,496.0,57.0,576.0,59.0,400.0,82.0,998.0,84.0,9.270405e-05,63.83349,40642.28,61404200.0,61.4533,29.1727
793.0,950.0,8.0,4.0,765.0,78.0,625.0,88.0,735.0,82.0,651.0,77.0,376.0,40.0,1.409666e-05,57.45564,2861.474,1785947.0,68.7365,11.958
484.0,873.0,1.0,2.0,918.0,29.0,473.0,44.0,639.0,60.0,282.0,81.0,983.0,84.0,5.93014e-05,61.88558,26117.46,30874990.0,63.7634,38.3731
466.0,866.0,1.0,2.0,963.0,34.0,524.0,45.0,493.0,61.0,303.0,16.0,994.0,86.0,3.855432e-05,21.9229,898000.8,10472090.0,63.4056,54.1996
488.0,887.0,4.0,2.0,497.0,15.0,114.0,33.0,459.0,21.0,541.0,66.0,122.0,68.0,0.0001129802,50.79249,40642.28,10472090.0,107.602,29.1732
336.0,391.0,3.0,1.0,812.0,95.0,778.0,99.0,631.0,45.0,849.0,13.0,347.0,4.0,0.00168381,42.57722,1397391.0,148689600.0,64.2989,26.9028
706.0,607.0,4.0,7.0,884.0,60.0,981.0,65.0,337.0,18.0,994.0,49.0,700.0,4.0,0.0002123137,19.5746,898000.8,10472090.0,30.5772,16.0113
696.0,859.0,2.0,1.0,876.0,84.0,854.0,28.0,703.0,51.0,523.0,68.0,971.0,47.0,3.296801e-05,54.83398,26117.46,10472090.0,62.6425,14.0177
787.0,856.0,1.0,6.0,996.0,6.0,985.0,55.0,317.0,57.0,209.0,33.0,754.0,13.0,1.826308e-05,52.7395,26117.46,8193759.0,66.8498,23.6868
489.0,921.0,1.0,1.0,955.0,42.0,492.0,35.0,492.0,48.0,349.0,67.0,993.0,79.0,1.853708e-05,58.03519,16783.42,10472090.0,49.8848,10.6433
731.0,720.0,1.0,1.0,754.0,89.0,800.0,21.0,724.0,24.0,167.0,20.0,899.0,17.0,0.0001109248,55.66967,153147.4,61404200.0,47.8683,16.1011
520.0,742.0,4.0,1.0,646.0,77.0,309.0,20.0,414.0,92.0,905.0,83.0,806.0,16.0,0.000158798,54.58851,63244.55,30874990.0,51.2349,10.0375
671.0,818.0,1.0,6.0,492.0,83.0,996.0,63.0,236.0,57.0,213.0,33.0,809.0,17.0,6.878351e-05,60.19233,63244.55,74763430.0,70.6569,23.3268
368.0,800.0,2.0,1.0,372.0,15.0,947.0,18.0,882.0,70.0,148.0,93.0,597.0,31.0,7.496337e-05,58.1406,16783.42,12750420.0,79.411,53.6237
633.0,736.0,1.0,3.0,926.0,63.0,824.0,15.0,612.0,43.0,179.0,88.0,198.0,10.0,0.0001399097,60.24417,63244.55,61404200.0,102.262,39.9808
270.0,887.0,7.0,1.0,220.0,69.0,161.0,68.0,358.0,60.0,754.0,91.0,784.0,17.0,8.823731e-05,8.458917,898000.8,2174501.0,0.0,0.0
459.0,873.0,1.0,2.0,909.0,33.0,480.0,35.0,585.0,45.0,402.0,80.0,997.0,97.0,5.52581e-05,60.70507,26117.46,25358040.0,68.128,37.3107
707.0,685.0,1.0,3.0,988.0,64.0,824.0,9.0,469.0,36.0,385.0,87.0,272.0,4.0,8.535039e-05,62.40878,40642.28,48044980.0,82.3016,27.9914
640.0,809.0,1.0,3.0,977.0,63.0,886.0,4.0,606.0,33.0,361.0,87.0,193.0,4.0,2.001774e-05,51.57709,26117.46,6729644.0,74.7582,32.1704
731.0,775.0,2.0,1.0,794.0,92.0,763.0,21.0,728.0,41.0,133.0,36.0,905.0,24.0,7.814681e-05,61.92784,26117.46,25358040.0,64.2157,17.5165
524.0,832.0,7.0,1.0,578.0,77.0,798.0,73.0,378.0,88.0,757.0,70.0,792.0,22.0,7.84322e-05,63.62973,10785.12,12750420.0,31.8749,3.31327
473.0,867.0,1.0,3.0,507.0,90.0,804.0,64.0,633.0,75.0,374.0,48.0,925.0,30.0,4.263147e-05,63.93568,26117.46,30874990.0,27.8936,8.05817
532.0,875.0,4.0,5.0,588.0,82.0,876.0,24.0,359.0,92.0,824.0,88.0,806.0,17.0,1.484042e-05,47.47684,16783.42,3383770.0,69.9041,17.0742
721.0,960.0,1.0,4.0,236.0,69.0,523.0,73.0,574.0,16.0,722.0,60.0,101.0,45.0,2.026138e-05,50.75137,40642.28,10472090.0,73.2639,23.4017
208.0,609.0,4.0,1.0,637.0,14.0,666.0,10.0,252.0,48.0,335.0,64.0,922.0,25.0,0.0001607478,28.77518,370846.0,10472090.0,100.855,36.0095
597.0,593.0,2.0,9.0,746.0,68.0,655.0,55.0,609.0,72.0,719.0,89.0,113.0,71.0,0.0006022819,14.14885,3383769.0,39459980.0,248.37,903.58
684.0,682.0,1.0,3.0,900.0,60.0,853.0,9.0,543.0,42.0,386.0,97.0,192.0,4.0,9.968777e-05,58.59034,63244.55,48044980.0,89.2626,28.6442
327.0,333.0,5.0,3.0,123.0,54.0,673.0,73.0,704.0,89.0,394.0,1.0,900.0,33.0,0.001882129,-1.892956,-10.0,-10.0,0.0,68.9041
673.0,389.0,4.0,1.0,239.0,78.0,581.0,7.0,219.0,1.0,744.0,81.0,999.0,94.0,0.001710756,58.08092,63244.55,95551890.0,141.242,16.264
712.0,829.0,1.0,5.0,491.0,68.0,987.0,55.0,160.0,56.0,209.0,33.0,773.0,18.0,5.274445e-05,55.68354,98416.24,39459980.0,68.6299,28.1227
528.0,742.0,5.0,1.0,612.0,78.0,317.0,22.0,414.0,66.0,831.0,83.0,807.0,21.0,0.0001842434,65.31979,16783.42,25358040.0,71.0606,22.9227
206.0,614.0,7.0,1.0,379.0,63.0,492.0,40.0,594.0,63.0,372.0,86.0,979.0,86.0,0.0009928125,59.52707,63244.55,871857100.0,27.2768,15.977
756.0,913.0,1.0,4.0,362.0,12.0,480.0,75.0,637.0,14.0,534.0,84.0,126.0,58.0,8.008114e-05,58.60771,26117.46,25358040.0,93.3461,25.1476
333.0,862.0,1.0,1.0,442.0,13.0,935.0,18.0,867.0,64.0,180.0,89.0,592.0,23.0,2.450397e-05,59.50907,16783.42,10472090.0,61.2504,18.1397
486.0,891.0,2.0,3.0,556.0,11.0,113.0,33.0,475.0,15.0,528.0,66.0,190.0,69.0,0.0001128751,58.87099,26117.46,19841090.0,107.986,24.602
709.0,900.0,1.0,2.0,899.0,92.0,822.0,25.0,793.0,18.0,520.0,86.0,928.0,76.0,2.333359e-05,65.26969,6930.448,8193759.0,64.7129,18.4131
841.0,859.0,2.0,1.0,924.0,99.0,823.0,30.0,537.0,51.0,468.0,83.0,928.0,40.0,3.217958e-05,58.76988,16783.42,10472090.0,59.3947,12.2968
543.0,716.0,5.0,1.0,632.0,83.0,895.0,22.0,354.0,64.0,342.0,90.0,849.0,23.0,0.0001313215,50.18666,63244.55,16295760.0,92.3131,39.5983
736.0,349.0,1.0,1.0,536.0,17.0,201.0,64.0,178.0,74.0,647.0,39.0,759.0,12.0,0.0001599604,16.40634,5265528.0,25358040.0,85.0313,21.4778
453.0,906.0,1.0,2.0,737.0,4.0,808.0,60.0,612.0,64.0,260.0,48.0,349.0,36.0,2.678011e-05,52.30254,26117.46,10472090.0,70.7286,21.7573
648.0,740.0,1.0,3.0,935.0,68.0,834.0,10.0,603.0,40.0,328.0,97.0,188.0,4.0,7.024386e-05,62.67582,26117.46,30874990.0,78.2521,37.8889
622.0,880.0,1.0,2.0,957.0,34.0,626.0,43.0,489.0,57.0,343.0,26.0,997.0,85.0,2.714098e-05,25.69299,577079.0,8193759.0,63.1863,23.0501
490.0,821.0,1.0,2.0,863.0,33.0,426.0,59.0,540.0,66.0,542.0,18.0,635.0,87.0,0.0001142736,17.06594,2174500.0,16295760.0,76.945,43.8152
369.0,970.0,1.0,1.0,357.0,63.0,405.0,69.0,604.0,36.0,546.0,44.0,103.0,47.0,1.389956e-05,47.21929,63244.55,10472090.0,65.0443,16.5051
530.0,913.0,1.0,3.0,624.0,15.0,112.0,31.0,397.0,20.0,475.0,67.0,316.0,28.0,3.617301e-05,22.9962,577079.0,6729644.0,50.1879,14.617
710.0,900.0,1.0,1.0,902.0,91.0,756.0,28.0,734.0,18.0,516.0,82.0,960.0,77.0,2.454561e-05,62.36741,10785.12,10472090.0,58.2513,14.6858
492.0,235.0,1.0,2.0,602.0,9.0,768.0,67.0,899.0,54.0,671.0,93.0,308.0,64.0,0.0006407742,14.07382,3383769.0,16295760.0,109.192,14.4661
241.0,902.0,2.0,6.0,289.0,85.0,948.0,73.0,336.0,87.0,327.0,82.0,345.0,14.0,2.296694e-05,58.59787,16783.42,10472090.0,62.8157,23.111
502.0,844.0,1.0,2.0,882.0,33.0,523.0,47.0,486.0,54.0,331.0,87.0,952.0,86.0,9.829615e-05,62.27947,40642.28,48044980.0,75.3327,35.4706
632.0,886.0,1.0,1.0,926.0,63.0,640.0,15.0,610.0,45.0,220.0,84.0,219.0,3.0,9.46144e-06,26.06807,153147.4,2779135.0,14.0398,3.22586
727.0,944.0,1.0,3.0,272.0,15.0,385.0,62.0,585.0,14.0,740.0,82.0,166.0,58.0,3.255627e-05,60.09313,16783.42,12750420.0,70.1802,24.846
748.0,255.0,1.0,1.0,564.0,88.0,947.0,70.0,154.0,73.0,212.0,42.0,793.0,16.0,0.0004184813,29.87655,5265528.0,181038800.0,73.3597,13.4129
480.0,901.0,1.0,2.0,909.0,33.0,570.0,36.0,483.0,56.0,400.0,81.0,999.0,82.0,2.712292e-05,55.7281,26117.46,16295760.0,59.6494,16.9796
698.0,829.0,1.0,2.0,919.0,86.0,823.0,28.0,509.0,13.0,466.0,83.0,936.0,83.0,9.039751e-05,60.74725,40642.28,30874990.0,78.7777,30.5775
393.0,852.0,3.0,2.0,499.0,64.0,785.0,66.0,599.0,71.0,280.0,51.0,920.0,66.0,7.449094e-05,60.88295,16783.42,19841090.0,87.42,45.5615
320.0,841.0,1.0,1.0,265.0,30.0,506.0,83.0,612.0,42.0,704.0,85.0,519.0,49.0,0.0001500884,31.62016,1397391.0,48044980.0,38.123,11.9939
421.0,966.0,1.0,2.0,396.0,61.0,367.0,68.0,604.0,40.0,535.0,48.0,103.0,39.0,1.530904e-05,49.394,40642.28,10472090.0,63.6293,17.5521
706.0,964.0,1.0,1.0,204.0,66.0,524.0,73.0,613.0,12.0,141.0,80.0,122.0,50.0,2.80725e-05,31.27264,153147.4,5265529.0,66.5855,14.8662
756.0,692.0,1.0,1.0,370.0,7.0,506.0,68.0,926.0,2.0,557.0,50.0,819.0,43.0,0.0002431251,11.35118,1397391.0,3383770.0,84.7239,28.2845
584.0,739.0,3.0,1.0,613.0,83.0,317.0,25.0,415.0,66.0,831.0,83.0,826.0,15.0,0.0001897174,35.15584,577079.0,30874990.0,37.1755,7.6908
447.0,911.0,1.0,2.0,419.0,4.0,827.0,60.0,424.0,65.0,260.0,48.0,301.0,36.0,2.30703e-05,42.93261,98416.24,10472090.0,70.7511,21.0308
705.0,913.0,1.0,4.0,203.0,66.0,521.0,71.0,607.0,41.0,531.0,65.0,106.0,49.0,4.213136e-05,43.22035,238315.2,25358040.0,88.1953,25.9098
458.0,906.0,1.0,2.0,918.0,34.0,473.0,44.0,508.0,60.0,282.0,82.0,983.0,86.0,3.119374e-05,61.47891,16783.42,16295760.0,55.4948,15.303
692.0,632.0,2.0,1.0,788.0,93.0,743.0,21.0,738.0,43.0,164.0,38.0,883.0,26.0,0.0002651191,64.5603,40642.28,61404200.0,93.115,51.3627
490.0,844.0,1.0,2.0,882.0,45.0,490.0,48.0,490.0,65.0,342.0,86.0,946.0,83.0,9.957615e-05,62.31634,40642.28,48044980.0,70.1651,34.4997
393.0,853.0,3.0,3.0,548.0,66.0,675.0,60.0,600.0,73.0,293.0,60.0,376.0,73.0,8.485619e-05,32.74146,370846.0,12750420.0,126.174,38.9648
213.0,729.0,1.0,1.0,932.0,66.0,784.0,10.0,569.0,38.0,381.0,86.0,169.0,4.0,8.328318e-05,60.20854,40642.28,39459980.0,63.7448,23.4445
793.0,623.0,6.0,4.0,583.0,78.0,625.0,17.0,555.0,80.0,111.0,99.0,377.0,1.0,9.055967e-05,16.77149,370846.0,2174501.0,97.0545,27.9411
229.0,376.0,7.0,2.0,635.0,91.0,725.0,31.0,156.0,26.0,922.0,37.0,859.0,17.0,0.0008651971,28.52215,1397391.0,360050100.0,33.9418,15.5229
332.0,798.0,2.0,1.0,372.0,16.0,973.0,20.0,864.0,76.0,386.0,93.0,610.0,32.0,6.459013e-05,40.01597,153147.4,10472090.0,77.6865,47.9107
654.0,764.0,1.0,2.0,900.0,59.0,788.0,7.0,604.0,30.0,386.0,83.0,235.0,2.0,2.995151e-05,33.76234,238315.2,10472090.0,47.1912,12.19
678.0,561.0,8.0,1.0,450.0,80.0,658.0,6.0,178.0,1.0,792.0,26.0,245.0,94.0,0.0002956119,14.15735,370846.0,1397392.0,112.695,0.0
696.0,764.0,2.0,1.0,207.0,13.0,499.0,15.0,220.0,39.0,323.0,87.0,970.0,17.0,7.439701e-05,41.47055,238315.2,19841090.0,64.6098,14.4109
714.0,626.0,2.0,1.0,213.0,82.0,611.0,23.0,251.0,43.0,294.0,74.0,921.0,18.0,0.0002682527,57.4409,153147.4,116340400.0,93.3844,24.9824
967.0,333.0,3.0,7.0,663.0,14.0,853.0,73.0,524.0,10.0,394.0,40.0,540.0,33.0,3.117323e-05,13.83941,40642.28,153148.4,95.2318,37.5643
709.0,862.0,1.0,1.0,907.0,91.0,828.0,27.0,735.0,18.0,592.0,81.0,985.0,77.0,4.652358e-05,65.8152,10785.12,19841090.0,59.9307,16.5524
888.0,801.0,1.0,1.0,716.0,91.0,887.0,20.0,792.0,44.0,166.0,36.0,904.0,18.0,3.648961e-05,63.28039,16783.42,19841090.0,44.4973,10.767
493.0,906.0,1.0,3.0,603.0,14.0,155.0,27.0,609.0,20.0,542.0,65.0,318.0,68.0,5.42912e-05,62.25022,16783.42,19841090.0,80.0455,34.5096
701.0,855.0,1.0,1.0,878.0,94.0,823.0,24.0,713.0,51.0,468.0,83.0,926.0,47.0,3.562668e-05,57.37768,26117.46,19841090.0,50.7285,13.4657
306.0,723.0,6.0,1.0,951.0,76.0,998.0,71.0,167.0,30.0,146.0,34.0,942.0,18.0,0.000233021,23.66585,898000.8,10472090.0,79.5012,38.8318
454.0,900.0,1.0,2.0,748.0,90.0,829.0,65.0,442.0,75.0,255.0,49.0,301.0,34.0,2.942348e-05,44.92357,153147.4,19841090.0,54.815,16.8778
631.0,766.0,1.0,3.0,855.0,99.0,870.0,33.0,605.0,16.0,566.0,73.0,953.0,84.0,0.0002064167,66.74595,40642.28,181038800.0,61.6284,15.4069
285.0,798.0,1.0,1.0,366.0,20.0,934.0,19.0,882.0,76.0,181.0,93.0,651.0,32.0,7.533187e-05,57.95934,40642.28,25358040.0,67.1668,44.2889
655.0,827.0,1.0,3.0,902.0,66.0,788.0,7.0,598.0,29.0,439.0,88.0,165.0,3.0,1.850297e-05,61.14548,10785.12,10472090.0,60.5513,17.7289
260.0,888.0,1.0,3.0,989.0,65.0,824.0,14.0,517.0,38.0,437.0,96.0,193.0,4.0,9.594942e-06,46.97851,40642.28,5265529.0,44.6651,9.76447
208.0,925.0,1.0,1.0,986.0,63.0,654.0,15.0,603.0,47.0,388.0,76.0,206.0,16.0,9.399963e-06,49.32878,16783.42,4324649.0,64.0855,16.1294
718.0,634.0,2.0,1.0,789.0,92.0,831.0,21.0,723.0,42.0,103.0,37.0,903.0,27.0,0.0002483692,61.93181,63244.55,61404200.0,93.1519,53.6801
878.0,859.0,2.0,1.0,934.0,94.0,871.0,28.0,536.0,52.0,465.0,69.0,688.0,47.0,2.953355e-05,36.46019,98416.24,5265529.0,71.5372,18.9933
493.0,887.0,4.0,3.0,497.0,14.0,101.0,32.0,459.0,21.0,548.0,66.0,267.0,68.0,0.0001026364,60.48413,10785.12,12750420.0,115.054,26.4537
592.0,939.0,1.0,3.0,605.0,8.0,262.0,25.0,172.0,23.0,543.0,50.0,209.0,27.0,1.219873e-05,46.47337,40642.28,6729644.0,67.8398,18.2733
504.0,885.0,4.0,2.0,604.0,14.0,124.0,33.0,465.0,14.0,547.0,66.0,272.0,68.0,0.0001052235,40.88664,98416.24,8193759.0,99.5523,33.6489
332.0,806.0,2.0,1.0,375.0,15.0,934.0,16.0,882.0,76.0,104.0,93.0,610.0,32.0,6.905098e-05,56.87371,16783.42,10472090.0,78.7257,51.4651
430.0,572.0,1.0,3.0,734.0,15.0,726.0,67.0,983.0,58.0,658.0,92.0,308.0,39.0,0.000823502,29.17131,2174500.0,116340400.0,12.9823,5.8705
448.0,894.0,1.0,2.0,473.0,4.0,804.0,59.0,436.0,64.0,253.0,49.0,300.0,37.0,3.2722e-05,39.50616,153147.4,12750420.0,75.5275,30.8756
732.0,478.0,3.0,9.0,462.0,95.0,883.0,65.0,342.0,47.0,386.0,93.0,119.0,61.0,0.0006587454,17.24047,2174500.0,148689600.0,-11.4953,-6.67776
332.0,798.0,1.0,1.0,393.0,16.0,916.0,16.0,869.0,73.0,386.0,93.0,723.0,27.0,5.60283e-05,49.86696,98416.24,19841090.0,62.5904,26.8284
282.0,793.0,1.0,1.0,369.0,47.0,158.0,56.0,207.0,72.0,360.0,49.0,994.0,22.0,0.0003452473,16.18542,12750420.0,61404200.0,-1.22518,-250.211
466.0,769.0,3.0,4.0,738.0,96.0,830.0,94.0,637.0,28.0,543.0,60.0,970.0,37.0,0.0002387217,19.58352,1397391.0,12750420.0,30.9032,11.2425
527.0,923.0,1.0,3.0,624.0,16.0,112.0,19.0,400.0,20.0,467.0,67.0,316.0,61.0,3.252405e-05,59.06705,16783.42,16295760.0,75.6245,33.8478
522.0,842.0,1.0,1.0,488.0,33.0,538.0,46.0,586.0,59.0,350.0,91.0,992.0,84.0,9.696708e-05,63.36547,40642.28,48044980.0,56.9182,19.7515
624.0,886.0,1.0,3.0,926.0,63.0,573.0,15.0,596.0,91.0,168.0,88.0,204.0,10.0,1.67305e-05,55.22094,16783.42,8193759.0,56.3843,16.9306
807.0,333.0,1.0,2.0,303.0,73.0,133.0,73.0,344.0,30.0,394.0,80.0,180.0,33.0,0.0009136077,25.8371,8193758.0,360050100.0,-9.56429,1.82839
753.0,694.0,4.0,1.0,265.0,30.0,862.0,63.0,873.0,32.0,536.0,45.0,833.0,44.0,0.0002867001,50.10257,98416.24,30874990.0,103.406,24.7804
527.0,718.0,8.0,1.0,631.0,69.0,295.0,22.0,358.0,60.0,799.0,96.0,805.0,26.0,0.0002592408,64.07219,16783.42,19841090.0,98.7252,29.4146
379.0,862.0,1.0,1.0,438.0,11.0,911.0,17.0,884.0,69.0,214.0,92.0,606.0,24.0,2.415327e-05,57.81949,16783.42,10472090.0,62.0038,19.355
263.0,844.0,7.0,5.0,953.0,72.0,846.0,72.0,285.0,90.0,323.0,75.0,338.0,16.0,7.158779e-05,58.56285,10785.12,48044980.0,111.379,22.7555
643.0,787.0,1.0,2.0,923.0,68.0,829.0,10.0,588.0,37.0,239.0,71.0,175.0,3.0,3.701003e-05,56.69474,40642.28,19841090.0,57.8739,17.5558
671.0,798.0,1.0,6.0,492.0,83.0,992.0,66.0,179.0,57.0,213.0,33.0,798.0,18.0,9.484454e-05,59.97269,98416.24,148689600.0,64.1046,17.7736
546.0,559.0,7.0,4.0,770.0,19.0,509.0,64.0,718.0,33.0,649.0,19.0,323.0,41.0,0.0004144433,14.59971,898000.8,3383770.0,6.89591,3.48936
736.0,955.0,1.0,1.0,268.0,67.0,404.0,59.0,610.0,36.0,547.0,79.0,163.0,54.0,1.967399e-05,52.83977,26117.46,10472090.0,55.4435,12.7007
697.0,848.0,1.0,1.0,929.0,84.0,822.0,27.0,708.0,17.0,519.0,81.0,980.0,81.0,6.232535e-05,66.8873,10785.12,25358040.0,63.8763,19.4483
237.0,312.0,2.0,6.0,638.0,6.0,139.0,40.0,426.0,98.0,130.0,12.0,391.0,17.0,0.000568653,10.73705,3383769.0,16295760.0,0.0,0.0
540.0,925.0,1.0,3.0,591.0,11.0,122.0,21.0,273.0,12.0,543.0,64.0,325.0,27.0,2.124623e-05,25.55012,370846.0,5265529.0,53.9798,13.8822
631.0,682.0,2.0,1.0,788.0,93.0,816.0,21.0,775.0,32.0,152.0,34.0,905.0,20.0,0.0001721003,38.24908,577079.0,30874990.0,78.2815,52.9421
240.0,836.0,1.0,3.0,991.0,67.0,879.0,9.0,593.0,32.0,362.0,89.0,158.0,4.0,2.076795e-05,58.95568,16783.42,10472090.0,67.4779,22.846
465.0,864.0,1.0,2.0,887.0,30.0,589.0,47.0,531.0,59.0,396.0,17.0,992.0,93.0,3.720568e-05,19.88777,898000.8,8193759.0,64.6238,53.7759
574.0,676.0,9.0,3.0,476.0,99.0,429.0,61.0,887.0,93.0,536.0,62.0,749.0,51.0,0.0007310574,64.36824,40642.28,560278700.0,4.49915,4.54499
332.0,791.0,1.0,1.0,376.0,23.0,977.0,26.0,872.0,76.0,151.0,89.0,652.0,29.0,8.81605e-05,60.14292,40642.28,39459980.0,63.7904,40.6995
369.0,805.0,4.0,5.0,594.0,8.0,128.0,70.0,143.0,73.0,643.0,28.0,844.0,14.0,0.0002994592,23.69042,898000.8,12750420.0,108.912,34.0372
393.0,550.0,8.0,4.0,315.0,78.0,625.0,38.0,735.0,82.0,651.0,27.0,376.0,40.0,0.0006034609,18.92041,1397391.0,231377800.0,-249.812,1.83914
887.0,633.0,1.0,1.0,788.0,88.0,947.0,5.0,708.0,39.0,115.0,34.0,888.0,24.0,4.407938e-05,31.245,238315.2,8193759.0,77.3949,72.4915
709.0,874.0,1.0,1.0,899.0,94.0,753.0,26.0,734.0,17.0,592.0,83.0,965.0,77.0,3.916851e-05,67.07756,10785.12,16295760.0,58.9746,14.8065
266.0,648.0,7.0,6.0,921.0,78.0,326.0,72.0,286.0,59.0,323.0,95.0,804.0,17.0,0.00105638,3.936728,3383769.0,2779135.0,15.5175,9.04678
704.0,759.0,2.0,1.0,420.0,6.0,746.0,7.0,278.0,41.0,327.0,86.0,945.0,17.0,4.050199e-05,40.72339,63244.55,6729644.0,81.4888,24.852
753.0,689.0,4.0,1.0,244.0,31.0,872.0,63.0,915.0,32.0,536.0,52.0,804.0,44.0,0.0003231105,64.28957,26117.46,39459980.0,106.463,22.9086
734.0,310.0,1.0,1.0,984.0,14.0,965.0,66.0,178.0,73.0,611.0,40.0,797.0,3.0,7.115291e-05,22.97705,1397391.0,19841090.0,71.114,23.6161
794.0,677.0,1.0,1.0,945.0,92.0,830.0,22.0,216.0,37.0,176.0,35.0,966.0,54.0,9.892512e-05,24.79375,2174500.0,25358040.0,87.7312,42.3102
524.0,830.0,4.0,1.0,642.0,76.0,886.0,23.0,357.0,86.0,295.0,75.0,340.0,13.0,3.526443e-05,41.14122,63244.55,5265529.0,74.5638,16.6379
364.0,856.0,4.0,5.0,953.0,83.0,869.0,75.0,356.0,88.0,323.0,92.0,339.0,16.0,6.091235e-05,60.21541,16783.42,25358040.0,114.307,24.6463
770.0,914.0,1.0,3.0,335.0,12.0,480.0,74.0,609.0,14.0,535.0,90.0,131.0,52.0,7.449048e-05,58.00538,40642.28,25358040.0,83.4889,27.7639
696.0,735.0,2.0,1.0,188.0,3.0,516.0,9.0,237.0,42.0,327.0,86.0,946.0,19.0,6.492063e-05,38.43534,153147.4,10472090.0,82.6253,30.1866
476.0,863.0,1.0,2.0,918.0,30.0,522.0,47.0,524.0,59.0,563.0,80.0,993.0,85.0,6.501112e-05,53.53934,98416.24,30874990.0,61.3085,25.9043
510.0,695.0,8.0,1.0,678.0,72.0,331.0,22.0,362.0,60.0,754.0,96.0,794.0,23.0,0.0002913555,64.06686,16783.42,25358040.0,103.586,28.1033
543.0,913.0,1.0,1.0,624.0,12.0,113.0,30.0,132.0,14.0,462.0,48.0,200.0,66.0,4.777197e-05,42.80249,153147.4,19841090.0,74.2011,23.2253
347.0,791.0,1.0,1.0,444.0,19.0,977.0,12.0,860.0,74.0,170.0,93.0,606.0,20.0,5.363167e-05,56.98112,40642.28,19841090.0,66.8475,31.8391
541.0,472.0,1.0,2.0,584.0,22.0,175.0,82.0,786.0,7.0,636.0,61.0,157.0,78.0,0.003687922,25.28039,5265528.0,148689600.0,57.1525,9.4177
466.0,866.0,1.0,2.0,460.0,34.0,507.0,43.0,573.0,53.0,351.0,19.0,977.0,85.0,4.081008e-05,24.97133,898000.8,12750420.0,61.5858,47.959
646.0,793.0,1.0,2.0,925.0,70.0,803.0,11.0,511.0,46.0,205.0,95.0,154.0,5.0,4.855264e-05,58.87246,26117.46,19841090.0,70.1168,45.0056
717.0,750.0,1.0,1.0,188.0,75.0,622.0,8.0,271.0,41.0,424.0,31.0,956.0,19.0,3.346869e-05,24.34294,898000.8,16295760.0,58.1249,15.2541
493.0,924.0,2.0,3.0,501.0,11.0,157.0,13.0,595.0,20.0,542.0,64.0,200.0,72.0,3.072795e-05,47.54514,26117.46,4324649.0,90.1902,52.0781
345.0,857.0,4.0,5.0,939.0,83.0,846.0,72.0,288.0,88.0,323.0,90.0,394.0,15.0,5.57158e-05,58.69094,16783.42,16295760.0,107.15,26.128
645.0,614.0,4.0,1.0,239.0,75.0,668.0,9.0,251.0,2.0,732.0,81.0,996.0,27.0,0.0002403053,16.26477,898000.8,4324649.0,101.979,29.0958
299.0,902.0,2.0,6.0,290.0,85.0,890.0,73.0,337.0,87.0,327.0,82.0,363.0,15.0,2.3996e-05,58.93273,16783.42,12750420.0,62.8686,23.8485
696.0,777.0,2.0,1.0,188.0,6.0,620.0,9.0,237.0,41.0,327.0,86.0,946.0,17.0,4.343339e-05,52.64046,26117.46,10472090.0,75.0649,18.0203
417.0,711.0,1.0,1.0,142.0,14.0,914.0,22.0,147.0,51.0,410.0,28.0,958.0,26.0,8.320352e-05,17.68075,3383769.0,25358040.0,68.0183,32.6582
890.0,332.0,4.0,6.0,300.0,49.0,671.0,82.0,608.0,62.0,483.0,47.0,651.0,51.0,0.0001027137,15.13458,577079.0,2779135.0,45.8585,11.4544
799.0,634.0,1.0,1.0,756.0,75.0,707.0,24.0,747.0,43.0,161.0,37.0,870.0,27.0,0.0001845839,45.10038,370846.0,61404200.0,73.783,56.8683
492.0,876.0,1.0,2.0,963.0,28.0,567.0,42.0,492.0,48.0,339.0,79.0,993.0,91.0,5.135088e-05,60.18179,26117.46,25358040.0,68.8096,32.9074
540.0,924.0,1.0,2.0,591.0,11.0,118.0,23.0,162.0,26.0,533.0,45.0,217.0,27.0,2.163709e-05,48.50403,63244.55,12750420.0,57.7613,14.2194
335.0,664.0,7.0,4.0,983.0,52.0,384.0,11.0,704.0,22.0,819.0,86.0,933.0,69.0,0.0003367551,39.49224,153147.4,181038800.0,11.8539,8.90585
717.0,677.0,1.0,1.0,797.0,88.0,829.0,21.0,186.0,46.0,186.0,45.0,626.0,17.0,0.0001316395,35.53826,1397391.0,61404200.0,74.337,35.2883
456.0,844.0,1.0,2.0,493.0,43.0,554.0,47.0,521.0,59.0,434.0,28.0,997.0,83.0,6.125183e-05,26.52114,1397391.0,19841090.0,65.2719,43.2465
331.0,839.0,1.0,2.0,244.0,17.0,527.0,63.0,585.0,42.0,724.0,85.0,500.0,50.0,0.0001301774,61.45228,63244.55,74763430.0,63.1969,22.6558
460.0,867.0,1.0,2.0,963.0,31.0,512.0,40.0,492.0,48.0,317.0,27.0,996.0,85.0,4.254199e-05,29.85077,577079.0,16295760.0,67.7469,51.6368
493.0,913.0,2.0,3.0,603.0,13.0,101.0,27.0,461.0,20.0,542.0,65.0,318.0,68.0,5.342187e-05,61.51568,10785.12,12750420.0,89.9403,35.3545
789.0,431.0,3.0,2.0,207.0,13.0,626.0,12.0,221.0,3.0,387.0,82.0,690.0,48.0,0.0006374829,36.75414,238315.2,19841090.0,135.524,16.7856
466.0,873.0,1.0,2.0,952.0,34.0,563.0,35.0,492.0,57.0,343.0,26.0,997.0,85.0,2.86885e-05,24.70592,577079.0,8193759.0,66.1739,33.0533
379.0,863.0,1.0,1.0,456.0,14.0,921.0,25.0,856.0,78.0,183.0,88.0,619.0,25.0,2.806112e-05,60.47903,16783.42,12750420.0,55.2269,15.6283
466.0,879.0,1.0,2.0,906.0,33.0,563.0,50.0,490.0,57.0,394.0,26.0,997.0,81.0,3.478244e-05,27.16144,577079.0,12750420.0,57.9173,19.7643
332.0,800.0,2.0,1.0,372.0,15.0,947.0,19.0,882.0,70.0,148.0,93.0,597.0,31.0,7.669681e-05,58.56367,16783.42,12750420.0,79.3032,53.1351
200.0,780.0,3.0,2.0,364.0,64.0,492.0,58.0,521.0,58.0,316.0,24.0,639.0,86.0,0.0002226733,24.76082,1397391.0,25358040.0,76.1255,25.6582
321.0,619.0,1.0,3.0,376.0,15.0,625.0,25.0,563.0,82.0,398.0,94.0,397.0,1.0,0.0002390898,3.636472,5265528.0,5265529.0,30.0802,12.4394
696.0,761.0,2.0,1.0,201.0,73.0,620.0,11.0,236.0,41.0,329.0,85.0,988.0,17.0,5.891563e-05,59.86148,26117.46,19841090.0,65.3192,14.777
364.0,835.0,1.0,1.0,397.0,14.0,977.0,16.0,871.0,70.0,158.0,89.0,660.0,23.0,3.371898e-05,59.08715,16783.42,12750420.0,62.4504,21.0874
241.0,390.0,3.0,3.0,250.0,14.0,627.0,12.0,738.0,2.0,382.0,82.0,691.0,48.0,0.001508618,-33.72708,-10.0,-10.0,0.0,47.2158
315.0,858.0,1.0,6.0,934.0,83.0,846.0,72.0,497.0,33.0,330.0,75.0,947.0,17.0,4.651328e-05,14.11703,1397391.0,5265529.0,35.6109,18.2559
494.0,704.0,6.0,4.0,575.0,15.0,119.0,22.0,492.0,15.0,551.0,28.0,986.0,75.0,0.000530543,56.42866,40642.28,438383300.0,34.5823,15.5621
669.0,422.0,3.0,1.0,207.0,5.0,185.0,12.0,175.0,3.0,396.0,35.0,671.0,48.0,0.0006006728,27.49284,898000.8,16295760.0,113.234,27.0532
452.0,937.0,1.0,3.0,590.0,10.0,118.0,19.0,154.0,16.0,524.0,65.0,250.0,60.0,2.335656e-05,49.6199,40642.28,10472090.0,77.5349,33.8162
769.0,768.0,1.0,1.0,730.0,84.0,792.0,20.0,580.0,40.0,167.0,21.0,896.0,18.0,6.302563e-05,50.7552,153147.4,39459980.0,43.2653,10.9627
670.0,787.0,1.0,2.0,944.0,99.0,984.0,50.0,730.0,62.0,524.0,77.0,654.0,44.0,0.0001263362,44.53957,370846.0,61404200.0,64.2337,33.5649
490.0,830.0,1.0,1.0,868.0,31.0,490.0,44.0,552.0,63.0,348.0,83.0,990.0,81.0,0.0001153503,62.42745,40642.28,48044980.0,61.5118,24.3902
479.0,863.0,1.0,2.0,912.0,30.0,522.0,47.0,524.0,59.0,553.0,80.0,993.0,85.0,6.52127e-05,54.53858,98416.24,30874990.0,61.5414,26.2205
705.0,643.0,1.0,1.0,796.0,87.0,742.0,11.0,757.0,32.0,187.0,32.0,855.0,21.0,0.0001581142,49.92242,238315.2,61404200.0,71.7728,56.0022
727.0,431.0,3.0,2.0,207.0,13.0,626.0,10.0,221.0,3.0,387.0,82.0,690.0,48.0,0.0008356664,40.44477,238315.2,39459980.0,153.981,15.8015
300.0,679.0,8.0,1.0,806.0,95.0,847.0,48.0,670.0,50.0,581.0,84.0,979.0,44.0,0.0003868033,50.29459,98416.24,30874990.0,124.184,27.1382
204.0,881.0,1.0,1.0,915.0,65.0,653.0,15.0,586.0,40.0,218.0,99.0,206.0,14.0,2.400322e-05,58.20846,16783.42,10472090.0,65.3471,17.5264
721.0,758.0,2.0,1.0,439.0,76.0,703.0,9.0,237.0,2.0,702.0,26.0,957.0,32.0,8.250674e-05,64.5698,10785.12,16295760.0,77.0273,23.0233
727.0,695.0,2.0,1.0,206.0,4.0,582.0,10.0,213.0,42.0,389.0,85.0,684.0,16.0,6.583105e-05,29.39597,370846.0,10472090.0,87.3242,37.8493
290.0,839.0,4.0,2.0,275.0,3.0,176.0,94.0,367.0,43.0,901.0,25.0,710.0,10.0,0.0002163213,6.456207,1397391.0,2779135.0,-6.50712,-571.127
707.0,634.0,2.0,1.0,788.0,89.0,743.0,21.0,717.0,42.0,164.0,38.0,890.0,7.0,0.000146919,25.82827,898000.8,19841090.0,47.5927,12.7888
335.0,896.0,1.0,1.0,422.0,11.0,933.0,14.0,847.0,59.0,160.0,88.0,665.0,22.0,1.089203e-05,58.28776,6930.448,5265529.0,61.5369,15.7572
791.0,695.0,1.0,3.0,345.0,66.0,506.0,69.0,925.0,13.0,528.0,48.0,102.0,50.0,0.0007705201,33.43366,2174500.0,360050100.0,5.7145,3.07401
887.0,767.0,1.0,1.0,769.0,90.0,895.0,10.0,704.0,37.0,141.0,34.0,994.0,17.0,3.59863e-05,50.47264,63244.55,16295760.0,59.4045,16.8248
715.0,854.0,2.0,2.0,899.0,85.0,752.0,26.0,732.0,18.0,591.0,83.0,967.0,77.0,5.514968e-05,66.89692,6930.448,10472090.0,81.8654,41.7117
341.0,810.0,1.0,1.0,446.0,8.0,935.0,18.0,877.0,62.0,171.0,93.0,597.0,23.0,5.553609e-05,59.80608,26117.46,19841090.0,67.9592,27.6053
692.0,845.0,4.0,7.0,593.0,2.0,665.0,45.0,402.0,79.0,626.0,96.0,897.0,52.0,3.508775e-05,26.38916,98416.24,1785947.0,108.288,19.5303
258.0,847.0,5.0,5.0,905.0,81.0,878.0,73.0,289.0,94.0,323.0,92.0,350.0,15.0,6.703521e-05,59.80359,16783.42,39459980.0,115.784,22.6422
658.0,752.0,1.0,3.0,924.0,67.0,835.0,5.0,583.0,37.0,300.0,96.0,195.0,4.0,4.449944e-05,56.22742,26117.46,16295760.0,79.5914,48.8392
324.0,878.0,5.0,4.0,885.0,81.0,888.0,67.0,287.0,94.0,321.0,90.0,340.0,13.0,3.479689e-05,59.92027,6930.448,6729644.0,79.7192,32.2736
732.0,760.0,2.0,1.0,399.0,75.0,749.0,8.0,194.0,1.0,681.0,24.0,968.0,32.0,7.927094e-05,37.09859,153147.4,10472090.0,78.4356,23.346
698.0,822.0,1.0,1.0,900.0,91.0,751.0,27.0,724.0,18.0,545.0,84.0,968.0,72.0,8.96806e-05,52.78901,98416.24,30874990.0,60.7969,20.3195
493.0,906.0,1.0,3.0,602.0,12.0,142.0,27.0,612.0,23.0,542.0,64.0,175.0,28.0,4.69345e-05,51.83046,63244.55,19841090.0,70.9289,31.7689
735.0,806.0,1.0,5.0,533.0,16.0,968.0,64.0,178.0,74.0,648.0,38.0,797.0,14.0,5.701652e-05,27.42553,1397391.0,19841090.0,62.6825,24.4922
201.0,886.0,1.0,1.0,948.0,69.0,631.0,15.0,599.0,45.0,213.0,99.0,130.0,14.0,2.646968e-05,52.8173,26117.46,10472090.0,71.1672,23.738
681.0,760.0,2.0,1.0,415.0,75.0,774.0,8.0,272.0,2.0,342.0,27.0,994.0,12.0,4.008851e-05,17.01802,370846.0,2174501.0,64.4447,12.8287
731.0,719.0,2.0,1.0,794.0,91.0,763.0,21.0,728.0,41.0,167.0,36.0,905.0,24.0,0.0001332506,64.52313,26117.46,39459980.0,75.0959,55.0197
730.0,960.0,1.0,2.0,371.0,64.0,518.0,71.0,979.0,14.0,538.0,45.0,105.0,50.0,2.400956e-05,55.01748,26117.46,10472090.0,68.1848,19.9485
268.0,860.0,1.0,1.0,372.0,15.0,934.0,15.0,911.0,68.0,162.0,88.0,665.0,23.0,2.228265e-05,58.40762,16783.42,10472090.0,60.5552,18.5182
693.0,856.0,1.0,1.0,903.0,84.0,821.0,25.0,732.0,18.0,591.0,79.0,966.0,76.0,5.016264e-05,63.99077,16783.42,19841090.0,62.146,17.8448
330.0,675.0,7.0,1.0,544.0,11.0,987.0,71.0,178.0,57.0,126.0,28.0,955.0,15.0,0.0003267691,44.20209,98416.24,12750420.0,91.7082,43.6613
660.0,818.0,1.0,3.0,994.0,66.0,879.0,8.0,593.0,33.0,371.0,90.0,194.0,4.0,2.294031e-05,59.89838,16783.42,10472090.0,65.4233,21.3554
635.0,670.0,1.0,6.0,525.0,72.0,201.0,63.0,214.0,72.0,647.0,39.0,954.0,26.0,0.0007149558,38.36136,3383769.0,438383300.0,15.0063,9.33711
454.0,886.0,4.0,4.0,565.0,15.0,118.0,32.0,466.0,22.0,572.0,67.0,173.0,71.0,0.0001073847,53.46724,26117.46,16295760.0,137.402,19.8499
452.0,925.0,1.0,3.0,591.0,11.0,120.0,20.0,156.0,17.0,461.0,70.0,204.0,71.0,3.472277e-05,45.99145,98416.24,12750420.0,86.3642,36.0754
721.0,761.0,2.0,1.0,425.0,8.0,749.0,8.0,272.0,38.0,322.0,86.0,957.0,29.0,4.708161e-05,33.60143,153147.4,6729644.0,85.5675,39.7268
753.0,694.0,4.0,1.0,237.0,32.0,877.0,73.0,925.0,33.0,557.0,50.0,829.0,44.0,0.0003279592,64.39761,26117.46,48044980.0,105.37,20.8002
544.0,864.0,4.0,3.0,599.0,15.0,113.0,32.0,149.0,18.0,530.0,26.0,190.0,25.0,8.225696e-05,35.06644,238315.2,10472090.0,109.629,34.6189
753.0,694.0,4.0,1.0,263.0,60.0,529.0,63.0,891.0,32.0,724.0,50.0,834.0,40.0,0.0003887873,39.25998,577079.0,48044980.0,101.453,22.0794
755.0,867.0,1.0,1.0,492.0,3.0,999.0,61.0,237.0,61.0,579.0,45.0,808.0,1.0,1.452712e-05,10.13594,577079.0,2174501.0,-58.0742,-9.15267
515.0,869.0,4.0,2.0,502.0,82.0,794.0,64.0,716.0,71.0,350.0,46.0,925.0,41.0,4.523597e-05,64.57929,6930.448,10472090.0,62.9348,13.0904
797.0,857.0,1.0,3.0,494.0,2.0,999.0,60.0,352.0,57.0,579.0,44.0,720.0,1.0,8.565919e-06,18.65466,238315.2,2174501.0,-34.5537,-5.31374
888.0,849.0,1.0,1.0,764.0,87.0,918.0,9.0,713.0,43.0,140.0,28.0,914.0,13.0,1.175034e-05,57.39951,10785.12,6729644.0,47.4489,9.65933
771.0,913.0,1.0,4.0,371.0,68.0,522.0,73.0,919.0,14.0,536.0,47.0,127.0,51.0,6.486442e-05,59.37851,40642.28,30874990.0,85.35,31.6617
625.0,886.0,1.0,1.0,946.0,63.0,657.0,20.0,602.0,44.0,307.0,76.0,177.0,14.0,2.27195e-05,55.32269,26117.46,10472090.0,60.36,14.9517
216.0,885.0,1.0,1.0,889.0,66.0,656.0,15.0,533.0,44.0,166.0,87.0,194.0,19.0,2.608979e-05,53.26499,26117.46,10472090.0,70.9569,21.1216
680.0,834.0,1.0,6.0,939.0,12.0,967.0,48.0,416.0,50.0,250.0,30.0,793.0,17.0,4.319078e-05,59.59082,26117.46,25358040.0,77.8121,34.5255
549.0,913.0,1.0,3.0,594.0,11.0,120.0,21.0,156.0,7.0,522.0,50.0,201.0,24.0,3.195868e-05,29.72702,370846.0,8193759.0,67.8735,25.0217
658.0,682.0,2.0,1.0,788.0,91.0,816.0,21.0,778.0,34.0,167.0,34.0,905.0,20.0,0.0001694479,43.75695,370846.0,39459980.0,77.8096,53.3247
474.0,810.0,1.0,1.0,502.0,26.0,986.0,25.0,875.0,76.0,207.0,91.0,603.0,23.0,6.052284e-05,62.01685,26117.46,25358040.0,58.0502,22.4107
525.0,726.0,6.0,1.0,647.0,82.0,876.0,26.0,362.0,85.0,307.0,90.0,778.0,14.0,0.0001181525,62.43973,16783.42,16295760.0,80.3994,28.5199
530.0,717.0,6.0,2.0,632.0,83.0,836.0,22.0,358.0,32.0,730.0,96.0,805.0,16.0,0.0001262514,51.98888,40642.28,16295760.0,111.33,25.4586
727.0,956.0,1.0,1.0,325.0,62.0,415.0,74.0,609.0,20.0,539.0,82.0,133.0,38.0,2.495368e-05,58.39706,16783.42,12750420.0,49.0166,10.5146
753.0,686.0,2.0,3.0,277.0,67.0,469.0,63.0,608.0,14.0,687.0,50.0,107.0,42.0,0.0006865073,29.37663,2174500.0,360050100.0,2.13746,1.73634
334.0,955.0,1.0,1.0,336.0,66.0,415.0,57.0,609.0,42.0,530.0,62.0,112.0,37.0,1.739486e-05,49.4658,40642.28,10472090.0,61.0228,15.3189
394.0,853.0,3.0,3.0,787.0,67.0,658.0,97.0,584.0,76.0,822.0,15.0,479.0,80.0,7.526029e-05,12.66379,898000.8,2779135.0,106.562,37.7479
527.0,896.0,2.0,5.0,273.0,80.0,890.0,74.0,287.0,88.0,325.0,83.0,393.0,17.0,2.676387e-05,59.26067,16783.42,12750420.0,61.5992,21.3212
235.0,347.0,4.0,2.0,645.0,11.0,647.0,10.0,169.0,3.0,556.0,79.0,691.0,48.0,0.001455714,37.93705,238315.2,39459980.0,155.955,22.4363
454.0,906.0,1.0,3.0,602.0,12.0,142.0,27.0,612.0,17.0,517.0,68.0,324.0,68.0,5.798856e-05,43.15602,153147.4,16295760.0,80.8819,33.7468
632.0,729.0,1.0,3.0,974.0,62.0,566.0,15.0,612.0,43.0,181.0,88.0,154.0,10.0,0.0001983493,60.0013,63244.55,148689600.0,103.307,34.6402
324.0,839.0,1.0,2.0,273.0,15.0,525.0,63.0,486.0,42.0,523.0,85.0,500.0,57.0,0.000138419,60.55938,63244.55,74763430.0,77.2325,23.9435
452.0,937.0,1.0,3.0,591.0,11.0,110.0,19.0,414.0,17.0,538.0,65.0,293.0,60.0,2.602439e-05,59.98169,16783.42,12750420.0,72.6852,26.6358
718.0,631.0,2.0,1.0,781.0,92.0,831.0,22.0,723.0,42.0,103.0,35.0,902.0,26.0,0.0002508407,61.86892,63244.55,61404200.0,92.9855,53.7412
370.0,798.0,1.0,1.0,370.0,30.0,977.0,25.0,904.0,79.0,183.0,89.0,661.0,33.0,8.315753e-05,60.42486,40642.28,30874990.0,63.6306,42.2659
769.0,969.0,1.0,1.0,287.0,60.0,405.0,69.0,604.0,17.0,545.0,48.0,104.0,40.0,1.676072e-05,53.04369,26117.46,8193759.0,58.9017,13.0901
708.0,747.0,1.0,1.0,197.0,15.0,612.0,5.0,233.0,33.0,379.0,89.0,917.0,19.0,4.205367e-05,34.82568,370846.0,16295760.0,74.6032,23.7234
452.0,932.0,1.0,2.0,544.0,12.0,134.0,19.0,151.0,19.0,520.0,65.0,213.0,23.0,1.804984e-05,55.87032,26117.46,10472090.0,55.9578,13.0459
568.0,737.0,1.0,2.0,900.0,67.0,788.0,10.0,561.0,38.0,381.0,85.0,209.0,5.0,7.532497e-05,60.7498,40642.28,39459980.0,72.7316,39.9843
573.0,866.0,1.0,2.0,472.0,31.0,498.0,50.0,576.0,59.0,395.0,84.0,999.0,82.0,6.747725e-05,63.75414,40642.28,39459980.0,59.4651,27.4776
705.0,775.0,2.0,1.0,796.0,89.0,724.0,20.0,778.0,42.0,167.0,30.0,916.0,24.0,7.708609e-05,64.76358,16783.42,25358040.0,63.1809,17.116
523.0,912.0,1.0,3.0,587.0,13.0,141.0,28.0,384.0,20.0,552.0,61.0,321.0,60.0,4.356291e-05,59.28734,26117.46,19841090.0,76.1631,33.1768
687.0,769.0,2.0,3.0,918.0,95.0,986.0,37.0,789.0,59.0,490.0,84.0,938.0,81.0,0.0001338973,37.71305,370846.0,25358040.0,95.0234,28.6441
649.0,785.0,1.0,2.0,900.0,65.0,787.0,11.0,600.0,42.0,381.0,87.0,188.0,4.0,4.338925e-05,62.32192,26117.46,25358040.0,58.8716,20.029
357.0,955.0,1.0,1.0,336.0,70.0,400.0,58.0,603.0,42.0,599.0,64.0,112.0,43.0,1.82279e-05,48.49884,63244.55,10472090.0,61.7312,16.0139
279.0,796.0,1.0,1.0,924.0,67.0,616.0,14.0,602.0,93.0,654.0,91.0,112.0,20.0,4.682864e-05,22.28274,577079.0,8193759.0,72.5632,48.3249
384.0,464.0,9.0,9.0,149.0,53.0,842.0,55.0,331.0,31.0,208.0,14.0,100.0,82.0,0.001079259,2.844034,5265528.0,3383770.0,0.0,0.0
528.0,741.0,5.0,1.0,272.0,83.0,317.0,25.0,414.0,66.0,317.0,83.0,807.0,22.0,0.0002117886,28.26764,898000.8,16295760.0,86.1168,31.271
743.0,794.0,1.0,4.0,533.0,15.0,989.0,58.0,297.0,67.0,140.0,40.0,790.0,14.0,6.79388e-05,57.13964,63244.55,39459980.0,72.7156,26.992
324.0,724.0,3.0,1.0,639.0,69.0,259.0,28.0,363.0,54.0,311.0,96.0,796.0,23.0,0.0003224693,18.07776,2174500.0,16295760.0,87.2063,27.5812
261.0,855.0,5.0,5.0,905.0,83.0,878.0,73.0,247.0,93.0,322.0,90.0,349.0,16.0,5.882057e-05,58.54912,16783.42,19841090.0,122.266,23.7992
746.0,715.0,2.0,1.0,440.0,74.0,629.0,24.0,220.0,46.0,352.0,84.0,921.0,19.0,0.0001412664,61.59137,63244.55,48044980.0,70.6146,27.9963
247.0,836.0,1.0,3.0,994.0,66.0,879.0,9.0,593.0,37.0,384.0,90.0,194.0,4.0,1.857201e-05,59.71987,10785.12,10472090.0,62.3142,18.56
641.0,809.0,1.0,3.0,943.0,60.0,847.0,14.0,603.0,44.0,343.0,75.0,199.0,14.0,5.186801e-05,42.81274,153147.4,16295760.0,85.1985,49.5084
696.0,758.0,2.0,1.0,192.0,13.0,499.0,11.0,220.0,41.0,323.0,87.0,960.0,17.0,6.710535e-05,59.06792,26117.46,19841090.0,70.1306,17.1175
524.0,727.0,6.0,1.0,598.0,78.0,889.0,22.0,358.0,93.0,313.0,90.0,804.0,14.0,0.0001016956,61.2027,16783.42,12750420.0,80.1466,26.3177
627.0,859.0,2.0,1.0,919.0,96.0,871.0,28.0,536.0,51.0,459.0,69.0,944.0,47.0,3.252461e-05,49.40695,40642.28,10472090.0,64.6913,14.4978
243.0,867.0,6.0,5.0,292.0,67.0,915.0,33.0,116.0,42.0,530.0,99.0,762.0,25.0,2.501219e-05,47.62765,16783.42,3383770.0,97.1072,30.7619
489.0,912.0,1.0,2.0,574.0,15.0,112.0,30.0,449.0,20.0,527.0,66.0,196.0,60.0,6.152048e-05,58.78843,40642.28,25358040.0,75.8058,33.115
331.0,839.0,1.0,2.0,270.0,17.0,520.0,63.0,602.0,42.0,724.0,85.0,500.0,50.0,0.0001315134,61.60409,63244.55,61404200.0,63.221,22.7657
348.0,833.0,1.0,1.0,371.0,15.0,935.0,20.0,879.0,68.0,148.0,94.0,610.0,32.0,4.962564e-05,58.85185,26117.46,16295760.0,65.9681,27.7044
726.0,747.0,2.0,1.0,201.0,13.0,622.0,8.0,213.0,43.0,323.0,74.0,730.0,24.0,4.884273e-05,28.08192,370846.0,8193759.0,86.0666,43.7252
905.0,755.0,1.0,1.0,701.0,91.0,878.0,8.0,715.0,44.0,110.0,38.0,976.0,13.0,3.358886e-05,57.64543,26117.46,16295760.0,58.282,16.3777
718.0,633.0,2.0,1.0,747.0,88.0,762.0,18.0,745.0,44.0,103.0,16.0,902.0,27.0,0.0001704512,39.84072,370846.0,39459980.0,90.2771,58.6811
735.0,605.0,2.0,1.0,442.0,78.0,580.0,5.0,218.0,1.0,745.0,26.0,997.0,94.0,0.0002406431,27.99562,577079.0,12750420.0,98.0175,30.4199
438.0,646.0,6.0,1.0,440.0,12.0,896.0,75.0,719.0,5.0,364.0,69.0,168.0,24.0,0.001041152,5.116975,1397391.0,1785947.0,127.85,16.1756
708.0,681.0,2.0,1.0,780.0,95.0,790.0,18.0,158.0,33.0,101.0,16.0,895.0,24.0,0.0001081346,30.02825,898000.8,25358040.0,86.9138,43.7302
521.0,812.0,3.0,5.0,288.0,82.0,311.0,75.0,396.0,87.0,324.0,83.0,807.0,16.0,0.0002037035,13.79395,2174500.0,10472090.0,50.5185,15.0472
631.0,752.0,1.0,3.0,931.0,67.0,572.0,9.0,602.0,46.0,181.0,89.0,198.0,9.0,0.0001016353,59.03006,40642.28,39459980.0,94.4633,43.8619
721.0,744.0,2.0,1.0,213.0,16.0,593.0,7.0,156.0,43.0,698.0,78.0,910.0,31.0,3.512893e-05,19.88763,577079.0,4324649.0,83.5154,35.2576
478.0,913.0,1.0,3.0,624.0,12.0,118.0,24.0,414.0,20.0,467.0,66.0,316.0,61.0,4.555014e-05,60.88899,26117.46,19841090.0,78.4319,34.7359
208.0,886.0,1.0,1.0,931.0,64.0,654.0,15.0,592.0,44.0,188.0,87.0,194.0,15.0,2.255174e-05,55.57522,16783.42,10472090.0,66.9424,17.9296
481.0,806.0,1.0,1.0,863.0,31.0,474.0,41.0,551.0,62.0,307.0,80.0,990.0,79.0,0.0001593349,61.94417,63244.55,61404200.0,68.1996,41.5786
452.0,937.0,1.0,3.0,591.0,12.0,118.0,16.0,414.0,22.0,533.0,64.0,293.0,60.0,2.183122e-05,53.73558,26117.46,10472090.0,74.2739,27.6372
395.0,852.0,3.0,3.0,495.0,88.0,858.0,64.0,590.0,84.0,259.0,48.0,920.0,36.0,5.654371e-05,62.60114,16783.42,16295760.0,80.0118,40.5751
240.0,836.0,1.0,3.0,908.0,66.0,820.0,9.0,592.0,33.0,386.0,90.0,194.0,4.0,1.969698e-05,61.84606,10785.12,10472090.0,61.7427,18.0785
245.0,853.0,5.0,3.0,588.0,83.0,880.0,72.0,383.0,92.0,819.0,90.0,808.0,22.0,5.371854e-05,64.0128,6930.448,10472090.0,63.7585,16.3139
559.0,848.0,3.0,3.0,494.0,81.0,816.0,63.0,688.0,63.0,389.0,47.0,925.0,40.0,6.265049e-05,65.27939,10785.12,19841090.0,84.8107,39.4259
268.0,860.0,1.0,1.0,372.0,15.0,934.0,15.0,911.0,68.0,155.0,89.0,665.0,23.0,2.236313e-05,58.57658,16783.42,10472090.0,60.5336,18.471
783.0,695.0,1.0,1.0,356.0,11.0,499.0,70.0,584.0,13.0,582.0,45.0,812.0,41.0,0.0001924969,41.37811,370846.0,48044980.0,79.4854,26.2492
493.0,887.0,3.0,3.0,599.0,15.0,157.0,33.0,481.0,21.0,585.0,66.0,177.0,71.0,9.381204e-05,52.20513,40642.28,12750420.0,112.531,28.7865
718.0,649.0,2.0,1.0,774.0,94.0,795.0,13.0,723.0,43.0,103.0,33.0,908.0,27.0,0.0001752615,48.70207,153147.4,30874990.0,89.2298,56.8775
475.0,822.0,3.0,2.0,555.0,82.0,790.0,64.0,618.0,72.0,250.0,50.0,940.0,33.0,9.232483e-05,42.69438,238315.2,19841090.0,75.6905,40.1255
531.0,869.0,3.0,1.0,520.0,82.0,782.0,64.0,716.0,71.0,387.0,45.0,924.0,41.0,4.519839e-05,64.59947,10785.12,16295760.0,41.2402,6.02905
582.0,641.0,4.0,6.0,523.0,78.0,696.0,54.0,984.0,20.0,861.0,15.0,342.0,69.0,0.00048305,18.95949,1397391.0,148689600.0,-2.20367,638.261
695.0,864.0,2.0,1.0,870.0,84.0,854.0,29.0,592.0,48.0,495.0,81.0,937.0,47.0,3.214177e-05,57.61647,16783.42,10472090.0,63.803,13.9592
482.0,800.0,1.0,2.0,381.0,33.0,530.0,41.0,532.0,59.0,336.0,18.0,990.0,87.0,9.98868e-05,22.54566,2174500.0,25358040.0,83.1224,44.2433
273.0,807.0,1.0,4.0,820.0,94.0,937.0,98.0,179.0,25.0,747.0,82.0,953.0,22.0,0.000127539,17.45174,3383769.0,19841090.0,41.5732,20.9738
831.0,817.0,1.0,6.0,520.0,3.0,997.0,53.0,157.0,73.0,209.0,33.0,773.0,17.0,1.035925e-05,15.10513,370846.0,1785947.0,86.9048,30.5916
888.0,803.0,1.0,1.0,794.0,88.0,887.0,8.0,592.0,43.0,165.0,36.0,893.0,20.0,2.228531e-05,38.60912,98416.24,8193759.0,64.5463,18.1829
606.0,793.0,2.0,2.0,829.0,14.0,492.0,10.0,521.0,17.0,795.0,19.0,639.0,86.0,3.314552e-05,12.55706,370846.0,1147697.0,94.6144,54.2405
371.0,955.0,1.0,1.0,336.0,64.0,392.0,58.0,603.0,44.0,577.0,58.0,112.0,43.0,1.755471e-05,47.89702,63244.55,10472090.0,61.8006,15.9917
331.0,857.0,1.0,1.0,273.0,31.0,527.0,63.0,585.0,42.0,724.0,82.0,500.0,49.0,9.568378e-05,62.50383,63244.55,48044980.0,41.3399,11.4624
326.0,842.0,1.0,2.0,273.0,69.0,424.0,78.0,597.0,43.0,722.0,84.0,114.0,52.0,0.0002002832,39.93402,898000.8,116340400.0,56.8454,15.9564
701.0,856.0,2.0,2.0,882.0,83.0,823.0,27.0,712.0,18.0,525.0,78.0,971.0,82.0,5.430285e-05,65.04458,6930.448,10472090.0,83.4124,45.8768
551.0,717.0,5.0,1.0,632.0,78.0,884.0,72.0,286.0,94.0,314.0,90.0,804.0,13.0,0.0002563647,24.50277,1397391.0,16295760.0,67.5403,19.6757
322.0,861.0,1.0,1.0,384.0,14.0,909.0,15.0,884.0,69.0,171.0,91.0,681.0,23.0,2.172331e-05,58.80637,16783.42,10472090.0,60.0906,17.8376
754.0,275.0,1.0,6.0,999.0,77.0,976.0,57.0,194.0,56.0,641.0,44.0,796.0,1.0,0.0002115117,61.04772,153147.4,181038800.0,43.934,18.7555
681.0,856.0,1.0,6.0,995.0,10.0,981.0,58.0,369.0,57.0,249.0,35.0,829.0,17.0,3.396767e-05,58.09935,26117.46,16295760.0,64.3068,33.7588
493.0,814.0,1.0,1.0,499.0,33.0,488.0,44.0,551.0,61.0,348.0,92.0,989.0,86.0,0.0001531835,62.96687,63244.55,74763430.0,64.0175,32.909
691.0,780.0,1.0,1.0,423.0,14.0,612.0,3.0,176.0,26.0,379.0,89.0,951.0,19.0,2.620562e-05,35.60947,153147.4,6729644.0,78.7199,23.8788
544.0,884.0,2.0,3.0,590.0,15.0,113.0,27.0,149.0,21.0,530.0,66.0,173.0,27.0,6.527103e-05,53.95559,40642.28,16295760.0,95.3625,32.3694
503.0,695.0,7.0,1.0,640.0,69.0,174.0,72.0,241.0,94.0,242.0,96.0,377.0,23.0,0.001109735,18.89171,3383769.0,25358040.0,69.0006,18.3734
269.0,856.0,7.0,1.0,955.0,90.0,149.0,72.0,288.0,27.0,761.0,89.0,338.0,17.0,0.0001817177,10.44061,898000.8,2174501.0,9.4443,983.732
536.0,814.0,1.0,1.0,381.0,30.0,471.0,43.0,585.0,61.0,308.0,18.0,989.0,88.0,9.609647e-05,24.82051,2174500.0,25358040.0,58.8924,45.0016
694.0,808.0,1.0,1.0,900.0,94.0,756.0,28.0,734.0,18.0,493.0,82.0,977.0,79.0,0.0001170259,50.97589,153147.4,39459980.0,64.2598,26.9794
324.0,804.0,1.0,5.0,587.0,83.0,986.0,69.0,172.0,57.0,178.0,28.0,851.0,19.0,9.465375e-05,59.02753,98416.24,95551890.0,72.4796,22.257
454.0,926.0,1.0,2.0,748.0,6.0,854.0,63.0,434.0,65.0,294.0,49.0,288.0,36.0,1.746353e-05,46.9242,40642.28,8193759.0,68.4849,18.2013
529.0,913.0,2.0,3.0,603.0,13.0,117.0,27.0,462.0,20.0,548.0,65.0,192.0,68.0,5.506784e-05,54.72718,26117.46,10472090.0,95.6407,33.9895
715.0,770.0,1.0,1.0,764.0,83.0,887.0,7.0,746.0,42.0,174.0,36.0,908.0,17.0,3.467713e-05,44.88554,98416.24,16295760.0,61.8502,18.8543
528.0,740.0,4.0,1.0,596.0,68.0,299.0,74.0,415.0,64.0,739.0,82.0,768.0,22.0,0.0005074594,17.90521,2174500.0,16295760.0,63.4672,23.5484
640.0,809.0,1.0,3.0,900.0,63.0,836.0,8.0,610.0,34.0,387.0,87.0,235.0,4.0,2.450301e-05,62.7505,10785.12,12750420.0,62.2531,19.8912
345.0,855.0,6.0,4.0,927.0,81.0,810.0,71.0,352.0,94.0,323.0,90.0,338.0,14.0,6.001108e-05,58.43066,10785.12,10472090.0,106.8,29.4131
274.0,845.0,7.0,2.0,239.0,67.0,173.0,73.0,235.0,94.0,321.0,92.0,338.0,86.0,0.0002757407,41.39869,238315.2,281716800.0,50.8518,14.284
698.0,856.0,1.0,4.0,986.0,11.0,981.0,56.0,318.0,55.0,270.0,33.0,798.0,17.0,3.275055e-05,58.38723,26117.46,16295760.0,54.5805,16.9463
522.0,841.0,1.0,1.0,484.0,30.0,494.0,45.0,625.0,59.0,390.0,83.0,993.0,80.0,9.803779e-05,63.83103,40642.28,48044980.0,54.0893,18.1232
393.0,833.0,4.0,3.0,721.0,81.0,662.0,64.0,601.0,77.0,316.0,50.0,363.0,38.0,0.000107566,41.37425,153147.4,19841090.0,119.352,36.1545
349.0,782.0,1.0,1.0,405.0,12.0,975.0,22.0,889.0,70.0,168.0,95.0,598.0,22.0,8.297127e-05,58.18106,40642.28,30874990.0,66.0347,36.7937
381.0,794.0,1.0,1.0,482.0,27.0,983.0,25.0,875.0,78.0,184.0,92.0,604.0,25.0,7.90744e-05,61.51576,40642.28,30874990.0,61.72,32.5551
493.0,887.0,1.0,1.0,622.0,15.0,121.0,24.0,450.0,22.0,536.0,67.0,172.0,63.0,8.198531e-05,51.3569,98416.24,25358040.0,77.072,32.1691
743.0,794.0,1.0,4.0,535.0,81.0,991.0,58.0,297.0,70.0,140.0,40.0,781.0,14.0,8.429138e-05,54.75327,153147.4,74763430.0,60.9018,26.0817
654.0,794.0,1.0,2.0,900.0,66.0,788.0,14.0,610.0,38.0,342.0,87.0,217.0,1.0,2.597379e-05,17.94907,577079.0,4324649.0,-806.893,-137.484
208.0,420.0,3.0,1.0,634.0,10.0,664.0,10.0,242.0,6.0,294.0,67.0,986.0,45.0,0.0009156679,27.18445,898000.8,16295760.0,112.624,25.8363
573.0,866.0,1.0,2.0,484.0,31.0,496.0,50.0,605.0,59.0,395.0,81.0,998.0,84.0,6.822019e-05,63.83114,40642.28,39459980.0,59.9454,29.2197
332.0,812.0,2.0,1.0,379.0,15.0,973.0,19.0,882.0,69.0,142.0,85.0,610.0,30.0,6.211696e-05,58.28378,16783.42,10472090.0,77.6009,40.3606
715.0,626.0,6.0,1.0,214.0,82.0,611.0,23.0,251.0,43.0,294.0,74.0,921.0,22.0,0.0002888264,60.71844,40642.28,48044980.0,124.556,23.7259
379.0,795.0,1.0,1.0,441.0,15.0,977.0,18.0,884.0,69.0,163.0,98.0,605.0,19.0,5.924131e-05,58.42006,40642.28,25358040.0,62.7339,19.0536
291.0,803.0,1.0,2.0,953.0,90.0,225.0,65.0,246.0,27.0,825.0,80.0,391.0,83.0,0.0004064268,39.12893,2174500.0,231377800.0,40.4208,15.9311
774.0,927.0,1.0,1.0,282.0,27.0,511.0,74.0,918.0,32.0,536.0,43.0,882.0,44.0,1.961336e-05,28.36951,370846.0,8193759.0,4.35564,744.365
490.0,922.0,1.0,3.0,590.0,11.0,144.0,19.0,413.0,17.0,465.0,50.0,315.0,67.0,3.06557e-05,54.52168,26117.46,12750420.0,80.3258,40.4142
612.0,939.0,2.0,2.0,614.0,9.0,118.0,29.0,172.0,23.0,551.0,44.0,194.0,27.0,1.822023e-05,51.18364,16783.42,6729644.0,65.6751,13.1239
555.0,726.0,8.0,1.0,609.0,71.0,295.0,22.0,362.0,64.0,797.0,96.0,824.0,23.0,0.0002297816,64.60699,16783.42,19841090.0,90.0858,31.2158
508.0,739.0,3.0,1.0,598.0,83.0,295.0,22.0,415.0,64.0,754.0,83.0,803.0,23.0,0.0002062504,65.31635,40642.28,48044980.0,64.7646,23.1429
776.0,856.0,1.0,4.0,920.0,7.0,981.0,62.0,308.0,58.0,169.0,33.0,695.0,18.0,2.489812e-05,48.67543,63244.55,12750420.0,67.6261,22.6292
481.0,800.0,1.0,2.0,437.0,33.0,489.0,44.0,534.0,63.0,349.0,88.0,988.0,87.0,0.0001850573,62.62557,98416.24,116340400.0,83.5015,24.3051
371.0,965.0,1.0,1.0,357.0,68.0,405.0,73.0,596.0,38.0,575.0,45.0,102.0,42.0,1.539583e-05,47.92981,63244.55,10472090.0,61.577,15.1152
655.0,698.0,2.0,1.0,835.0,99.0,863.0,34.0,471.0,2.0,705.0,68.0,562.0,87.0,0.0006372386,24.1692,898000.8,12750420.0,107.433,22.2997
347.0,806.0,1.0,1.0,454.0,30.0,966.0,25.0,811.0,73.0,185.0,89.0,649.0,25.0,6.558988e-05,61.14084,40642.28,30874990.0,58.762,22.895
469.0,817.0,2.0,4.0,738.0,68.0,658.0,55.0,607.0,28.0,543.0,60.0,970.0,39.0,0.0001048438,26.53536,898000.8,12750420.0,80.9714,20.7115
754.0,424.0,1.0,1.0,984.0,14.0,207.0,66.0,151.0,70.0,647.0,39.0,803.0,3.0,6.327872e-05,22.88993,1397391.0,16295760.0,63.8949,18.3707
441.0,877.0,3.0,3.0,734.0,82.0,783.0,64.0,520.0,74.0,376.0,44.0,943.0,36.0,3.71009e-05,62.91368,10785.12,12750420.0,60.3115,14.7786
771.0,958.0,1.0,3.0,383.0,67.0,536.0,67.0,624.0,11.0,702.0,44.0,139.0,42.0,1.80754e-05,57.28818,16783.42,10472090.0,62.7942,16.4439
726.0,441.0,3.0,1.0,208.0,13.0,626.0,10.0,221.0,8.0,332.0,82.0,902.0,48.0,0.000451132,35.19316,370846.0,19841090.0,117.634,19.8138
730.0,768.0,1.0,1.0,539.0,6.0,965.0,68.0,180.0,73.0,639.0,38.0,796.0,22.0,4.520388e-05,14.58035,1397391.0,6729644.0,65.013,17.1477
791.0,824.0,1.0,1.0,363.0,10.0,505.0,70.0,925.0,13.0,555.0,47.0,819.0,47.0,8.793779e-05,24.77813,898000.8,10472090.0,55.9949,14.3646
436.0,810.0,1.0,1.0,399.0,9.0,937.0,19.0,882.0,70.0,171.0,89.0,598.0,23.0,5.556467e-05,60.04367,26117.46,19841090.0,65.591,26.9889
620.0,687.0,1.0,3.0,998.0,62.0,842.0,7.0,703.0,32.0,362.0,98.0,237.0,5.0,0.000100719,62.98524,26117.46,39459980.0,89.5732,36.8991
503.0,863.0,1.0,2.0,484.0,31.0,480.0,50.0,576.0,59.0,395.0,83.0,993.0,84.0,7.413776e-05,63.58604,40642.28,39459980.0,61.1925,29.9056
474.0,887.0,1.0,2.0,555.0,94.0,812.0,59.0,612.0,70.0,338.0,48.0,933.0,28.0,2.706885e-05,59.27685,40642.28,19841090.0,12.5677,2.59055
532.0,871.0,5.0,6.0,613.0,81.0,321.0,75.0,408.0,90.0,819.0,84.0,782.0,21.0,7.675956e-05,26.61992,370846.0,6729644.0,79.8003,23.2534
888.0,771.0,1.0,1.0,724.0,88.0,887.0,8.0,577.0,40.0,139.0,20.0,896.0,20.0,2.020204e-05,29.95907,238315.2,6729644.0,66.786,21.0245
478.0,912.0,1.0,3.0,599.0,13.0,150.0,32.0,446.0,19.0,467.0,66.0,253.0,61.0,5.500421e-05,60.7293,26117.46,25358040.0,81.621,33.2205
705.0,632.0,1.0,1.0,798.0,89.0,892.0,11.0,787.0,42.0,167.0,40.0,915.0,19.0,0.0001452399,50.94173,238315.2,61404200.0,69.4552,55.6442
412.0,709.0,1.0,1.0,355.0,63.0,398.0,70.0,522.0,38.0,584.0,45.0,803.0,44.0,0.0006421556,28.41218,8193758.0,148689600.0,50.4943,19.0292
708.0,632.0,1.0,1.0,788.0,92.0,758.0,18.0,716.0,44.0,163.0,16.0,925.0,27.0,0.0001509943,36.16196,1397391.0,61404200.0,69.0814,57.27
555.0,901.0,2.0,5.0,273.0,82.0,890.0,74.0,337.0,85.0,323.0,83.0,337.0,17.0,2.522754e-05,59.54076,16783.42,12750420.0,63.578,22.3493
509.0,844.0,1.0,2.0,863.0,32.0,573.0,40.0,588.0,59.0,350.0,92.0,993.0,85.0,8.468468e-05,61.85252,40642.28,39459980.0,72.9057,40.6351
478.0,913.0,1.0,3.0,624.0,10.0,118.0,24.0,414.0,16.0,467.0,65.0,270.0,61.0,4.981438e-05,60.38756,26117.46,19841090.0,82.0703,35.1962
538.0,716.0,6.0,1.0,647.0,78.0,889.0,22.0,362.0,91.0,237.0,94.0,839.0,14.0,0.0001131686,61.02027,16783.42,12750420.0,82.371,33.1535
393.0,892.0,3.0,3.0,738.0,86.0,813.0,64.0,601.0,71.0,287.0,51.0,920.0,31.0,2.713323e-05,47.61493,40642.28,8193759.0,46.2805,7.81464
663.0,900.0,1.0,1.0,900.0,91.0,821.0,22.0,706.0,17.0,519.0,83.0,938.0,75.0,2.187099e-05,61.30607,10785.12,8193759.0,64.214,16.1158
725.0,638.0,8.0,1.0,425.0,71.0,202.0,7.0,200.0,1.0,764.0,29.0,869.0,92.0,0.0006025038,48.00889,63244.55,16295760.0,120.291,23.8023
657.0,752.0,1.0,3.0,932.0,67.0,837.0,9.0,582.0,37.0,345.0,95.0,188.0,4.0,5.818705e-05,61.93417,26117.46,25358040.0,76.5096,39.4402
886.0,735.0,1.0,1.0,938.0,91.0,828.0,21.0,178.0,43.0,175.0,45.0,544.0,26.0,4.177185e-05,22.91691,898000.8,10472090.0,79.9595,55.3971
538.0,716.0,6.0,1.0,647.0,78.0,889.0,26.0,362.0,91.0,307.0,90.0,805.0,14.0,0.0001261879,62.4895,16783.42,16295760.0,82.0051,33.5858
468.0,870.0,1.0,2.0,394.0,4.0,835.0,61.0,607.0,66.0,377.0,48.0,929.0,39.0,4.018571e-05,59.58702,26117.46,19841090.0,54.5671,13.9281
381.0,793.0,1.0,1.0,444.0,27.0,978.0,18.0,872.0,78.0,184.0,92.0,606.0,19.0,5.955284e-05,61.21841,26117.46,25358040.0,59.6917,24.6148
624.0,836.0,1.0,2.0,994.0,66.0,879.0,9.0,602.0,37.0,363.0,87.0,180.0,4.0,1.867641e-05,58.76987,16783.42,10472090.0,59.127,15.0743
331.0,858.0,1.0,2.0,289.0,14.0,527.0,64.0,585.0,42.0,724.0,85.0,489.0,53.0,9.788425e-05,61.65133,63244.55,48044980.0,61.8052,24.3023
494.0,903.0,1.0,3.0,626.0,16.0,112.0,19.0,282.0,18.0,537.0,65.0,321.0,24.0,3.223954e-05,31.04307,370846.0,10472090.0,55.6101,16.8642
446.0,899.0,2.0,2.0,502.0,79.0,813.0,62.0,591.0,65.0,295.0,49.0,288.0,34.0,3.126381e-05,51.5117,40642.28,10472090.0,71.4743,21.1584
331.0,844.0,1.0,2.0,273.0,17.0,527.0,65.0,568.0,14.0,726.0,85.0,496.0,50.0,0.0001250739,18.43006,1397391.0,12750420.0,66.2002,23.8336
689.0,735.0,2.0,1.0,188.0,3.0,623.0,9.0,221.0,41.0,380.0,86.0,946.0,19.0,5.577205e-05,33.70071,238315.2,10472090.0,82.735,29.1031
636.0,625.0,3.0,1.0,212.0,82.0,623.0,22.0,251.0,46.0,289.0,74.0,965.0,24.0,0.0003122757,60.29897,98416.24,116340400.0,114.317,22.7486
740.0,238.0,1.0,6.0,536.0,70.0,982.0,55.0,160.0,57.0,210.0,44.0,789.0,19.0,0.0003905162,29.35693,5265528.0,682174000.0,-3.4638,-1.67142
322.0,861.0,1.0,1.0,319.0,15.0,909.0,15.0,884.0,69.0,171.0,98.0,663.0,23.0,2.219824e-05,58.77193,16783.42,10472090.0,60.0236,18.0639
718.0,678.0,2.0,1.0,794.0,94.0,829.0,7.0,748.0,43.0,113.0,34.0,908.0,27.0,8.739022e-05,39.45323,153147.4,12750420.0,85.0069,61.1124
317.0,675.0,6.0,1.0,544.0,84.0,986.0,71.0,174.0,57.0,153.0,28.0,957.0,19.0,0.0003542819,56.95623,63244.55,48044980.0,103.117,33.7168
709.0,830.0,2.0,2.0,900.0,94.0,804.0,27.0,725.0,18.0,556.0,82.0,927.0,77.0,8.265383e-05,66.91343,10785.12,16295760.0,87.9298,39.6147
202.0,793.0,1.0,1.0,379.0,65.0,427.0,59.0,561.0,65.0,563.0,21.0,639.0,80.0,0.0001880794,19.50175,5265528.0,39459980.0,52.9723,30.637
347.0,784.0,1.0,1.0,413.0,19.0,868.0,18.0,871.0,70.0,171.0,93.0,599.0,14.0,6.037799e-05,37.77572,370846.0,19841090.0,54.5588,18.0438
698.0,856.0,1.0,2.0,906.0,85.0,820.0,27.0,708.0,18.0,526.0,83.0,971.0,83.0,5.525374e-05,65.73492,10785.12,19841090.0,70.1506,32.5209
493.0,913.0,2.0,3.0,618.0,12.0,115.0,27.0,461.0,20.0,543.0,60.0,320.0,63.0,4.789093e-05,61.35235,10785.12,10472090.0,88.4062,37.2363
726.0,770.0,2.0,1.0,201.0,12.0,604.0,12.0,207.0,42.0,323.0,74.0,704.0,24.0,5.684299e-05,32.04333,370846.0,12750420.0,82.8129,35.3645
697.0,861.0,1.0,1.0,903.0,91.0,821.0,27.0,708.0,18.0,543.0,83.0,979.0,78.0,4.851967e-05,66.44683,10785.12,19841090.0,61.2253,17.2716
573.0,865.0,1.0,2.0,499.0,30.0,493.0,50.0,576.0,49.0,395.0,73.0,998.0,97.0,7.402771e-05,63.25392,40642.28,39459980.0,66.3754,33.6181
654.0,836.0,1.0,3.0,901.0,64.0,828.0,10.0,599.0,37.0,339.0,97.0,182.0,4.0,2.081792e-05,62.16169,10785.12,10472090.0,59.6241,16.9298
374.0,789.0,1.0,1.0,482.0,26.0,980.0,25.0,875.0,63.0,179.0,91.0,635.0,22.0,7.752204e-05,44.25408,238315.2,30874990.0,59.9795,25.9893
709.0,634.0,2.0,1.0,747.0,91.0,735.0,18.0,710.0,42.0,169.0,37.0,912.0,27.0,0.0002304928,53.15207,153147.4,48044980.0,92.5618,52.7166
739.0,829.0,1.0,6.0,536.0,76.0,996.0,64.0,173.0,63.0,168.0,33.0,779.0,18.0,5.86754e-05,59.22694,63244.55,61404200.0,71.8139,25.6642
765.0,856.0,1.0,6.0,997.0,7.0,980.0,56.0,343.0,57.0,250.0,33.0,759.0,17.0,2.370576e-05,50.67783,40642.28,12750420.0,71.6116,32.1501
664.0,904.0,1.0,1.0,844.0,89.0,867.0,31.0,707.0,17.0,544.0,83.0,968.0,90.0,2.460811e-05,64.45605,6930.448,10472090.0,61.5681,15.2327
759.0,955.0,1.0,2.0,284.0,67.0,560.0,62.0,584.0,41.0,663.0,44.0,456.0,41.0,1.010717e-05,55.70138,16783.42,8193759.0,29.5378,5.62456
673.0,820.0,1.0,6.0,929.0,87.0,996.0,56.0,323.0,74.0,243.0,33.0,813.0,16.0,5.93816e-05,61.43337,63244.55,48044980.0,63.7398,26.5149
653.0,809.0,1.0,3.0,944.0,61.0,847.0,14.0,582.0,40.0,343.0,96.0,173.0,5.0,4.067733e-05,62.08284,16783.42,19841090.0,67.2687,36.3869
219.0,817.0,1.0,1.0,892.0,67.0,570.0,15.0,602.0,42.0,114.0,88.0,109.0,9.0,8.448279e-05,55.4725,63244.55,30874990.0,73.5357,50.0676
792.0,423.0,3.0,1.0,225.0,13.0,220.0,39.0,208.0,1.0,368.0,78.0,951.0,95.0,0.001643966,26.42799,898000.8,16295760.0,119.078,20.9268
284.0,346.0,2.0,5.0,643.0,51.0,898.0,35.0,450.0,83.0,512.0,49.0,136.0,90.0,0.0008493665,2.169338,8193758.0,4324649.0,133.973,0.0
897.0,721.0,1.0,1.0,764.0,86.0,878.0,6.0,686.0,43.0,110.0,38.0,976.0,16.0,3.833726e-05,41.45859,98416.24,10472090.0,68.3708,30.3735
726.0,687.0,3.0,1.0,206.0,13.0,623.0,12.0,221.0,42.0,324.0,85.0,952.0,26.0,0.000106001,34.78491,370846.0,12750420.0,93.4836,34.5104
627.0,737.0,1.0,2.0,900.0,66.0,788.0,10.0,610.0,38.0,381.0,86.0,217.0,4.0,6.871364e-05,63.60062,26117.46,30874990.0,65.6114,36.7841
345.0,858.0,4.0,6.0,953.0,83.0,846.0,76.0,287.0,87.0,321.0,94.0,336.0,15.0,5.927268e-05,59.26221,16783.42,48044980.0,103.886,21.9462
610.0,774.0,1.0,2.0,926.0,70.0,800.0,11.0,611.0,43.0,205.0,97.0,155.0,5.0,6.48027e-05,60.63503,26117.46,25358040.0,72.8199,47.6983
452.0,926.0,1.0,2.0,591.0,7.0,118.0,20.0,156.0,23.0,540.0,70.0,209.0,22.0,2.154459e-05,55.18796,26117.46,10472090.0,57.4135,13.8645
206.0,780.0,2.0,2.0,379.0,65.0,492.0,59.0,521.0,66.0,316.0,24.0,639.0,86.0,0.0002188208,23.85168,2174500.0,39459980.0,73.3928,26.318
447.0,911.0,1.0,2.0,413.0,4.0,827.0,60.0,401.0,65.0,260.0,48.0,291.0,34.0,2.262184e-05,42.71918,98416.24,10472090.0,70.3529,20.4462
681.0,856.0,1.0,6.0,971.0,11.0,982.0,56.0,318.0,57.0,264.0,33.0,795.0,17.0,3.337736e-05,58.2985,26117.46,19841090.0,65.6138,34.743
492.0,921.0,1.0,2.0,984.0,30.0,593.0,32.0,492.0,50.0,342.0,74.0,993.0,98.0,1.870442e-05,52.91133,26117.46,8193759.0,65.2336,17.7051
846.0,633.0,1.0,3.0,739.0,4.0,492.0,59.0,701.0,66.0,345.0,79.0,459.0,26.0,3.904556e-05,21.33531,238315.2,1785947.0,81.1426,40.4814
268.0,718.0,5.0,6.0,211.0,83.0,844.0,22.0,285.0,89.0,323.0,91.0,336.0,14.0,0.0001197776,30.70991,370846.0,181038800.0,0.0,0.0
335.0,860.0,1.0,1.0,441.0,18.0,963.0,18.0,921.0,70.0,216.0,93.0,605.0,18.0,2.152885e-05,60.7118,10785.12,10472090.0,54.1074,14.7476
425.0,911.0,1.0,1.0,507.0,2.0,926.0,59.0,401.0,65.0,364.0,43.0,291.0,33.0,1.728735e-05,26.9845,238315.2,4324649.0,71.5692,18.0532
248.0,836.0,1.0,3.0,993.0,66.0,831.0,9.0,593.0,31.0,385.0,90.0,214.0,4.0,1.892312e-05,55.69578,26117.46,10472090.0,59.8389,17.0824
597.0,584.0,2.0,9.0,745.0,90.0,658.0,55.0,635.0,72.0,718.0,89.0,110.0,71.0,0.0006732045,15.22624,3383769.0,61404200.0,401.766,586.335
917.0,432.0,2.0,5.0,566.0,68.0,475.0,94.0,603.0,53.0,359.0,89.0,113.0,31.0,9.952209e-05,12.71625,577079.0,2174501.0,126.089,22.9662
492.0,892.0,1.0,2.0,964.0,30.0,567.0,36.0,492.0,48.0,334.0,74.0,997.0,98.0,3.607058e-05,56.29427,40642.28,16295760.0,67.9867,24.4761
371.0,672.0,1.0,1.0,423.0,61.0,402.0,68.0,920.0,9.0,546.0,45.0,103.0,41.0,0.002293582,18.94878,19841090.0,148689600.0,45.4406,18.5121
292.0,414.0,4.0,2.0,805.0,52.0,775.0,45.0,857.0,44.0,617.0,47.0,399.0,3.0,0.0008694402,9.960225,3383769.0,8193759.0,46.9078,15.717
716.0,677.0,2.0,1.0,794.0,94.0,827.0,21.0,723.0,43.0,101.0,33.0,894.0,47.0,0.0002281165,45.36098,238315.2,39459980.0,95.9892,55.3162
727.0,955.0,1.0,2.0,272.0,19.0,351.0,63.0,544.0,12.0,734.0,79.0,495.0,58.0,1.534709e-05,22.41996,238315.2,2779135.0,37.5019,8.02385
537.0,727.0,6.0,1.0,646.0,78.0,889.0,22.0,361.0,93.0,313.0,90.0,804.0,14.0,0.0001015634,61.28077,10785.12,12750420.0,80.1471,26.3272
672.0,871.0,7.0,9.0,181.0,20.0,990.0,16.0,707.0,21.0,340.0,9.0,188.0,75.0,8.595598e-06,2.338528,63244.55,33380.87,115.396,39.3999
324.0,782.0,1.0,1.0,402.0,23.0,951.0,26.0,872.0,83.0,162.0,89.0,666.0,29.0,9.770371e-05,60.66244,40642.28,39459980.0,64.0686,45.0209
626.0,859.0,2.0,1.0,919.0,89.0,871.0,28.0,526.0,17.0,465.0,69.0,943.0,83.0,5.141729e-05,60.83275,10785.12,10472090.0,77.5967,23.0099
493.0,884.0,1.0,2.0,600.0,15.0,112.0,26.0,461.0,20.0,514.0,64.0,160.0,68.0,0.0001004914,52.2691,98416.24,30874990.0,90.007,31.2688
366.0,844.0,1.0,1.0,537.0,25.0,934.0,18.0,822.0,74.0,146.0,93.0,595.0,30.0,3.86071e-05,57.42885,26117.46,12750420.0,64.5182,24.2251
495.0,910.0,1.0,3.0,603.0,13.0,100.0,32.0,446.0,23.0,542.0,64.0,355.0,68.0,5.862849e-05,58.39772,40642.28,25358040.0,74.796,31.0332
886.0,694.0,2.0,1.0,327.0,8.0,159.0,63.0,388.0,33.0,145.0,49.0,862.0,42.0,4.583788e-05,25.21383,238315.2,3383770.0,89.2621,43.9588
330.0,204.0,1.0,2.0,554.0,80.0,986.0,70.0,188.0,58.0,639.0,24.0,969.0,25.0,0.00148407,20.35535,19841090.0,281716800.0,25.5439,11.0012
640.0,793.0,1.0,3.0,900.0,63.0,839.0,8.0,610.0,34.0,343.0,87.0,265.0,4.0,2.926363e-05,60.61386,16783.42,16295760.0,63.1627,22.9809
911.0,749.0,1.0,1.0,717.0,90.0,874.0,25.0,652.0,26.0,132.0,34.0,889.0,25.0,6.708579e-05,50.91458,98416.24,25358040.0,66.6093,25.1761
515.0,913.0,1.0,3.0,598.0,12.0,118.0,24.0,414.0,20.0,411.0,66.0,329.0,55.0,4.26654e-05,54.83663,40642.28,19841090.0,76.2559,35.2361
634.0,799.0,2.0,2.0,882.0,87.0,823.0,28.0,710.0,18.0,527.0,83.0,908.0,82.0,0.0001373612,66.86557,10785.12,25358040.0,98.9327,31.3873
478.0,914.0,1.0,3.0,624.0,14.0,121.0,17.0,407.0,20.0,467.0,66.0,326.0,60.0,3.593512e-05,57.74212,26117.46,16295760.0,78.9369,36.585
502.0,901.0,2.0,1.0,479.0,1.0,828.0,66.0,592.0,69.0,276.0,49.0,279.0,35.0,3.04487e-05,44.49475,26117.46,4324649.0,81.4504,23.4048
368.0,810.0,1.0,1.0,372.0,15.0,943.0,19.0,855.0,70.0,148.0,93.0,597.0,28.0,6.298545e-05,59.17327,26117.46,19841090.0,66.9965,32.9052
671.0,818.0,1.0,6.0,503.0,83.0,995.0,63.0,178.0,57.0,213.0,33.0,767.0,17.0,6.911061e-05,59.86869,98416.24,74763430.0,72.2577,23.2739
663.0,901.0,1.0,1.0,903.0,86.0,821.0,26.0,735.0,16.0,519.0,78.0,990.0,73.0,2.186271e-05,61.59455,10785.12,10472090.0,60.0619,15.46
737.0,387.0,1.0,1.0,987.0,16.0,247.0,66.0,191.0,73.0,611.0,43.0,802.0,3.0,8.684318e-05,26.69217,1397391.0,25358040.0,63.1542,19.272
755.0,856.0,1.0,6.0,946.0,11.0,953.0,61.0,321.0,58.0,243.0,32.0,716.0,17.0,3.102179e-05,56.79864,26117.46,16295760.0,68.8638,32.2747
471.0,887.0,4.0,3.0,598.0,15.0,115.0,33.0,466.0,17.0,532.0,66.0,174.0,67.0,0.0001190446,57.70016,16783.42,12750420.0,118.238,22.475
515.0,886.0,4.0,3.0,741.0,82.0,789.0,64.0,618.0,71.0,263.0,56.0,960.0,38.0,3.232138e-05,47.59854,40642.28,6729644.0,63.4153,13.3802
697.0,858.0,2.0,1.0,891.0,84.0,870.0,28.0,526.0,17.0,464.0,69.0,971.0,82.0,5.084001e-05,61.32838,10785.12,10472090.0,77.373,22.5251
379.0,794.0,1.0,1.0,449.0,20.0,976.0,15.0,885.0,70.0,210.0,96.0,604.0,23.0,6.125957e-05,58.51424,40642.28,19841090.0,66.4411,33.5454
671.0,638.0,8.0,1.0,430.0,71.0,211.0,7.0,200.0,1.0,763.0,29.0,933.0,92.0,0.0006331077,58.88832,26117.46,19841090.0,122.654,24.5569
539.0,912.0,1.0,3.0,626.0,11.0,146.0,20.0,200.0,19.0,537.0,65.0,148.0,24.0,2.875575e-05,51.59601,40642.28,12750420.0,75.3225,35.4551
473.0,911.0,1.0,2.0,549.0,4.0,787.0,60.0,613.0,71.0,265.0,48.0,281.0,35.0,2.487322e-05,49.98483,40642.28,10472090.0,69.6995,22.273
768.0,812.0,1.0,5.0,492.0,15.0,969.0,62.0,179.0,57.0,215.0,33.0,796.0,17.0,5.533129e-05,43.52443,238315.2,30874990.0,81.9975,26.0387
709.0,634.0,1.0,1.0,747.0,53.0,738.0,21.0,735.0,45.0,169.0,37.0,929.0,27.0,0.0002257346,51.30798,238315.2,74763430.0,76.1222,53.9119
488.0,870.0,1.0,2.0,964.0,32.0,521.0,45.0,492.0,58.0,326.0,77.0,994.0,85.0,5.893651e-05,60.90396,40642.28,30874990.0,65.7745,34.3601
717.0,852.0,1.0,2.0,900.0,94.0,753.0,28.0,734.0,18.0,592.0,82.0,928.0,81.0,6.18044e-05,66.67253,16783.42,25358040.0,67.515,30.2851
776.0,856.0,1.0,6.0,994.0,11.0,986.0,56.0,314.0,58.0,225.0,33.0,748.0,17.0,2.635513e-05,55.04392,40642.28,16295760.0,68.9607,31.9258
707.0,625.0,1.0,1.0,179.0,13.0,648.0,5.0,179.0,3.0,386.0,81.0,961.0,59.0,0.0003480035,49.32614,153147.4,39459980.0,95.4414,30.498
228.0,354.0,4.0,2.0,600.0,12.0,578.0,18.0,159.0,3.0,601.0,58.0,691.0,40.0,0.001557354,31.49398,898000.8,438383300.0,74.525,22.301
754.0,401.0,1.0,1.0,984.0,9.0,947.0,57.0,178.0,74.0,611.0,42.0,796.0,1.0,3.918376e-05,29.78015,577079.0,16295760.0,53.3791,11.95
364.0,346.0,1.0,9.0,643.0,91.0,268.0,35.0,180.0,73.0,422.0,39.0,856.0,40.0,0.001884324,24.04137,19841090.0,871857100.0,3.77947,3.00267
340.0,846.0,1.0,1.0,338.0,20.0,935.0,19.0,879.0,72.0,148.0,86.0,610.0,32.0,3.897823e-05,56.98866,26117.46,16295760.0,64.0899,24.6828
909.0,565.0,1.0,1.0,787.0,91.0,930.0,19.0,632.0,38.0,178.0,35.0,929.0,21.0,5.959831e-05,32.28138,577079.0,16295760.0,76.1563,72.2875
787.0,954.0,3.0,4.0,236.0,69.0,400.0,62.0,573.0,41.0,723.0,61.0,113.0,35.0,1.587865e-05,48.91949,16783.42,4324649.0,80.8557,30.6106
487.0,333.0,2.0,9.0,933.0,93.0,493.0,73.0,884.0,69.0,394.0,60.0,810.0,33.0,0.001998107,37.45437,2174500.0,871857100.0,-17.5701,-12.1427
770.0,914.0,1.0,4.0,371.0,69.0,522.0,72.0,843.0,11.0,716.0,50.0,100.0,48.0,6.521197e-05,55.3692,63244.55,25358040.0,86.2403,24.8435
696.0,859.0,1.0,1.0,891.0,84.0,854.0,26.0,537.0,51.0,465.0,69.0,971.0,45.0,3.055553e-05,50.36161,63244.55,16295760.0,50.1042,12.0857
695.0,808.0,2.0,1.0,188.0,79.0,620.0,9.0,236.0,1.0,729.0,27.0,990.0,18.0,3.219515e-05,14.38155,370846.0,1785947.0,60.048,10.9819
321.0,610.0,3.0,1.0,906.0,34.0,290.0,14.0,942.0,44.0,729.0,66.0,992.0,66.0,0.0005473133,36.80774,577079.0,39459980.0,111.782,33.9751
733.0,829.0,1.0,6.0,506.0,77.0,938.0,64.0,194.0,61.0,193.0,34.0,772.0,19.0,6.241094e-05,59.8188,63244.55,61404200.0,72.6504,23.2618
274.0,858.0,5.0,5.0,899.0,83.0,885.0,73.0,287.0,94.0,323.0,90.0,370.0,15.0,5.452482e-05,59.97458,10785.12,12750420.0,115.206,25.8831
452.0,923.0,1.0,3.0,590.0,11.0,115.0,20.0,452.0,17.0,540.0,65.0,202.0,24.0,2.688161e-05,32.42866,238315.2,8193759.0,61.2079,17.8408
501.0,827.0,1.0,1.0,472.0,39.0,571.0,33.0,586.0,59.0,303.0,23.0,998.0,83.0,5.742958e-05,25.39614,1397391.0,16295760.0,61.1704,26.0447
707.0,634.0,2.0,1.0,796.0,91.0,743.0,21.0,787.0,51.0,167.0,36.0,915.0,24.0,0.0002346281,61.09004,63244.55,61404200.0,87.8879,52.7798
375.0,833.0,4.0,5.0,639.0,76.0,886.0,75.0,355.0,87.0,310.0,89.0,340.0,16.0,8.76477e-05,60.18383,26117.46,116340400.0,73.8095,18.7897
709.0,821.0,1.0,2.0,900.0,94.0,753.0,28.0,734.0,18.0,592.0,82.0,928.0,77.0,9.782231e-05,67.43011,16783.42,39459980.0,71.5241,30.8329
493.0,883.0,4.0,4.0,628.0,15.0,119.0,33.0,462.0,13.0,530.0,66.0,157.0,69.0,0.0001416978,57.58514,16783.42,16295760.0,138.686,23.3908
459.0,836.0,1.0,2.0,484.0,31.0,478.0,52.0,625.0,59.0,399.0,27.0,993.0,83.0,8.979849e-05,30.77338,1397391.0,30874990.0,67.9477,43.7347
236.0,876.0,4.0,5.0,593.0,85.0,889.0,72.0,393.0,96.0,818.0,89.0,806.0,19.0,3.458348e-05,64.19068,6930.448,8193759.0,56.6902,14.7013
618.0,809.0,1.0,3.0,900.0,60.0,883.0,9.0,628.0,34.0,387.0,94.0,235.0,5.0,2.856827e-05,61.98014,16783.42,12750420.0,66.7779,26.5323
489.0,863.0,1.0,2.0,912.0,32.0,522.0,47.0,527.0,59.0,553.0,77.0,993.0,85.0,6.438339e-05,51.38816,98416.24,30874990.0,61.0369,26.2237
753.0,267.0,1.0,1.0,978.0,6.0,947.0,56.0,184.0,76.0,212.0,42.0,784.0,1.0,3.381495e-05,31.60054,370846.0,12750420.0,74.2646,19.9053
753.0,694.0,4.0,1.0,245.0,32.0,877.0,73.0,925.0,33.0,541.0,50.0,761.0,44.0,0.0003376308,64.17495,26117.46,48044980.0,107.243,19.5437
629.0,856.0,1.0,1.0,905.0,85.0,820.0,27.0,708.0,18.0,504.0,83.0,971.0,82.0,5.54992e-05,66.41061,10785.12,19841090.0,63.7316,18.8492
727.0,956.0,1.0,1.0,336.0,63.0,414.0,57.0,609.0,48.0,539.0,82.0,112.0,54.0,1.976937e-05,48.05894,40642.28,10472090.0,63.3535,16.6637
764.0,701.0,1.0,1.0,379.0,8.0,559.0,75.0,925.0,12.0,557.0,44.0,823.0,40.0,0.0002139893,63.47019,40642.28,48044980.0,76.543,26.7136
559.0,512.0,2.0,4.0,583.0,75.0,522.0,87.0,392.0,80.0,895.0,17.0,375.0,10.0,0.0009240518,21.92032,5265528.0,231377800.0,12.755,4.42278
515.0,896.0,2.0,5.0,273.0,86.0,942.0,81.0,287.0,88.0,281.0,89.0,393.0,16.0,2.753731e-05,56.58219,26117.46,12750420.0,57.9276,18.1
208.0,886.0,1.0,1.0,946.0,64.0,654.0,15.0,603.0,44.0,308.0,76.0,206.0,15.0,2.015716e-05,53.04048,26117.46,10472090.0,64.987,17.378
753.0,689.0,2.0,1.0,247.0,31.0,851.0,73.0,915.0,29.0,536.0,51.0,829.0,44.0,0.0003427043,57.27296,153147.4,95551890.0,90.1712,19.6799
721.0,760.0,2.0,1.0,425.0,76.0,749.0,8.0,272.0,2.0,725.0,28.0,957.0,32.0,7.700346e-05,64.77286,10785.12,12750420.0,78.5639,23.7287
776.0,904.0,1.0,6.0,978.0,11.0,982.0,46.0,171.0,50.0,226.0,33.0,693.0,17.0,1.164781e-05,51.95289,26117.46,8193759.0,50.4388,12.3506
764.0,943.0,1.0,3.0,362.0,15.0,381.0,62.0,654.0,14.0,746.0,82.0,166.0,59.0,3.375276e-05,61.0648,16783.42,12750420.0,70.3762,24.7062
567.0,794.0,2.0,2.0,882.0,76.0,823.0,27.0,545.0,18.0,465.0,83.0,936.0,82.0,0.0001404072,65.01225,16783.42,25358040.0,102.263,29.5628
423.0,847.0,1.0,2.0,874.0,39.0,525.0,43.0,498.0,61.0,545.0,25.0,969.0,84.0,5.155726e-05,21.68473,1397391.0,12750420.0,63.4017,44.5746
232.0,347.0,4.0,2.0,235.0,10.0,649.0,10.0,169.0,3.0,416.0,79.0,690.0,48.0,0.00168479,29.51185,898000.8,438383300.0,31.6436,19.4575
400.0,902.0,1.0,2.0,978.0,30.0,654.0,36.0,491.0,57.0,323.0,80.0,999.0,84.0,2.600263e-05,55.36854,26117.46,12750420.0,63.6453,18.6689
304.0,391.0,4.0,1.0,494.0,91.0,778.0,60.0,640.0,27.0,294.0,59.0,347.0,1.0,0.001205216,-12.90094,-10.0,-10.0,65.1561,25.2299
732.0,824.0,1.0,2.0,900.0,91.0,820.0,26.0,733.0,16.0,519.0,83.0,980.0,79.0,8.891027e-05,62.53658,26117.46,30874990.0,74.3427,34.7586
729.0,693.0,1.0,1.0,797.0,90.0,741.0,14.0,716.0,39.0,117.0,37.0,985.0,27.0,0.0001432352,63.18093,63244.55,61404200.0,67.4296,55.8488
757.0,913.0,1.0,5.0,206.0,68.0,522.0,74.0,603.0,14.0,537.0,84.0,109.0,51.0,7.899177e-05,56.20504,63244.55,39459980.0,97.2549,16.4585
799.0,797.0,1.0,1.0,582.0,21.0,998.0,14.0,882.0,78.0,386.0,88.0,563.0,31.0,4.575328e-05,35.83606,238315.2,10472090.0,67.6723,43.7344
683.0,793.0,1.0,3.0,989.0,65.0,824.0,8.0,540.0,39.0,437.0,96.0,228.0,4.0,2.98244e-05,59.65645,16783.42,16295760.0,63.8719,24.0286
863.0,633.0,2.0,1.0,840.0,94.0,832.0,21.0,723.0,42.0,169.0,34.0,902.0,26.0,9.418912e-05,36.92904,238315.2,16295760.0,85.2929,63.4524
706.0,634.0,2.0,1.0,794.0,91.0,717.0,21.0,716.0,41.0,177.0,35.0,927.0,21.0,0.0002277485,64.06708,40642.28,61404200.0,86.2705,52.2386
544.0,864.0,4.0,2.0,599.0,15.0,113.0,32.0,181.0,18.0,530.0,26.0,184.0,31.0,8.401499e-05,29.93322,238315.2,8193759.0,97.8899,38.7886
486.0,819.0,1.0,2.0,407.0,41.0,427.0,49.0,533.0,66.0,324.0,86.0,627.0,88.0,0.0001890693,57.33805,153147.4,116340400.0,86.5533,24.577
673.0,811.0,1.0,5.0,545.0,86.0,991.0,54.0,170.0,52.0,239.0,44.0,829.0,11.0,6.154359e-05,37.23637,898000.8,39459980.0,51.0422,27.4077
753.0,694.0,4.0,1.0,237.0,32.0,877.0,73.0,929.0,33.0,557.0,50.0,829.0,44.0,0.0003281562,64.37281,26117.46,48044980.0,105.326,20.8121
320.0,723.0,3.0,6.0,797.0,50.0,788.0,10.0,292.0,77.0,153.0,47.0,399.0,1.0,4.03383e-05,29.46688,238315.2,6729644.0,62.8236,26.9932
843.0,333.0,1.0,2.0,303.0,78.0,133.0,73.0,909.0,87.0,394.0,79.0,180.0,33.0,0.0005144934,23.80815,5265528.0,74763430.0,60.8882,4.87106
572.0,853.0,1.0,2.0,494.0,46.0,495.0,49.0,576.0,59.0,400.0,82.0,975.0,84.0,8.541836e-05,63.95988,40642.28,48044980.0,63.044,31.1025
731.0,690.0,2.0,1.0,793.0,94.0,751.0,15.0,724.0,37.0,167.0,36.0,885.0,24.0,0.0001453558,62.75379,26117.46,39459980.0,82.0946,56.3385
864.0,839.0,2.0,1.0,893.0,95.0,872.0,30.0,537.0,52.0,465.0,69.0,943.0,47.0,3.82327e-05,40.32018,98416.24,8193759.0,67.3174,16.9236
566.0,913.0,1.0,2.0,624.0,12.0,122.0,21.0,156.0,8.0,530.0,58.0,209.0,24.0,3.09551e-05,29.33035,370846.0,8193759.0,61.5011,16.5542
731.0,829.0,1.0,3.0,506.0,16.0,996.0,60.0,178.0,56.0,146.0,33.0,796.0,15.0,5.079287e-05,56.83805,63244.55,30874990.0,47.6482,15.0621
640.0,808.0,1.0,2.0,903.0,63.0,838.0,8.0,610.0,33.0,361.0,97.0,235.0,4.0,2.55644e-05,60.1229,16783.42,12750420.0,58.7245,15.5746
492.0,892.0,1.0,1.0,964.0,27.0,567.0,43.0,492.0,56.0,336.0,79.0,992.0,88.0,3.716834e-05,58.56483,26117.46,19841090.0,56.9742,13.9077
466.0,899.0,1.0,2.0,952.0,30.0,586.0,43.0,492.0,57.0,343.0,26.0,997.0,84.0,2.088961e-05,26.88207,370846.0,6729644.0,58.73,16.3491
240.0,836.0,1.0,3.0,994.0,66.0,879.0,9.0,593.0,33.0,362.0,91.0,194.0,4.0,1.917769e-05,61.61058,10785.12,10472090.0,63.1051,22.0478
676.0,818.0,2.0,1.0,891.0,86.0,865.0,31.0,526.0,17.0,519.0,75.0,975.0,82.0,9.950317e-05,64.66155,16783.42,19841090.0,80.3774,36.9591
663.0,807.0,1.0,6.0,463.0,83.0,992.0,71.0,179.0,57.0,213.0,34.0,798.0,18.0,8.950725e-05,59.81843,98416.24,116340400.0,66.7447,20.9731
678.0,806.0,1.0,6.0,536.0,12.0,201.0,65.0,179.0,74.0,647.0,39.0,798.0,14.0,0.0001335595,57.54805,98416.24,61404200.0,64.4889,24.0862
726.0,626.0,3.0,1.0,135.0,82.0,611.0,16.0,252.0,43.0,293.0,74.0,922.0,27.0,0.0002376115,39.65523,577079.0,48044980.0,113.996,20.3025
235.0,902.0,2.0,6.0,404.0,85.0,875.0,72.0,345.0,89.0,315.0,82.0,791.0,15.0,2.030692e-05,26.34722,370846.0,5265529.0,16.215,2.81082
393.0,840.0,4.0,2.0,509.0,86.0,804.0,64.0,608.0,74.0,281.0,44.0,882.0,38.0,7.373521e-05,63.22143,16783.42,16295760.0,79.1113,42.0265
317.0,391.0,4.0,1.0,812.0,14.0,778.0,98.0,995.0,41.0,865.0,12.0,330.0,2.0,0.0006681089,47.4204,153147.4,30874990.0,67.8341,16.1931
235.0,886.0,1.0,1.0,932.0,65.0,631.0,15.0,592.0,44.0,188.0,90.0,194.0,15.0,2.300251e-05,56.22498,16783.42,10472090.0,66.3261,17.6629
800.0,682.0,1.0,1.0,968.0,87.0,828.0,19.0,174.0,42.0,175.0,37.0,567.0,25.0,7.892413e-05,24.5641,1397391.0,25358040.0,84.2165,41.2129
854.0,862.0,1.0,1.0,811.0,99.0,870.0,33.0,636.0,14.0,483.0,82.0,674.0,84.0,6.51404e-05,63.70149,16783.42,19841090.0,68.8679,21.6655
336.0,391.0,4.0,1.0,830.0,9.0,778.0,96.0,969.0,41.0,867.0,12.0,347.0,2.0,0.0004389709,33.30325,370846.0,16295760.0,73.3152,17.899
365.0,970.0,1.0,3.0,256.0,63.0,403.0,73.0,919.0,15.0,722.0,45.0,101.0,45.0,2.048544e-05,52.56426,26117.46,10472090.0,70.3501,24.6519
732.0,746.0,1.0,1.0,197.0,74.0,502.0,3.0,192.0,40.0,379.0,87.0,969.0,17.0,2.855594e-05,30.96705,370846.0,12750420.0,70.7133,19.8766
770.0,839.0,3.0,3.0,275.0,82.0,716.0,17.0,547.0,43.0,541.0,15.0,350.0,86.0,1.683733e-05,3.62246,238315.2,238316.2,101.837,0.0
768.0,431.0,4.0,2.0,227.0,14.0,653.0,2.0,165.0,3.0,387.0,82.0,690.0,37.0,0.0002484542,30.53797,153147.4,4324649.0,106.675,21.4545
799.0,634.0,1.0,1.0,756.0,76.0,741.0,24.0,747.0,43.0,161.0,37.0,903.0,26.0,0.0001799646,46.19937,370846.0,61404200.0,72.436,56.952
566.0,214.0,9.0,1.0,148.0,27.0,159.0,4.0,748.0,52.0,865.0,49.0,682.0,82.0,0.0005070952,13.16485,1397391.0,5265529.0,78.5929,26.0353
525.0,729.0,5.0,1.0,563.0,73.0,869.0,75.0,356.0,82.0,328.0,91.0,342.0,16.0,0.0003164057,59.80377,40642.28,48044980.0,112.969,26.6086
499.0,906.0,2.0,3.0,603.0,13.0,137.0,27.0,610.0,19.0,542.0,65.0,317.0,63.0,5.525546e-05,58.60896,16783.42,10472090.0,90.7518,36.9878
886.0,735.0,1.0,1.0,793.0,91.0,717.0,21.0,645.0,38.0,176.0,35.0,927.0,23.0,6.393199e-05,43.01906,238315.2,25358040.0,61.4668,29.1841
543.0,717.0,5.0,1.0,632.0,84.0,300.0,22.0,362.0,92.0,744.0,90.0,804.0,14.0,0.0002214695,61.15598,40642.28,30874990.0,60.7467,15.3647
514.0,899.0,1.0,1.0,431.0,4.0,797.0,59.0,430.0,65.0,261.0,48.0,928.0,38.0,2.299772e-05,58.32263,16783.42,12750420.0,44.3134,8.30149
503.0,675.0,6.0,1.0,640.0,69.0,212.0,22.0,238.0,60.0,754.0,96.0,805.0,21.0,0.0004297662,54.7855,98416.24,48044980.0,104.903,26.6766
792.0,527.0,5.0,1.0,942.0,79.0,311.0,88.0,569.0,79.0,291.0,37.0,376.0,80.0,0.0002637744,15.68747,898000.8,4324649.0,131.384,0.0
706.0,646.0,1.0,1.0,410.0,13.0,585.0,9.0,209.0,44.0,323.0,74.0,975.0,19.0,9.092399e-05,32.81042,898000.8,30874990.0,81.1132,33.6565
491.0,823.0,1.0,2.0,321.0,41.0,440.0,47.0,539.0,59.0,553.0,88.0,628.0,92.0,0.0001477238,35.85321,898000.8,61404200.0,76.0899,20.4813
720.0,775.0,1.0,1.0,221.0,74.0,502.0,12.0,269.0,40.0,400.0,87.0,957.0,15.0,5.647742e-05,56.45537,98416.24,39459980.0,37.1332,9.5144
695.0,745.0,2.0,1.0,172.0,13.0,587.0,3.0,199.0,44.0,323.0,90.0,960.0,10.0,2.616222e-05,37.23697,98416.24,6729644.0,77.0271,18.9981
393.0,425.0,3.0,2.0,811.0,85.0,804.0,99.0,599.0,71.0,316.0,9.0,920.0,1.0,0.001230441,5.276176,12750420.0,116340400.0,-35.0717,-5.39511
719.0,970.0,1.0,2.0,269.0,15.0,385.0,62.0,637.0,14.0,740.0,82.0,146.0,57.0,1.885216e-05,57.69658,10785.12,8193759.0,65.5429,16.7891
709.0,677.0,2.0,1.0,842.0,93.0,830.0,23.0,185.0,43.0,169.0,37.0,545.0,55.0,0.0001406193,21.18354,1397391.0,16295760.0,109.879,26.5868
311.0,439.0,1.0,3.0,797.0,11.0,783.0,95.0,637.0,46.0,845.0,12.0,347.0,2.0,0.000527705,31.36486,2174500.0,74763430.0,75.1409,20.6651
755.0,288.0,1.0,1.0,979.0,6.0,992.0,56.0,161.0,47.0,611.0,52.0,824.0,1.0,3.13983e-05,30.44836,370846.0,10472090.0,70.3664,18.4266
422.0,260.0,1.0,1.0,782.0,10.0,726.0,67.0,905.0,52.0,682.0,93.0,266.0,41.0,0.0007394738,17.14764,3383769.0,19841090.0,94.4926,19.4524
530.0,717.0,5.0,1.0,634.0,83.0,295.0,22.0,357.0,99.0,748.0,96.0,801.0,16.0,0.0002303267,64.55398,26117.46,30874990.0,68.8882,22.843
791.0,428.0,3.0,1.0,204.0,13.0,649.0,11.0,221.0,11.0,430.0,84.0,912.0,48.0,0.0002253123,27.63937,577079.0,10472090.0,106.851,21.3651
346.0,877.0,4.0,5.0,262.0,82.0,889.0,70.0,287.0,88.0,323.0,94.0,355.0,18.0,3.984198e-05,58.21908,16783.42,10472090.0,103.655,26.9054
318.0,309.0,1.0,1.0,990.0,80.0,995.0,66.0,167.0,72.0,183.0,27.0,929.0,18.0,0.001227735,32.11495,8193758.0,438383300.0,72.1349,18.9508
904.0,754.0,1.0,1.0,789.0,95.0,724.0,21.0,729.0,24.0,144.0,40.0,914.0,16.0,5.403311e-05,58.65878,40642.28,25358040.0,53.8167,14.408
628.0,828.0,1.0,1.0,905.0,86.0,832.0,26.0,674.0,18.0,525.0,83.0,971.0,82.0,8.437335e-05,65.58832,16783.42,30874990.0,66.0543,23.1563
532.0,853.0,3.0,3.0,494.0,81.0,816.0,64.0,717.0,66.0,386.0,47.0,924.0,38.0,5.75871e-05,65.1505,10785.12,16295760.0,78.7921,39.7563
494.0,701.0,6.0,4.0,128.0,15.0,843.0,18.0,145.0,17.0,410.0,23.0,958.0,29.0,9.816967e-05,22.92349,577079.0,6729644.0,88.5389,23.3025
322.0,861.0,1.0,1.0,384.0,14.0,909.0,15.0,884.0,69.0,171.0,91.0,663.0,23.0,2.203779e-05,58.54202,16783.42,10472090.0,60.5265,18.1988
309.0,910.0,1.0,4.0,362.0,16.0,480.0,74.0,483.0,4.0,534.0,84.0,126.0,58.0,0.0001010519,19.5861,577079.0,5265529.0,103.775,22.5633
726.0,747.0,2.0,1.0,202.0,16.0,610.0,12.0,221.0,42.0,323.0,87.0,690.0,24.0,7.796242e-05,34.74734,370846.0,16295760.0,85.7988,38.8235
245.0,851.0,4.0,5.0,565.0,85.0,918.0,72.0,407.0,92.0,819.0,88.0,812.0,22.0,5.381218e-05,64.00031,10785.12,16295760.0,89.3327,21.9748
619.0,839.0,1.0,2.0,944.0,32.0,488.0,49.0,585.0,29.0,400.0,82.0,998.0,96.0,0.0001160738,34.26931,577079.0,25358040.0,77.8755,31.2234
709.0,752.0,2.0,2.0,932.0,66.0,642.0,10.0,602.0,30.0,181.0,89.0,115.0,11.0,0.0001463561,55.16412,40642.28,19841090.0,102.577,49.1215
631.0,899.0,2.0,4.0,811.0,99.0,870.0,33.0,640.0,18.0,566.0,70.0,659.0,85.0,3.186008e-05,56.19509,10785.12,6729644.0,88.9892,41.5152
591.0,725.0,6.0,1.0,598.0,82.0,889.0,26.0,358.0,88.0,307.0,90.0,778.0,14.0,0.0001168319,62.61703,10785.12,16295760.0,80.5238,28.7532
727.0,682.0,1.0,3.0,272.0,15.0,385.0,62.0,583.0,15.0,740.0,82.0,772.0,54.0,0.000433833,33.36026,1397391.0,116340400.0,28.4759,7.02278
714.0,365.0,3.0,1.0,179.0,13.0,605.0,17.0,207.0,41.0,386.0,82.0,961.0,48.0,0.0002653125,22.65128,1397391.0,19841090.0,128.067,14.1761
866.0,743.0,1.0,1.0,793.0,91.0,932.0,20.0,712.0,27.0,101.0,36.0,984.0,25.0,7.869572e-05,61.5779,40642.28,30874990.0,63.004,24.2802
752.0,840.0,1.0,6.0,931.0,24.0,984.0,55.0,360.0,55.0,225.0,33.0,795.0,16.0,4.049707e-05,60.20023,40642.28,25358040.0,66.8845,32.7739
324.0,791.0,1.0,1.0,402.0,23.0,959.0,26.0,872.0,79.0,163.0,89.0,666.0,29.0,8.738721e-05,60.61402,40642.28,39459980.0,63.086,39.0788
735.0,830.0,2.0,1.0,900.0,84.0,855.0,28.0,712.0,18.0,524.0,69.0,971.0,44.0,5.574834e-05,38.03003,153147.4,10472090.0,66.9845,17.1959
731.0,658.0,8.0,1.0,991.0,73.0,987.0,46.0,202.0,93.0,333.0,46.0,965.0,51.0,0.0001424316,19.25353,577079.0,4324649.0,114.044,29.0735
203.0,346.0,4.0,2.0,613.0,13.0,672.0,35.0,720.0,94.0,602.0,59.0,316.0,40.0,0.0008741507,13.44999,2174500.0,10472090.0,128.236,23.7478
696.0,785.0,1.0,1.0,926.0,65.0,653.0,10.0,610.0,41.0,224.0,85.0,193.0,13.0,8.128682e-05,54.62133,63244.55,25358040.0,75.1993,55.1893
641.0,610.0,5.0,5.0,366.0,54.0,831.0,34.0,582.0,24.0,369.0,86.0,272.0,6.0,0.0003391934,18.75204,898000.8,16295760.0,4.85405,2.9912
781.0,947.0,1.0,1.0,326.0,68.0,401.0,61.0,535.0,42.0,731.0,64.0,129.0,43.0,1.883648e-05,48.24565,63244.55,12750420.0,51.8918,11.122
797.0,691.0,5.0,5.0,711.0,10.0,837.0,45.0,238.0,50.0,407.0,90.0,351.0,22.0,5.447514e-05,18.59989,238315.2,1397392.0,131.059,8.28574
300.0,849.0,7.0,2.0,239.0,66.0,299.0,22.0,364.0,58.0,789.0,92.0,841.0,86.0,5.690662e-05,26.21926,238315.2,3383770.0,103.041,29.5228
465.0,857.0,4.0,3.0,507.0,82.0,790.0,64.0,618.0,71.0,373.0,50.0,936.0,38.0,5.484307e-05,64.48118,10785.12,12750420.0,82.5317,39.1535
299.0,902.0,2.0,4.0,290.0,84.0,890.0,73.0,337.0,91.0,323.0,82.0,337.0,18.0,2.538357e-05,57.86326,16783.42,12750420.0,60.0805,16.9761
353.0,210.0,3.0,3.0,913.0,38.0,169.0,63.0,492.0,44.0,279.0,65.0,542.0,66.0,0.003160849,29.3639,2174500.0,1356708000.0,1.00215,-4.69457
364.0,856.0,5.0,6.0,953.0,83.0,846.0,75.0,356.0,88.0,323.0,88.0,339.0,16.0,6.179557e-05,60.54805,10785.12,61404200.0,99.7681,21.9227
500.0,907.0,1.0,2.0,555.0,4.0,804.0,64.0,617.0,71.0,338.0,53.0,311.0,29.0,2.511682e-05,52.49142,40642.28,10472090.0,64.0093,17.564
930.0,209.0,3.0,4.0,725.0,42.0,469.0,62.0,489.0,45.0,276.0,65.0,420.0,99.0,4.466687e-05,3.466523,238315.2,195732.3,103.44,35.6699
334.0,839.0,1.0,1.0,273.0,17.0,519.0,63.0,605.0,42.0,668.0,81.0,107.0,62.0,0.0001493593,27.05002,1397391.0,30874990.0,84.0105,28.9869
753.0,913.0,4.0,1.0,244.0,32.0,895.0,63.0,915.0,11.0,536.0,50.0,806.0,44.0,1.922101e-05,20.63302,98416.24,898001.8,55.661,7.47929
294.0,739.0,2.0,3.0,926.0,64.0,834.0,15.0,594.0,44.0,179.0,88.0,113.0,10.0,0.000158778,53.30513,63244.55,39459980.0,127.314,36.8895
596.0,767.0,1.0,2.0,931.0,65.0,821.0,7.0,691.0,45.0,150.0,88.0,198.0,3.0,3.91221e-05,51.21217,63244.55,16295760.0,62.5309,23.1854
721.0,760.0,1.0,1.0,415.0,76.0,749.0,8.0,193.0,2.0,731.0,89.0,918.0,20.0,5.854489e-05,16.95457,577079.0,3383770.0,61.4262,17.8534
490.0,891.0,1.0,2.0,913.0,30.0,563.0,34.0,492.0,57.0,337.0,74.0,988.0,87.0,3.334917e-05,54.88875,40642.28,16295760.0,65.4478,21.9567
749.0,779.0,2.0,1.0,430.0,69.0,615.0,9.0,233.0,43.0,779.0,29.0,969.0,29.0,2.305429e-05,15.44309,577079.0,2779135.0,70.3662,16.6754
712.0,250.0,1.0,4.0,474.0,16.0,967.0,59.0,153.0,71.0,611.0,44.0,796.0,1.0,0.0001678972,41.49567,898000.8,74763430.0,67.5528,21.2034
543.0,924.0,1.0,2.0,494.0,14.0,121.0,20.0,443.0,13.0,529.0,56.0,279.0,24.0,2.155735e-05,26.42737,370846.0,5265529.0,47.3976,10.3729
649.0,444.0,8.0,2.0,593.0,16.0,587.0,45.0,853.0,45.0,636.0,14.0,896.0,3.0,0.0002236768,48.24756,63244.55,10472090.0,91.9646,37.1733
498.0,882.0,1.0,3.0,588.0,12.0,100.0,18.0,431.0,7.0,532.0,24.0,215.0,64.0,7.488037e-05,45.48801,153147.4,25358040.0,94.7763,34.5953
732.0,859.0,1.0,1.0,901.0,91.0,821.0,25.0,723.0,18.0,542.0,84.0,993.0,74.0,4.684043e-05,66.58694,10785.12,19841090.0,61.2985,17.1161
707.0,913.0,1.0,4.0,206.0,66.0,533.0,73.0,918.0,14.0,527.0,80.0,122.0,50.0,8.25013e-05,47.89779,98416.24,25358040.0,86.9628,23.3374
903.0,755.0,1.0,1.0,764.0,92.0,878.0,6.0,740.0,42.0,112.0,24.0,976.0,10.0,2.280024e-05,44.76303,63244.55,10472090.0,56.2825,14.5696
681.0,634.0,1.0,1.0,796.0,91.0,724.0,21.0,716.0,42.0,160.0,35.0,928.0,24.0,0.000251612,64.03913,98416.24,116340400.0,70.0522,51.0736
517.0,899.0,1.0,1.0,498.0,2.0,788.0,58.0,434.0,65.0,270.0,48.0,344.0,38.0,2.804614e-05,37.13796,153147.4,8193759.0,72.8153,19.2318
483.0,207.0,4.0,3.0,599.0,15.0,883.0,87.0,481.0,21.0,585.0,66.0,174.0,76.0,0.001097144,10.02762,2174500.0,5265529.0,141.314,18.8718
324.0,804.0,1.0,5.0,533.0,87.0,984.0,69.0,177.0,74.0,140.0,27.0,778.0,15.0,9.168143e-05,58.22702,153147.4,74763430.0,67.9821,23.9072
493.0,887.0,2.0,3.0,603.0,13.0,101.0,27.0,461.0,20.0,542.0,64.0,318.0,68.0,8.780989e-05,60.99738,16783.42,19841090.0,102.054,29.3422
768.0,812.0,1.0,5.0,493.0,12.0,991.0,63.0,179.0,50.0,216.0,38.0,798.0,14.0,5.155811e-05,57.50327,63244.55,30874990.0,75.8786,28.5393
528.0,829.0,5.0,6.0,588.0,83.0,308.0,25.0,411.0,91.0,824.0,80.0,783.0,15.0,6.247371e-05,65.71762,6930.448,30874990.0,94.2398,22.652
648.0,786.0,1.0,2.0,934.0,67.0,834.0,10.0,545.0,38.0,433.0,95.0,180.0,4.0,4.011856e-05,60.26324,26117.46,19841090.0,61.5636,20.453
776.0,856.0,1.0,5.0,959.0,11.0,980.0,59.0,165.0,58.0,264.0,33.0,699.0,19.0,2.450661e-05,28.82284,370846.0,10472090.0,71.1042,33.8657
367.0,860.0,1.0,1.0,417.0,14.0,934.0,13.0,879.0,74.0,149.0,89.0,595.0,21.0,2.108886e-05,56.26778,16783.42,8193759.0,62.8192,20.2127
364.0,856.0,5.0,5.0,947.0,77.0,845.0,75.0,355.0,87.0,323.0,87.0,341.0,16.0,6.173176e-05,60.41924,10785.12,25358040.0,121.426,25.0551
701.0,836.0,2.0,2.0,901.0,86.0,812.0,30.0,718.0,18.0,525.0,83.0,971.0,83.0,8.042589e-05,65.35221,10785.12,16295760.0,87.6879,40.2299
268.0,806.0,1.0,1.0,394.0,15.0,934.0,15.0,911.0,59.0,160.0,88.0,665.0,22.0,5.049777e-05,59.74675,26117.46,19841090.0,64.6947,25.3665
650.0,886.0,1.0,1.0,932.0,66.0,631.0,15.0,596.0,87.0,354.0,87.0,194.0,18.0,2.048642e-05,47.55432,40642.28,8193759.0,63.1458,19.6658
280.0,766.0,8.0,1.0,644.0,78.0,295.0,70.0,358.0,57.0,799.0,99.0,786.0,26.0,0.000405887,16.77704,1397391.0,6729644.0,75.072,24.8595
530.0,727.0,5.0,1.0,610.0,83.0,318.0,22.0,412.0,99.0,753.0,96.0,808.0,16.0,0.000200268,65.14406,26117.46,30874990.0,64.4837,16.0308
707.0,913.0,1.0,4.0,207.0,68.0,534.0,73.0,603.0,14.0,527.0,80.0,102.0,50.0,7.810419e-05,54.77468,63244.55,30874990.0,93.7277,20.6898
764.0,803.0,1.0,9.0,538.0,91.0,194.0,35.0,630.0,73.0,872.0,89.0,858.0,90.0,0.0001758187,36.46059,1397391.0,116340400.0,-2.94472,-537.669
548.0,900.0,1.0,2.0,624.0,11.0,113.0,20.0,456.0,24.0,550.0,66.0,236.0,57.0,5.047655e-05,53.14707,63244.55,19841090.0,78.2733,36.0565
791.0,701.0,1.0,1.0,381.0,8.0,524.0,69.0,925.0,12.0,557.0,47.0,819.0,34.0,0.0001732562,64.44236,26117.46,39459980.0,75.6839,27.5398
494.0,800.0,1.0,2.0,373.0,35.0,489.0,44.0,532.0,63.0,349.0,92.0,990.0,87.0,0.0001858216,62.77874,98416.24,116340400.0,81.491,23.3628
331.0,839.0,1.0,2.0,273.0,17.0,527.0,63.0,585.0,42.0,724.0,85.0,500.0,50.0,0.0001300895,61.7405,63244.55,61404200.0,63.6212,22.7792
501.0,852.0,2.0,3.0,491.0,82.0,798.0,64.0,592.0,70.0,390.0,49.0,936.0,38.0,5.873886e-05,64.55151,16783.42,25358040.0,68.6611,34.3678
366.0,831.0,1.0,1.0,398.0,13.0,933.0,13.0,844.0,76.0,147.0,92.0,751.0,21.0,2.96173e-05,58.91662,16783.42,12750420.0,61.0467,19.5511
328.0,830.0,1.0,1.0,411.0,27.0,996.0,19.0,887.0,76.0,147.0,96.0,610.0,29.0,4.66459e-05,58.48153,26117.46,16295760.0,63.4066,26.4627
731.0,302.0,1.0,1.0,987.0,7.0,964.0,65.0,178.0,70.0,626.0,29.0,779.0,1.0,3.77611e-05,23.85274,898000.8,10472090.0,63.3956,15.1654
298.0,559.0,6.0,1.0,225.0,51.0,585.0,84.0,796.0,64.0,678.0,83.0,529.0,28.0,0.001581002,19.34718,5265528.0,61404200.0,22.9748,10.4681
673.0,551.0,9.0,2.0,451.0,81.0,180.0,6.0,438.0,1.0,706.0,29.0,908.0,85.0,0.0009929917,23.58489,577079.0,6729644.0,31.5456,12.8063
299.0,938.0,2.0,6.0,290.0,84.0,890.0,73.0,337.0,91.0,323.0,82.0,337.0,15.0,1.115652e-05,58.26368,10785.12,5265529.0,40.6467,7.3991
654.0,737.0,1.0,2.0,900.0,66.0,580.0,16.0,615.0,38.0,367.0,87.0,217.0,9.0,0.0001467192,63.09505,63244.55,74763430.0,80.7935,33.0636
649.0,444.0,8.0,3.0,593.0,19.0,638.0,41.0,853.0,45.0,169.0,11.0,896.0,3.0,0.0002422768,31.84505,238315.2,10472090.0,123.281,32.7489
703.0,745.0,1.0,1.0,202.0,15.0,585.0,15.0,248.0,42.0,328.0,85.0,681.0,25.0,0.000101479,38.57922,577079.0,39459980.0,75.3105,31.7911
300.0,684.0,6.0,3.0,922.0,17.0,842.0,43.0,674.0,53.0,995.0,84.0,979.0,43.0,0.0002968343,36.36168,153147.4,25358040.0,55.2226,16.5139
528.0,830.0,5.0,6.0,613.0,83.0,317.0,25.0,397.0,90.0,831.0,83.0,765.0,15.0,6.07043e-05,65.59831,6930.448,30874990.0,95.7433,21.6554
357.0,955.0,1.0,1.0,336.0,70.0,400.0,56.0,603.0,42.0,604.0,64.0,112.0,43.0,1.78013e-05,48.20903,63244.55,10472090.0,62.2642,16.2641
509.0,716.0,8.0,6.0,684.0,69.0,295.0,73.0,358.0,60.0,754.0,96.0,850.0,26.0,0.0006390661,16.36258,1397391.0,61404200.0,10.58,7.35676
379.0,861.0,1.0,1.0,459.0,11.0,933.0,16.0,879.0,59.0,210.0,92.0,605.0,20.0,2.173279e-05,60.49136,10785.12,8193759.0,61.0725,17.1459
341.0,797.0,1.0,5.0,536.0,81.0,996.0,66.0,173.0,57.0,192.0,33.0,798.0,18.0,0.0001002254,58.97663,98416.24,116340400.0,71.128,18.2387
528.0,913.0,1.0,3.0,603.0,15.0,180.0,27.0,461.0,20.0,552.0,61.0,321.0,61.0,3.93944e-05,58.74223,26117.46,16295760.0,76.5876,34.1168
663.0,806.0,1.0,5.0,529.0,81.0,992.0,58.0,173.0,57.0,206.0,30.0,794.0,16.0,7.486311e-05,59.3809,98416.24,74763430.0,71.4291,26.7864
433.0,841.0,1.0,2.0,906.0,33.0,539.0,45.0,587.0,59.0,321.0,94.0,995.0,83.0,9.816576e-05,62.04023,40642.28,48044980.0,73.0741,38.428
719.0,682.0,1.0,1.0,952.0,93.0,824.0,22.0,186.0,39.0,100.0,37.0,544.0,27.0,0.0001616209,32.9579,1397391.0,61404200.0,88.474,37.6502
371.0,970.0,1.0,1.0,396.0,58.0,401.0,73.0,575.0,41.0,546.0,50.0,103.0,41.0,1.42202e-05,48.55183,40642.28,10472090.0,61.6976,14.8706
468.0,898.0,1.0,2.0,493.0,87.0,826.0,59.0,426.0,65.0,260.0,45.0,303.0,38.0,2.807217e-05,36.25178,238315.2,16295760.0,61.1992,20.469
378.0,860.0,1.0,1.0,452.0,30.0,989.0,25.0,762.0,77.0,184.0,89.0,606.0,25.0,2.884163e-05,59.86775,16783.42,16295760.0,54.6131,15.5231
652.0,755.0,1.0,2.0,914.0,68.0,848.0,14.0,602.0,27.0,363.0,98.0,181.0,9.0,0.0001109248,61.56196,40642.28,39459980.0,83.4741,38.4463
493.0,913.0,2.0,3.0,603.0,13.0,113.0,27.0,461.0,20.0,562.0,61.0,321.0,63.0,4.83231e-05,61.62306,10785.12,10472090.0,88.0926,36.548
756.0,688.0,1.0,1.0,365.0,7.0,490.0,65.0,925.0,13.0,542.0,46.0,792.0,43.0,0.0002371207,56.67081,63244.55,48044980.0,79.3265,26.4367
490.0,824.0,1.0,1.0,866.0,31.0,489.0,44.0,551.0,64.0,348.0,85.0,990.0,87.0,0.00013014,61.90422,63244.55,48044980.0,64.5247,33.0146
709.0,677.0,2.0,1.0,842.0,93.0,830.0,22.0,185.0,43.0,169.0,37.0,545.0,55.0,0.0001356116,20.91842,1397391.0,16295760.0,109.261,27.5304
721.0,760.0,2.0,1.0,439.0,76.0,749.0,9.0,237.0,2.0,700.0,28.0,957.0,32.0,8.004424e-05,64.54508,10785.12,16295760.0,77.8636,23.6007
714.0,736.0,1.0,2.0,938.0,65.0,786.0,9.0,602.0,38.0,336.0,91.0,180.0,5.0,7.68451e-05,59.26947,40642.28,30874990.0,76.1608,45.5051
448.0,922.0,1.0,2.0,448.0,4.0,802.0,59.0,586.0,65.0,273.0,48.0,300.0,36.0,1.958599e-05,50.8533,40642.28,8193759.0,67.0467,18.7106
694.0,900.0,1.0,1.0,903.0,96.0,822.0,25.0,708.0,18.0,519.0,82.0,954.0,79.0,2.316943e-05,62.18522,10785.12,10472090.0,62.1842,15.4638
478.0,870.0,1.0,1.0,964.0,30.0,559.0,40.0,491.0,56.0,340.0,74.0,994.0,79.0,5.151712e-05,59.11684,40642.28,25358040.0,57.793,15.2404
283.0,845.0,7.0,1.0,262.0,68.0,173.0,71.0,285.0,58.0,272.0,73.0,338.0,82.0,0.0002969205,56.84018,40642.28,39459980.0,126.413,25.059
724.0,946.0,1.0,4.0,326.0,68.0,404.0,60.0,555.0,42.0,723.0,44.0,165.0,31.0,1.542736e-05,49.60931,63244.55,12750420.0,50.0836,13.6371
713.0,636.0,2.0,1.0,791.0,86.0,830.0,21.0,164.0,42.0,206.0,38.0,900.0,28.0,0.0001491261,30.54135,898000.8,30874990.0,98.7866,32.2818
737.0,441.0,3.0,1.0,208.0,13.0,626.0,10.0,221.0,8.0,332.0,82.0,904.0,46.0,0.0004265411,35.26062,370846.0,19841090.0,114.602,20.1958
775.0,819.0,1.0,4.0,978.0,11.0,987.0,61.0,172.0,58.0,206.0,33.0,695.0,18.0,3.199529e-05,26.79121,577079.0,10472090.0,80.7039,32.686
566.0,214.0,8.0,1.0,980.0,26.0,159.0,10.0,748.0,51.0,865.0,49.0,682.0,1.0,0.0003327187,17.56129,577079.0,4324649.0,66.3174,12.2813
701.0,858.0,2.0,1.0,878.0,95.0,810.0,32.0,464.0,51.0,465.0,83.0,956.0,47.0,3.735082e-05,57.8085,16783.42,12750420.0,61.5544,13.2704
371.0,970.0,1.0,1.0,396.0,58.0,401.0,73.0,604.0,11.0,546.0,61.0,827.0,41.0,9.010886e-06,10.64244,370846.0,898001.8,-7.20302,-1.21567
418.0,885.0,3.0,3.0,313.0,82.0,926.0,64.0,589.0,66.0,365.0,48.0,924.0,38.0,3.00523e-05,62.2029,10785.12,10472090.0,62.4247,14.1659
681.0,832.0,1.0,6.0,955.0,87.0,996.0,56.0,310.0,54.0,250.0,29.0,794.0,17.0,5.085484e-05,61.63076,40642.28,48044980.0,63.6477,29.5748
717.0,607.0,4.0,8.0,828.0,60.0,373.0,65.0,337.0,18.0,994.0,49.0,891.0,46.0,0.0004091361,31.59976,898000.8,231377800.0,6.15349,3.68271
522.0,862.0,1.0,2.0,500.0,31.0,538.0,49.0,591.0,59.0,350.0,87.0,994.0,84.0,7.129641e-05,63.30987,40642.28,39459980.0,63.8726,33.2725
846.0,676.0,1.0,4.0,840.0,97.0,825.0,35.0,175.0,2.0,541.0,71.0,658.0,87.0,0.0004846471,45.17409,370846.0,281716800.0,22.3715,9.29767
771.0,958.0,1.0,3.0,277.0,67.0,456.0,76.0,609.0,15.0,687.0,44.0,127.0,42.0,1.969176e-05,55.45522,26117.46,12750420.0,59.8564,15.8493
715.0,632.0,2.0,1.0,204.0,83.0,611.0,16.0,252.0,42.0,293.0,74.0,921.0,26.0,0.0002298642,43.24071,577079.0,74763430.0,103.061,24.3605
654.0,737.0,1.0,2.0,900.0,62.0,788.0,9.0,610.0,38.0,381.0,87.0,217.0,6.0,7.583021e-05,58.40434,40642.28,30874990.0,76.1461,44.4346
710.0,817.0,1.0,1.0,793.0,88.0,721.0,14.0,630.0,42.0,167.0,29.0,958.0,21.0,3.336836e-05,60.90168,26117.46,19841090.0,45.3765,10.2052
753.0,914.0,1.0,3.0,361.0,12.0,749.0,65.0,595.0,16.0,550.0,53.0,127.0,52.0,4.087267e-05,50.92772,40642.28,16295760.0,85.4365,30.0996
609.0,763.0,1.0,2.0,925.0,70.0,803.0,10.0,510.0,46.0,205.0,95.0,154.0,5.0,6.682707e-05,58.35989,40642.28,25358040.0,76.5576,48.1565
602.0,737.0,1.0,2.0,873.0,68.0,770.0,9.0,610.0,36.0,339.0,92.0,217.0,4.0,6.804911e-05,60.54536,40642.28,30874990.0,67.6925,39.074
754.0,960.0,1.0,3.0,326.0,68.0,401.0,61.0,573.0,42.0,723.0,63.0,131.0,39.0,1.425235e-05,49.76577,40642.28,10472090.0,55.5092,14.1803
776.0,856.0,1.0,5.0,971.0,88.0,980.0,49.0,165.0,58.0,207.0,29.0,707.0,19.0,2.938834e-05,35.51364,370846.0,19841090.0,54.8778,32.4815
721.0,769.0,2.0,1.0,439.0,76.0,648.0,9.0,202.0,2.0,774.0,28.0,956.0,42.0,8.10479e-05,45.55425,98416.24,12750420.0,79.13,26.103
730.0,960.0,1.0,4.0,273.0,69.0,522.0,73.0,919.0,16.0,722.0,45.0,102.0,50.0,2.060254e-05,51.72587,26117.46,10472090.0,72.8308,29.9087
465.0,813.0,1.0,1.0,446.0,10.0,976.0,17.0,884.0,59.0,162.0,79.0,682.0,23.0,4.687109e-05,60.65229,16783.42,16295760.0,65.5396,23.8405
793.0,470.0,5.0,4.0,945.0,78.0,625.0,88.0,915.0,82.0,291.0,37.0,376.0,80.0,0.0002635203,17.70643,577079.0,5265529.0,62.45,45.7729
398.0,856.0,4.0,3.0,737.0,86.0,803.0,64.0,602.0,77.0,301.0,48.0,868.0,38.0,5.669661e-05,63.67371,10785.12,12750420.0,86.7679,43.2261
300.0,683.0,8.0,2.0,916.0,16.0,971.0,43.0,512.0,53.0,688.0,83.0,984.0,49.0,0.0002749662,33.33652,153147.4,8193759.0,133.645,16.3537
421.0,850.0,2.0,3.0,478.0,82.0,798.0,66.0,591.0,66.0,286.0,48.0,942.0,38.0,6.356261e-05,59.66767,40642.28,25358040.0,72.417,37.7718
501.0,851.0,2.0,3.0,507.0,90.0,780.0,66.0,565.0,66.0,357.0,49.0,911.0,36.0,6.196724e-05,64.0042,26117.46,25358040.0,68.1464,33.548
352.0,878.0,1.0,3.0,250.0,70.0,521.0,73.0,919.0,14.0,729.0,73.0,129.0,51.0,0.0001569808,52.71108,153147.4,74763430.0,82.56,19.2447
484.0,800.0,1.0,2.0,863.0,34.0,427.0,50.0,540.0,63.0,561.0,86.0,998.0,87.0,0.0002019492,60.27056,98416.24,95551890.0,73.4562,22.5264
696.0,762.0,2.0,1.0,188.0,5.0,620.0,9.0,241.0,41.0,327.0,73.0,923.0,17.0,4.695355e-05,39.22054,153147.4,10472090.0,77.5458,21.0144
556.0,896.0,2.0,5.0,927.0,80.0,889.0,73.0,287.0,88.0,325.0,90.0,368.0,17.0,2.678559e-05,59.78632,16783.42,12750420.0,63.267,24.2387
797.0,678.0,2.0,1.0,808.0,92.0,828.0,21.0,723.0,38.0,102.0,34.0,900.0,53.0,0.000183567,40.54544,238315.2,25358040.0,93.7768,59.6081
379.0,794.0,1.0,1.0,441.0,18.0,942.0,18.0,871.0,69.0,211.0,93.0,604.0,20.0,6.193418e-05,61.20005,26117.46,25358040.0,62.5298,26.1677
696.0,742.0,2.0,1.0,439.0,76.0,492.0,9.0,238.0,3.0,328.0,84.0,956.0,18.0,7.778331e-05,9.105244,898000.8,1785947.0,72.6791,21.1411
502.0,844.0,1.0,2.0,879.0,41.0,523.0,48.0,538.0,58.0,345.0,92.0,993.0,86.0,9.821128e-05,63.1655,40642.28,48044980.0,70.7212,35.1037
674.0,826.0,1.0,3.0,905.0,66.0,876.0,7.0,598.0,29.0,439.0,87.0,193.0,11.0,3.390874e-05,49.01357,40642.28,8193759.0,81.0517,54.3946
726.0,747.0,2.0,1.0,201.0,13.0,611.0,12.0,221.0,42.0,323.0,74.0,690.0,24.0,6.993383e-05,31.58568,370846.0,12750420.0,85.8807,40.1801
429.0,844.0,1.0,2.0,887.0,39.0,524.0,43.0,498.0,61.0,304.0,25.0,952.0,86.0,6.082733e-05,26.47523,898000.8,16295760.0,72.7867,51.8586
493.0,887.0,3.0,3.0,628.0,15.0,113.0,33.0,462.0,13.0,531.0,66.0,176.0,74.0,0.0001329707,58.68699,16783.42,16295760.0,117.091,25.467
713.0,774.0,1.0,1.0,430.0,72.0,615.0,9.0,230.0,2.0,763.0,82.0,970.0,14.0,4.341411e-05,10.24603,577079.0,1785947.0,43.0643,10.8052
684.0,634.0,2.0,1.0,788.0,92.0,743.0,21.0,737.0,42.0,173.0,38.0,890.0,24.0,0.0002547053,64.2719,40642.28,61404200.0,91.0155,51.1468
269.0,858.0,4.0,5.0,183.0,83.0,945.0,74.0,285.0,53.0,323.0,75.0,374.0,15.0,5.38574e-05,36.85119,153147.4,12750420.0,114.339,25.7298
508.0,907.0,1.0,2.0,497.0,4.0,810.0,61.0,714.0,68.0,389.0,53.0,311.0,29.0,2.436648e-05,52.77723,40642.28,10472090.0,62.4129,17.42
271.0,811.0,1.0,1.0,373.0,11.0,935.0,15.0,882.0,70.0,179.0,93.0,609.0,23.0,4.975436e-05,57.99428,26117.46,16295760.0,66.5452,28.4524
723.0,751.0,1.0,3.0,943.0,67.0,785.0,10.0,597.0,38.0,353.0,86.0,171.0,4.0,6.342817e-05,61.32249,26117.46,30874990.0,76.7129,39.6078
216.0,886.0,1.0,1.0,931.0,64.0,720.0,15.0,634.0,44.0,188.0,87.0,194.0,11.0,1.862294e-05,58.09859,10785.12,8193759.0,62.3597,15.9919
544.0,907.0,1.0,2.0,599.0,13.0,113.0,30.0,148.0,17.0,530.0,52.0,190.0,24.0,4.291285e-05,56.56569,40642.28,25358040.0,57.8332,16.6487
649.0,901.0,1.0,1.0,903.0,86.0,826.0,26.0,735.0,16.0,519.0,78.0,990.0,73.0,2.184424e-05,61.78298,10785.12,10472090.0,60.1346,15.7724
732.0,970.0,1.0,1.0,271.0,58.0,405.0,71.0,604.0,15.0,546.0,43.0,127.0,42.0,1.605621e-05,56.18372,16783.42,10472090.0,54.4009,11.1698
705.0,632.0,2.0,1.0,763.0,93.0,742.0,14.0,768.0,33.0,167.0,29.0,855.0,24.0,0.0001989126,49.74871,153147.4,39459980.0,90.4492,55.3979
768.0,812.0,1.0,4.0,493.0,13.0,991.0,63.0,178.0,50.0,677.0,37.0,774.0,14.0,4.518049e-05,29.06783,898000.8,19841090.0,57.0283,26.2757
500.0,851.0,2.0,3.0,496.0,82.0,798.0,66.0,592.0,70.0,376.0,44.0,924.0,40.0,6.15823e-05,63.76501,26117.46,25358040.0,72.0071,36.4091
501.0,852.0,1.0,1.0,528.0,6.0,804.0,69.0,573.0,65.0,389.0,49.0,944.0,36.0,5.949426e-05,60.33908,40642.28,25358040.0,45.9845,9.9005
474.0,892.0,1.0,2.0,964.0,30.0,521.0,39.0,492.0,48.0,305.0,85.0,993.0,84.0,3.711984e-05,61.78347,16783.42,19841090.0,62.9202,19.6573
799.0,682.0,1.0,1.0,932.0,90.0,925.0,23.0,186.0,45.0,152.0,37.0,496.0,54.0,8.717391e-05,17.24888,2174500.0,12750420.0,94.6774,0.0
753.0,829.0,1.0,6.0,550.0,6.0,968.0,55.0,167.0,57.0,209.0,33.0,773.0,18.0,3.36614e-05,30.78366,577079.0,12750420.0,86.5387,28.3225
701.0,830.0,2.0,2.0,900.0,86.0,823.0,28.0,698.0,18.0,525.0,83.0,971.0,82.0,8.447307e-05,66.90457,10785.12,16295760.0,89.0757,39.4532
454.0,897.0,4.0,4.0,508.0,15.0,133.0,32.0,466.0,22.0,542.0,66.0,173.0,67.0,8.313301e-05,54.34865,16783.42,10472090.0,125.839,20.3723
687.0,829.0,1.0,5.0,956.0,87.0,968.0,54.0,313.0,74.0,250.0,30.0,794.0,17.0,5.131196e-05,54.43323,98416.24,39459980.0,56.1781,31.0415
731.0,824.0,1.0,2.0,900.0,91.0,821.0,26.0,733.0,18.0,505.0,83.0,972.0,84.0,9.149093e-05,66.62482,16783.42,30874990.0,75.6466,37.0274
739.0,855.0,1.0,6.0,536.0,76.0,996.0,64.0,173.0,57.0,193.0,33.0,758.0,18.0,3.910797e-05,59.33581,40642.28,30874990.0,57.9502,30.798
208.0,347.0,4.0,1.0,637.0,5.0,237.0,10.0,748.0,46.0,328.0,66.0,926.0,25.0,0.000810478,43.86188,98416.24,16295760.0,105.923,31.6632
888.0,768.0,1.0,1.0,732.0,92.0,863.0,15.0,580.0,41.0,121.0,21.0,911.0,18.0,3.367864e-05,37.72927,238315.2,16295760.0,56.3189,15.0037
522.0,838.0,1.0,2.0,419.0,30.0,483.0,49.0,622.0,58.0,395.0,77.0,999.0,84.0,0.0001106222,63.77115,40642.28,61404200.0,69.5889,31.2593
624.0,809.0,1.0,2.0,994.0,60.0,883.0,9.0,602.0,33.0,346.0,91.0,190.0,4.0,2.837366e-05,62.11729,10785.12,12750420.0,62.4586,18.2278
330.0,678.0,8.0,2.0,203.0,79.0,986.0,32.0,368.0,58.0,456.0,45.0,934.0,67.0,0.0001756398,21.63335,898000.8,8193759.0,47.9758,17.4269
474.0,893.0,1.0,2.0,964.0,31.0,567.0,37.0,525.0,48.0,329.0,85.0,997.0,84.0,3.404751e-05,60.74255,16783.42,16295760.0,63.3331,18.4977
510.0,887.0,1.0,1.0,945.0,41.0,494.0,41.0,487.0,44.0,421.0,92.0,993.0,85.0,4.288002e-05,63.42581,16783.42,25358040.0,51.4966,12.5133
886.0,766.0,1.0,1.0,795.0,85.0,928.0,13.0,717.0,44.0,141.0,28.0,520.0,15.0,3.401044e-05,35.39427,238315.2,12750420.0,64.8159,27.4829
237.0,875.0,4.0,5.0,588.0,82.0,866.0,72.0,394.0,87.0,818.0,89.0,776.0,22.0,3.73475e-05,64.03018,6930.448,10472090.0,70.1499,24.639
493.0,902.0,1.0,3.0,570.0,13.0,147.0,22.0,579.0,20.0,539.0,60.0,375.0,59.0,4.664101e-05,62.54203,16783.42,19841090.0,76.9231,35.3521
678.0,829.0,1.0,5.0,975.0,4.0,962.0,49.0,393.0,56.0,246.0,31.0,759.0,17.0,3.436379e-05,41.88446,98416.24,10472090.0,80.6642,33.4334
754.0,275.0,1.0,1.0,979.0,7.0,999.0,57.0,325.0,74.0,610.0,44.0,796.0,1.0,3.436293e-05,31.27223,370846.0,12750420.0,64.7636,15.4624
362.0,798.0,7.0,2.0,727.0,17.0,987.0,71.0,187.0,50.0,126.0,24.0,799.0,23.0,0.0001096124,54.33775,16783.42,8193759.0,95.1311,44.7249
555.0,892.0,2.0,5.0,273.0,80.0,833.0,74.0,336.0,88.0,308.0,82.0,365.0,18.0,3.145163e-05,59.89004,16783.42,16295760.0,69.6345,28.0738
529.0,593.0,2.0,9.0,733.0,68.0,655.0,55.0,609.0,72.0,697.0,89.0,125.0,71.0,0.0007273713,15.67669,3383769.0,74763430.0,-2.00806,-680.126
336.0,860.0,1.0,1.0,434.0,13.0,935.0,18.0,923.0,61.0,179.0,93.0,607.0,23.0,2.537057e-05,60.16331,16783.42,10472090.0,60.6851,18.1441
320.0,842.0,2.0,2.0,271.0,33.0,534.0,60.0,939.0,26.0,707.0,84.0,525.0,51.0,0.0001218924,23.39872,898000.8,10472090.0,85.7688,27.4092
665.0,751.0,1.0,3.0,897.0,68.0,834.0,12.0,596.0,38.0,164.0,85.0,180.0,7.0,9.546299e-05,60.65109,40642.28,39459980.0,92.2892,44.3923
653.0,785.0,1.0,3.0,975.0,61.0,847.0,14.0,582.0,45.0,343.0,96.0,193.0,5.0,5.262638e-05,62.35219,26117.46,25358040.0,70.2139,38.5764
532.0,830.0,1.0,2.0,483.0,33.0,537.0,46.0,600.0,59.0,349.0,90.0,994.0,83.0,0.0001164707,63.36122,63244.55,61404200.0,74.5142,31.7979
795.0,913.0,1.0,4.0,319.0,63.0,871.0,73.0,609.0,14.0,540.0,84.0,800.0,52.0,2.27224e-05,21.46322,370846.0,3383770.0,47.8972,13.0775
678.0,349.0,1.0,6.0,635.0,12.0,724.0,65.0,179.0,23.0,647.0,37.0,823.0,17.0,0.000176576,19.94117,3383769.0,30874990.0,22.2527,10.2813
307.0,802.0,2.0,1.0,372.0,12.0,947.0,18.0,882.0,69.0,148.0,91.0,596.0,32.0,7.450361e-05,57.32572,16783.42,12750420.0,80.1158,54.3165
777.0,347.0,1.0,9.0,643.0,91.0,994.0,36.0,630.0,23.0,872.0,88.0,853.0,90.0,0.0004035062,26.54334,2174500.0,74763430.0,4.06978,1.56615
731.0,720.0,2.0,1.0,757.0,89.0,742.0,27.0,657.0,37.0,167.0,20.0,916.0,19.0,0.0001326898,64.56785,40642.28,48044980.0,63.2665,23.9834
706.0,718.0,1.0,1.0,795.0,89.0,981.0,15.0,728.0,27.0,170.0,37.0,520.0,17.0,0.0001212796,63.06904,40642.28,48044980.0,70.6632,57.5421
770.0,693.0,1.0,2.0,257.0,32.0,457.0,60.0,907.0,32.0,536.0,50.0,124.0,43.0,0.000399572,25.68026,3383769.0,61404200.0,39.6489,11.863
698.0,843.0,1.0,1.0,901.0,96.0,818.0,27.0,705.0,18.0,564.0,81.0,987.0,75.0,6.347295e-05,67.02839,16783.42,25358040.0,60.351,17.8809
513.0,743.0,3.0,5.0,273.0,67.0,977.0,77.0,287.0,56.0,310.0,85.0,760.0,16.0,0.0002091019,21.50692,2174500.0,116340400.0,29.1708,11.2381
532.0,842.0,1.0,2.0,484.0,32.0,538.0,46.0,583.0,59.0,350.0,91.0,993.0,82.0,9.574086e-05,63.32191,40642.28,48044980.0,70.384,33.0443
708.0,681.0,2.0,1.0,781.0,94.0,743.0,19.0,189.0,30.0,101.0,38.0,895.0,23.0,0.0001704228,57.28408,63244.55,48044980.0,88.1371,39.7247
250.0,855.0,1.0,1.0,889.0,67.0,580.0,16.0,602.0,45.0,172.0,91.0,111.0,4.0,3.055151e-05,37.82274,238315.2,12750420.0,49.4872,11.0082
704.0,747.0,2.0,1.0,200.0,14.0,653.0,9.0,236.0,43.0,323.0,74.0,730.0,24.0,5.418873e-05,29.403,370846.0,10472090.0,85.7407,43.2713
332.0,791.0,1.0,1.0,361.0,15.0,978.0,27.0,881.0,76.0,148.0,93.0,652.0,32.0,9.499379e-05,59.59858,40642.28,30874990.0,66.8777,45.8067
427.0,913.0,1.0,2.0,396.0,60.0,405.0,68.0,604.0,37.0,545.0,48.0,103.0,38.0,4.465293e-05,49.48794,153147.4,25358040.0,72.0986,36.661
622.0,902.0,1.0,2.0,963.0,32.0,564.0,37.0,525.0,56.0,382.0,81.0,989.0,84.0,2.720334e-05,56.44957,26117.46,12750420.0,60.0062,17.1168
761.0,693.0,3.0,1.0,205.0,13.0,637.0,15.0,221.0,42.0,285.0,85.0,951.0,62.0,0.000111951,25.84011,577079.0,10472090.0,100.752,27.5123
364.0,807.0,1.0,1.0,444.0,19.0,977.0,17.0,860.0,74.0,113.0,93.0,606.0,20.0,5.104314e-05,57.17992,40642.28,19841090.0,61.709,23.116
286.0,948.0,3.0,1.0,602.0,12.0,861.0,80.0,209.0,53.0,433.0,16.0,218.0,30.0,7.614071e-06,13.22559,153147.4,577080.0,68.1952,11.6467
210.0,886.0,1.0,1.0,924.0,63.0,670.0,15.0,634.0,45.0,224.0,85.0,230.0,17.0,2.187823e-05,55.23797,16783.42,8193759.0,66.1726,18.3094
749.0,963.0,1.0,1.0,357.0,10.0,561.0,78.0,925.0,13.0,543.0,47.0,130.0,43.0,2.015251e-05,59.44852,10785.12,8193759.0,63.8396,14.2082
471.0,439.0,1.0,3.0,813.0,13.0,783.0,95.0,637.0,46.0,529.0,12.0,347.0,2.0,0.0003765746,35.85395,1397391.0,74763430.0,81.1511,18.0741
479.0,847.0,1.0,2.0,484.0,29.0,538.0,45.0,590.0,59.0,350.0,91.0,992.0,83.0,8.82992e-05,63.09055,40642.28,48044980.0,69.7307,34.1628
570.0,319.0,4.0,6.0,791.0,10.0,401.0,1.0,485.0,53.0,969.0,81.0,398.0,63.0,5.676511e-05,1.423717,238315.2,153148.4,149.071,50.7897
627.0,712.0,6.0,1.0,632.0,78.0,885.0,22.0,363.0,93.0,314.0,90.0,819.0,14.0,0.0001142745,61.38826,16783.42,12750420.0,82.8502,35.269
489.0,844.0,1.0,2.0,472.0,41.0,572.0,40.0,588.0,59.0,303.0,24.0,999.0,83.0,5.396978e-05,27.55803,898000.8,19841090.0,69.5309,52.5552
502.0,852.0,3.0,3.0,493.0,81.0,814.0,59.0,716.0,66.0,387.0,47.0,925.0,38.0,5.556582e-05,65.04881,10785.12,16295760.0,79.9613,40.6551
729.0,913.0,1.0,4.0,328.0,63.0,829.0,73.0,606.0,14.0,501.0,84.0,128.0,52.0,5.886984e-05,57.32628,26117.46,19841090.0,89.3119,25.217
475.0,870.0,4.0,2.0,473.0,91.0,790.0,64.0,618.0,70.0,371.0,47.0,939.0,40.0,4.397101e-05,64.0862,6930.448,10472090.0,60.4614,11.7451
261.0,389.0,3.0,2.0,644.0,12.0,617.0,37.0,720.0,49.0,369.0,52.0,315.0,38.0,0.001108723,22.10393,2174500.0,30874990.0,68.2846,10.7063
379.0,760.0,1.0,1.0,454.0,14.0,984.0,19.0,832.0,66.0,210.0,87.0,605.0,20.0,9.288386e-05,60.86174,40642.28,30874990.0,68.3,45.2941
707.0,634.0,1.0,1.0,796.0,90.0,743.0,14.0,716.0,43.0,139.0,36.0,513.0,24.0,0.0001968276,39.83377,898000.8,61404200.0,83.5898,54.1288
462.0,934.0,1.0,3.0,544.0,12.0,117.0,20.0,157.0,17.0,540.0,65.0,202.0,23.0,1.988996e-05,57.66532,16783.42,12750420.0,57.47,15.1128
735.0,949.0,1.0,1.0,336.0,66.0,415.0,56.0,609.0,42.0,557.0,50.0,112.0,37.0,1.653431e-05,48.33634,63244.55,10472090.0,56.5,12.9124
726.0,628.0,3.0,1.0,209.0,13.0,610.0,12.0,252.0,43.0,278.0,83.0,922.0,27.0,0.0001449036,34.11813,370846.0,16295760.0,100.749,27.8025
368.0,790.0,1.0,1.0,399.0,15.0,975.0,19.0,872.0,68.0,175.0,89.0,597.0,23.0,7.179128e-05,60.42271,40642.28,25358040.0,66.3263,34.8786
751.0,687.0,3.0,3.0,336.0,60.0,415.0,74.0,630.0,14.0,536.0,82.0,139.0,52.0,0.001233146,52.68826,238315.2,871857100.0,-2.72305,-514.93
647.0,751.0,1.0,3.0,936.0,68.0,834.0,14.0,600.0,38.0,386.0,91.0,305.0,5.0,6.452437e-05,37.40034,370846.0,25358040.0,65.7295,30.4936
396.0,870.0,1.0,3.0,509.0,87.0,908.0,55.0,590.0,68.0,645.0,48.0,939.0,39.0,3.270898e-05,39.68853,238315.2,19841090.0,37.9219,11.5471
738.0,839.0,1.0,2.0,373.0,14.0,506.0,63.0,527.0,42.0,532.0,46.0,519.0,50.0,9.472708e-05,38.09381,577079.0,39459980.0,72.4285,26.5698
540.0,913.0,1.0,3.0,632.0,14.0,122.0,20.0,156.0,29.0,544.0,50.0,201.0,22.0,2.324199e-05,46.87061,98416.24,12750420.0,62.9103,19.4015
722.0,966.0,1.0,4.0,362.0,65.0,504.0,72.0,919.0,14.0,538.0,46.0,101.0,51.0,2.171481e-05,53.93522,26117.46,8193759.0,74.9832,32.9251
706.0,748.0,1.0,1.0,203.0,72.0,616.0,17.0,240.0,6.0,790.0,31.0,933.0,31.0,0.000110101,46.85035,370846.0,61404200.0,51.2682,15.8804
613.0,734.0,1.0,3.0,882.0,98.0,823.0,28.0,673.0,18.0,589.0,81.0,955.0,77.0,0.0002637385,66.95986,40642.28,231377800.0,41.9307,13.1216
528.0,830.0,5.0,6.0,613.0,80.0,327.0,25.0,397.0,93.0,831.0,67.0,765.0,15.0,5.837953e-05,61.93139,10785.12,19841090.0,99.8545,22.7962
663.0,846.0,1.0,1.0,876.0,91.0,822.0,27.0,708.0,9.0,518.0,91.0,987.0,81.0,6.553419e-05,29.47438,370846.0,8193759.0,64.671,20.9296
733.0,758.0,2.0,1.0,207.0,75.0,499.0,11.0,252.0,42.0,323.0,87.0,970.0,17.0,6.825402e-05,60.64923,26117.46,25358040.0,62.7748,14.2042
555.0,948.0,2.0,5.0,273.0,80.0,890.0,74.0,287.0,88.0,325.0,83.0,405.0,17.0,8.54361e-06,57.82855,6930.448,5265529.0,27.7375,4.06124
765.0,687.0,3.0,1.0,206.0,16.0,610.0,6.0,221.0,42.0,322.0,85.0,952.0,26.0,6.00406e-05,28.977,238315.2,6729644.0,91.6796,41.0881
512.0,693.0,4.0,1.0,657.0,81.0,295.0,22.0,309.0,99.0,754.0,96.0,805.0,16.0,0.0002836216,63.06977,40642.28,48044980.0,72.4318,26.2877
464.0,911.0,4.0,2.0,550.0,3.0,787.0,60.0,587.0,71.0,260.0,49.0,263.0,36.0,2.544196e-05,47.98274,10785.12,2779135.0,85.0049,31.2532
799.0,681.0,1.0,1.0,877.0,92.0,820.0,22.0,186.0,39.0,176.0,37.0,893.0,53.0,9.588e-05,23.79996,2174500.0,25358040.0,88.7818,37.3511
525.0,851.0,3.0,5.0,588.0,82.0,876.0,73.0,420.0,98.0,819.0,88.0,775.0,19.0,5.336134e-05,65.52128,10785.12,19841090.0,70.6566,23.9915
395.0,900.0,1.0,2.0,763.0,1.0,860.0,60.0,428.0,65.0,296.0,49.0,289.0,35.0,2.627154e-05,30.10221,153147.4,4324649.0,82.2694,30.7967
518.0,833.0,4.0,5.0,639.0,76.0,869.0,74.0,357.0,88.0,322.0,74.0,338.0,16.0,8.474407e-05,60.94511,16783.42,95551890.0,77.953,20.0842
691.0,900.0,1.0,1.0,913.0,91.0,822.0,27.0,708.0,12.0,519.0,83.0,981.0,79.0,2.415844e-05,40.43949,63244.55,6729644.0,61.5798,15.0053
275.0,796.0,2.0,1.0,914.0,58.0,833.0,24.0,594.0,92.0,161.0,89.0,113.0,9.0,8.580873e-05,53.08376,63244.55,19841090.0,82.6391,51.2613
551.0,716.0,6.0,1.0,632.0,78.0,889.0,22.0,358.0,93.0,314.0,90.0,804.0,14.0,0.0001121046,61.03963,16783.42,12750420.0,82.6622,34.7382
332.0,806.0,6.0,1.0,544.0,12.0,985.0,65.0,179.0,74.0,641.0,28.0,969.0,13.0,7.286076e-05,28.5741,238315.2,10472090.0,29.738,2.64926
269.0,858.0,6.0,5.0,953.0,83.0,846.0,73.0,287.0,48.0,323.0,74.0,336.0,17.0,6.122509e-05,44.11848,63244.55,12750420.0,129.257,24.4719
726.0,626.0,2.0,1.0,127.0,13.0,623.0,11.0,169.0,47.0,305.0,80.0,892.0,21.0,0.0001244867,30.41695,898000.8,25358040.0,96.076,29.4037
565.0,883.0,1.0,3.0,589.0,13.0,113.0,20.0,156.0,8.0,532.0,26.0,216.0,20.0,4.724873e-05,57.19439,40642.28,25358040.0,70.1355,40.1255
543.0,912.0,1.0,3.0,623.0,12.0,113.0,26.0,154.0,16.0,528.0,54.0,200.0,24.0,3.542533e-05,57.11635,40642.28,19841090.0,64.0152,23.4987
530.0,924.0,1.0,3.0,612.0,15.0,112.0,20.0,156.0,13.0,530.0,66.0,217.0,24.0,2.475578e-05,40.6077,153147.4,12750420.0,59.4661,17.2288
898.0,631.0,1.0,1.0,793.0,88.0,904.0,9.0,592.0,43.0,140.0,38.0,891.0,20.0,4.653e-05,32.36745,370846.0,12750420.0,75.8054,67.8849
524.0,749.0,3.0,1.0,637.0,78.0,841.0,73.0,358.0,93.0,313.0,90.0,804.0,13.0,0.0001990747,22.22948,1397391.0,16295760.0,36.8624,6.92081
333.0,778.0,1.0,1.0,402.0,22.0,960.0,17.0,872.0,83.0,180.0,89.0,648.0,22.0,7.305694e-05,59.58398,40642.28,30874990.0,63.6765,35.4822
491.0,847.0,1.0,1.0,384.0,28.0,534.0,47.0,524.0,64.0,553.0,18.0,673.0,84.0,5.130445e-05,15.09488,1397391.0,8193759.0,53.8549,15.8893
697.0,859.0,1.0,1.0,906.0,95.0,869.0,27.0,537.0,59.0,466.0,86.0,938.0,84.0,3.676305e-05,35.29186,238315.2,10472090.0,62.0912,19.9958
355.0,713.0,1.0,1.0,249.0,32.0,851.0,74.0,926.0,31.0,546.0,50.0,103.0,46.0,0.0005880623,25.73425,5265528.0,95551890.0,98.3472,23.2437
751.0,200.0,1.0,1.0,492.0,3.0,999.0,63.0,237.0,60.0,579.0,44.0,845.0,1.0,3.150388e-05,28.36765,577079.0,10472090.0,71.6317,18.5438
754.0,957.0,1.0,1.0,364.0,7.0,506.0,60.0,924.0,13.0,555.0,50.0,148.0,43.0,1.975074e-05,60.22083,10785.12,6729644.0,66.0208,15.1674
349.0,782.0,1.0,1.0,370.0,14.0,940.0,19.0,882.0,70.0,168.0,93.0,597.0,21.0,7.69839e-05,59.96302,40642.28,30874990.0,65.1946,34.4828
528.0,711.0,4.0,1.0,632.0,80.0,295.0,22.0,358.0,98.0,754.0,96.0,805.0,23.0,0.0002517719,43.98912,238315.2,39459980.0,82.5911,27.0946
332.0,938.0,8.0,3.0,732.0,35.0,614.0,16.0,522.0,60.0,725.0,95.0,563.0,70.0,1.169318e-05,43.21369,4453.334,473963.5,86.9708,32.4101
662.0,856.0,1.0,1.0,905.0,85.0,820.0,25.0,708.0,18.0,504.0,83.0,971.0,82.0,5.363657e-05,65.03267,16783.42,19841090.0,64.951,19.3723
490.0,916.0,1.0,2.0,929.0,24.0,565.0,35.0,492.0,57.0,341.0,74.0,993.0,98.0,2.16671e-05,53.15144,26117.46,10472090.0,64.3844,18.0412
494.0,800.0,1.0,1.0,411.0,34.0,473.0,44.0,586.0,62.0,349.0,92.0,991.0,87.0,0.000190305,62.77691,98416.24,95551890.0,65.9541,33.5438
886.0,734.0,1.0,1.0,702.0,95.0,760.0,27.0,652.0,34.0,170.0,34.0,881.0,24.0,7.933185e-05,46.87353,238315.2,30874990.0,61.5403,31.8954
310.0,858.0,5.0,1.0,239.0,82.0,173.0,73.0,285.0,51.0,323.0,92.0,338.0,86.0,0.000251706,56.49693,63244.55,48044980.0,112.273,25.0972
336.0,862.0,1.0,1.0,340.0,13.0,935.0,18.0,923.0,63.0,181.0,93.0,606.0,23.0,2.444947e-05,59.76129,16783.42,10472090.0,59.8678,17.8694
663.0,870.0,1.0,1.0,900.0,91.0,822.0,27.0,708.0,18.0,519.0,83.0,971.0,78.0,4.186375e-05,66.44004,10785.12,16295760.0,61.3754,16.4993
500.0,816.0,1.0,2.0,748.0,5.0,978.0,63.0,434.0,65.0,255.0,49.0,301.0,36.0,9.598498e-05,26.35684,898000.8,16295760.0,92.4854,33.9714
322.0,861.0,1.0,1.0,384.0,15.0,904.0,15.0,884.0,66.0,170.0,90.0,663.0,23.0,2.215433e-05,58.98659,16783.42,10472090.0,60.4757,17.9408
309.0,806.0,1.0,4.0,535.0,81.0,930.0,64.0,174.0,57.0,230.0,33.0,673.0,18.0,9.40281e-05,58.14038,98416.24,95551890.0,72.9816,23.1732
249.0,750.0,2.0,2.0,914.0,67.0,642.0,94.0,602.0,87.0,182.0,89.0,111.0,7.0,0.0004130304,23.19507,3383769.0,39459980.0,63.068,22.76
393.0,970.0,1.0,1.0,396.0,59.0,405.0,67.0,604.0,40.0,542.0,48.0,103.0,40.0,1.329565e-05,48.39432,40642.28,8193759.0,62.4143,15.1728
297.0,679.0,1.0,3.0,806.0,93.0,847.0,44.0,670.0,50.0,581.0,83.0,986.0,81.0,0.0004048115,39.22961,1397391.0,231377800.0,15.1248,6.83663
343.0,436.0,2.0,1.0,897.0,34.0,672.0,94.0,459.0,42.0,698.0,85.0,966.0,66.0,0.001588059,32.98064,2174500.0,181038800.0,42.5677,11.8581
518.0,913.0,1.0,2.0,624.0,17.0,113.0,21.0,138.0,14.0,529.0,66.0,201.0,25.0,3.334069e-05,56.72396,40642.28,16295760.0,59.6054,16.4804
325.0,678.0,1.0,1.0,779.0,91.0,806.0,30.0,375.0,41.0,217.0,43.0,928.0,65.0,0.0002838484,35.54887,2174500.0,95551890.0,92.2519,33.1842
491.0,912.0,1.0,2.0,599.0,15.0,113.0,28.0,448.0,17.0,596.0,65.0,173.0,23.0,4.168747e-05,29.44653,370846.0,10472090.0,53.4617,14.3364
704.0,838.0,7.0,4.0,329.0,52.0,122.0,15.0,511.0,44.0,363.0,73.0,280.0,84.0,0.0001011729,29.25515,153147.4,4324649.0,73.5895,18.917
345.0,798.0,2.0,1.0,372.0,15.0,934.0,19.0,868.0,74.0,147.0,93.0,662.0,34.0,7.836025e-05,58.31827,16783.42,12750420.0,79.2272,53.1954
453.0,900.0,1.0,2.0,743.0,4.0,812.0,60.0,433.0,65.0,260.0,44.0,355.0,36.0,2.728084e-05,39.92564,98416.24,10472090.0,73.4493,23.5331
203.0,375.0,1.0,1.0,984.0,94.0,961.0,71.0,190.0,56.0,115.0,29.0,849.0,14.0,0.001469204,39.88674,5265528.0,871857100.0,73.2823,19.8266
244.0,855.0,5.0,2.0,588.0,83.0,880.0,73.0,403.0,93.0,814.0,90.0,807.0,22.0,5.262829e-05,64.35652,6930.448,10472090.0,42.9619,6.44049
325.0,617.0,6.0,1.0,546.0,88.0,979.0,71.0,126.0,57.0,124.0,24.0,961.0,17.0,0.0005176922,54.30154,98416.24,95551890.0,122.438,30.2463
726.0,615.0,1.0,1.0,203.0,11.0,589.0,5.0,198.0,4.0,329.0,87.0,961.0,45.0,0.0003101928,59.57216,40642.28,39459980.0,94.7901,30.9104
641.0,774.0,1.0,3.0,811.0,99.0,870.0,32.0,640.0,12.0,566.0,70.0,659.0,84.0,0.0002356304,64.33287,40642.28,181038800.0,64.0037,14.6956
345.0,876.0,6.0,6.0,252.0,81.0,845.0,73.0,353.0,94.0,323.0,90.0,338.0,23.0,4.666077e-05,57.23711,10785.12,19841090.0,124.56,21.8216
696.0,758.0,2.0,1.0,207.0,75.0,609.0,11.0,218.0,42.0,326.0,88.0,886.0,17.0,6.406095e-05,58.66416,40642.28,25358040.0,68.7044,17.1608
515.0,896.0,6.0,5.0,586.0,87.0,307.0,19.0,287.0,93.0,310.0,90.0,393.0,17.0,1.92272e-05,54.9351,6930.448,2779135.0,84.2626,36.2523
548.0,913.0,1.0,3.0,624.0,11.0,113.0,21.0,156.0,14.0,521.0,54.0,201.0,25.0,3.103034e-05,56.82664,26117.46,16295760.0,68.1913,25.6008
751.0,245.0,1.0,1.0,492.0,3.0,999.0,63.0,237.0,56.0,579.0,44.0,808.0,1.0,3.190202e-05,29.06374,370846.0,10472090.0,71.0935,18.2757
718.0,678.0,2.0,1.0,794.0,94.0,829.0,13.0,723.0,43.0,103.0,33.0,908.0,27.0,0.0001459919,49.91205,98416.24,30874990.0,85.452,57.9158
647.0,736.0,1.0,3.0,925.0,66.0,580.0,16.0,635.0,40.0,362.0,97.0,215.0,4.0,0.0001010992,27.3369,898000.8,19841090.0,67.1941,25.6795
206.0,749.0,1.0,1.0,348.0,63.0,492.0,59.0,521.0,66.0,355.0,19.0,639.0,86.0,0.0002890056,20.10009,8193758.0,61404200.0,74.5466,35.3286
726.0,681.0,1.0,1.0,336.0,67.0,434.0,74.0,598.0,14.0,581.0,84.0,114.0,52.0,0.001386856,46.43549,1397391.0,682174000.0,36.1374,12.2479
336.0,347.0,1.0,9.0,741.0,76.0,720.0,70.0,623.0,24.0,224.0,10.0,856.0,32.0,0.00197941,44.77261,2174500.0,1651877000.0,-2.06966,1.0872
697.0,900.0,1.0,1.0,898.0,85.0,761.0,27.0,707.0,12.0,591.0,83.0,967.0,76.0,2.412526e-05,39.96932,98416.24,6729644.0,59.2524,14.2927
727.0,747.0,1.0,1.0,197.0,76.0,574.0,9.0,192.0,36.0,370.0,87.0,918.0,21.0,6.598436e-05,41.22995,370846.0,39459980.0,62.9098,19.2833
300.0,794.0,1.0,8.0,215.0,15.0,966.0,20.0,881.0,76.0,107.0,96.0,556.0,34.0,9.485596e-05,55.78336,63244.55,74763430.0,110.389,27.2173
705.0,632.0,2.0,1.0,796.0,89.0,743.0,21.0,787.0,42.0,167.0,34.0,915.0,24.0,0.0002433937,64.847,40642.28,61404200.0,89.1899,52.9366
432.0,860.0,3.0,3.0,734.0,82.0,804.0,64.0,617.0,74.0,376.0,41.0,943.0,36.0,4.970238e-05,63.8774,10785.12,16295760.0,70.5221,34.8505
544.0,864.0,1.0,3.0,635.0,13.0,113.0,23.0,131.0,14.0,528.0,26.0,190.0,25.0,6.440005e-05,30.96002,898000.8,25358040.0,86.3157,35.3644
272.0,674.0,6.0,1.0,983.0,83.0,986.0,67.0,174.0,57.0,153.0,24.0,875.0,18.0,0.0003394895,54.0602,63244.55,30874990.0,99.7674,36.2677
380.0,516.0,6.0,5.0,899.0,15.0,881.0,22.0,880.0,21.0,410.0,28.0,987.0,30.0,0.0004789735,47.37841,63244.55,438383300.0,24.7052,9.20667
703.0,874.0,1.0,1.0,859.0,90.0,839.0,27.0,694.0,18.0,509.0,81.0,985.0,82.0,3.917082e-05,64.71885,10785.12,16295760.0,62.6796,16.62
754.0,274.0,1.0,5.0,979.0,86.0,967.0,47.0,161.0,71.0,611.0,52.0,822.0,16.0,0.0002166067,20.84592,5265528.0,74763430.0,12.6478,7.84231
764.0,710.0,1.0,3.0,296.0,4.0,566.0,75.0,560.0,15.0,697.0,43.0,147.0,42.0,9.915755e-05,14.05641,898000.8,4324649.0,108.965,13.1231
732.0,895.0,1.0,1.0,903.0,91.0,756.0,27.0,733.0,15.0,519.0,83.0,965.0,76.0,2.664394e-05,46.00573,63244.55,10472090.0,59.2163,14.8329
673.0,427.0,8.0,1.0,430.0,71.0,202.0,7.0,219.0,1.0,761.0,29.0,869.0,89.0,0.001355409,35.85538,370846.0,30874990.0,100.744,19.1612
709.0,821.0,1.0,1.0,902.0,88.0,753.0,30.0,734.0,18.0,601.0,78.0,928.0,75.0,9.837802e-05,66.11029,26117.46,39459980.0,59.9192,20.4965
385.0,812.0,1.0,1.0,441.0,22.0,977.0,8.0,855.0,73.0,147.0,88.0,604.0,20.0,3.601007e-05,52.57248,26117.46,10472090.0,68.8765,30.207
494.0,701.0,6.0,4.0,142.0,15.0,871.0,22.0,145.0,15.0,410.0,28.0,958.0,30.0,0.0001287428,28.43481,370846.0,30874990.0,73.053,22.2608
302.0,739.0,2.0,3.0,912.0,68.0,834.0,11.0,583.0,91.0,179.0,88.0,111.0,20.0,8.517338e-05,26.07006,370846.0,6729644.0,117.914,41.288
701.0,951.0,1.0,4.0,206.0,14.0,470.0,62.0,577.0,39.0,529.0,65.0,102.0,53.0,2.015991e-05,45.26548,63244.55,10472090.0,81.1981,34.5479
511.0,717.0,6.0,1.0,933.0,69.0,295.0,21.0,291.0,52.0,789.0,73.0,805.0,14.0,0.0002157756,41.89222,153147.4,19841090.0,67.2452,16.368
800.0,470.0,2.0,1.0,945.0,78.0,816.0,92.0,185.0,44.0,287.0,37.0,547.0,30.0,0.0001978632,20.1518,2174500.0,19841090.0,116.376,16.5444
776.0,881.0,1.0,5.0,967.0,7.0,982.0,56.0,298.0,51.0,215.0,20.0,702.0,17.0,1.618026e-05,35.43099,153147.4,8193759.0,58.5235,15.9299
787.0,695.0,1.0,1.0,365.0,6.0,506.0,69.0,925.0,15.0,557.0,44.0,819.0,43.0,0.0001356819,35.89919,370846.0,19841090.0,78.3808,30.1509
709.0,638.0,2.0,1.0,430.0,73.0,615.0,9.0,240.0,2.0,763.0,30.0,926.0,31.0,0.0002289629,63.86678,26117.46,39459980.0,87.1704,33.5884
654.0,737.0,1.0,1.0,900.0,66.0,771.0,9.0,610.0,38.0,380.0,90.0,217.0,4.0,6.577009e-05,63.47677,26117.46,30874990.0,56.9241,16.4693
336.0,391.0,4.0,1.0,812.0,14.0,778.0,96.0,969.0,41.0,867.0,12.0,347.0,2.0,0.0006297346,44.83312,238315.2,25358040.0,66.3652,15.0038
617.0,901.0,1.0,2.0,947.0,30.0,566.0,36.0,483.0,57.0,273.0,81.0,999.0,84.0,2.775479e-05,57.75751,26117.46,12750420.0,62.9028,18.1981
737.0,439.0,8.0,1.0,746.0,13.0,989.0,27.0,179.0,58.0,636.0,25.0,966.0,27.0,6.178605e-05,4.754744,370846.0,473963.5,98.4758,30.0473
621.0,799.0,2.0,2.0,882.0,76.0,823.0,28.0,712.0,18.0,526.0,83.0,676.0,82.0,0.0001593469,61.25066,26117.46,25358040.0,102.892,31.3275
727.0,449.0,3.0,2.0,207.0,13.0,626.0,10.0,221.0,3.0,387.0,82.0,690.0,48.0,0.0008152947,41.42777,238315.2,39459980.0,151.493,16.0266
621.0,799.0,2.0,1.0,895.0,76.0,823.0,28.0,712.0,18.0,526.0,83.0,543.0,82.0,0.000168501,48.05619,98416.24,19841090.0,89.1696,47.0418
396.0,851.0,3.0,3.0,509.0,81.0,852.0,65.0,590.0,66.0,274.0,48.0,946.0,38.0,5.950108e-05,61.25495,16783.42,19841090.0,82.98,39.8942
752.0,701.0,1.0,1.0,388.0,8.0,559.0,74.0,925.0,12.0,557.0,44.0,823.0,40.0,0.0002224794,55.06595,98416.24,48044980.0,76.4586,26.4038
904.0,774.0,1.0,1.0,794.0,87.0,736.0,21.0,757.0,27.0,142.0,29.0,994.0,21.0,4.849607e-05,63.66631,16783.42,25358040.0,54.837,14.774
487.0,865.0,1.0,2.0,963.0,30.0,524.0,42.0,493.0,48.0,303.0,18.0,996.0,84.0,3.974665e-05,25.24019,898000.8,10472090.0,66.6662,53.923
441.0,877.0,3.0,1.0,554.0,84.0,792.0,64.0,617.0,76.0,339.0,49.0,923.0,36.0,3.78742e-05,63.92789,10785.12,12750420.0,34.1198,4.62886
712.0,275.0,1.0,1.0,979.0,8.0,947.0,59.0,178.0,72.0,611.0,44.0,796.0,1.0,5.353041e-05,29.61873,577079.0,16295760.0,61.3349,15.2087
572.0,853.0,1.0,2.0,484.0,41.0,495.0,44.0,572.0,59.0,400.0,83.0,998.0,87.0,8.048333e-05,62.62133,40642.28,48044980.0,65.2899,32.6956
707.0,634.0,2.0,1.0,788.0,91.0,735.0,21.0,717.0,42.0,164.0,15.0,890.0,25.0,0.000172819,37.9516,577079.0,39459980.0,86.4246,57.3151
754.0,855.0,1.0,4.0,996.0,11.0,955.0,56.0,343.0,51.0,227.0,32.0,753.0,11.0,2.685162e-05,55.06795,40642.28,16295760.0,40.9982,9.64343
367.0,793.0,1.0,1.0,521.0,26.0,935.0,17.0,875.0,74.0,207.0,91.0,603.0,19.0,5.931772e-05,61.36127,26117.46,25358040.0,60.6185,24.1708
631.0,853.0,1.0,1.0,921.0,85.0,795.0,33.0,711.0,51.0,503.0,83.0,919.0,80.0,5.378106e-05,45.79993,153147.4,19841090.0,56.4005,17.9856
755.0,969.0,1.0,3.0,328.0,73.0,402.0,72.0,609.0,12.0,553.0,47.0,102.0,39.0,1.976822e-05,55.4478,16783.42,10472090.0,64.3591,16.9733
765.0,825.0,1.0,6.0,996.0,11.0,953.0,56.0,343.0,45.0,223.0,35.0,749.0,15.0,3.735936e-05,58.21385,26117.46,19841090.0,81.0952,30.7854
452.0,902.0,1.0,2.0,910.0,29.0,475.0,35.0,471.0,43.0,249.0,81.0,969.0,95.0,3.278024e-05,60.73457,16783.42,16295760.0,66.4303,18.2761
621.0,799.0,1.0,2.0,923.0,76.0,823.0,30.0,712.0,18.0,526.0,85.0,970.0,82.0,0.0001363126,59.54048,63244.55,48044980.0,80.2944,28.3311
505.0,899.0,1.0,1.0,651.0,15.0,133.0,21.0,170.0,19.0,528.0,66.0,204.0,22.0,3.773434e-05,57.35844,40642.28,19841090.0,55.075,12.8616
562.0,853.0,3.0,3.0,497.0,81.0,816.0,65.0,716.0,68.0,389.0,47.0,925.0,38.0,5.780607e-05,65.32703,10785.12,16295760.0,78.3182,39.6406
500.0,907.0,1.0,3.0,503.0,4.0,804.0,64.0,617.0,70.0,370.0,53.0,326.0,29.0,2.463276e-05,52.49439,40642.28,10472090.0,66.047,21.8994
542.0,913.0,1.0,3.0,625.0,11.0,112.0,23.0,397.0,20.0,466.0,56.0,316.0,60.0,4.128101e-05,58.53968,26117.46,16295760.0,78.7346,36.6568
548.0,654.0,1.0,2.0,943.0,81.0,847.0,72.0,499.0,33.0,331.0,14.0,974.0,22.0,0.0004347162,61.72271,238315.2,281716800.0,67.3106,26.7152
721.0,746.0,1.0,1.0,222.0,74.0,499.0,3.0,269.0,40.0,322.0,87.0,957.0,11.0,3.262287e-05,46.48063,98416.24,16295760.0,62.3831,15.2165
367.0,794.0,1.0,1.0,429.0,20.0,865.0,17.0,871.0,70.0,216.0,92.0,605.0,20.0,6.242902e-05,61.21456,26117.46,25358040.0,61.582,25.6983
250.0,797.0,1.0,1.0,889.0,67.0,630.0,15.0,595.0,43.0,179.0,89.0,113.0,19.0,0.0001202213,49.90736,153147.4,30874990.0,83.3018,49.9944
332.0,834.0,1.0,1.0,372.0,11.0,934.0,19.0,882.0,75.0,148.0,93.0,610.0,32.0,4.739621e-05,57.14407,26117.46,16295760.0,66.7745,28.7967
527.0,900.0,1.0,1.0,492.0,15.0,133.0,30.0,459.0,18.0,529.0,64.0,198.0,59.0,7.241675e-05,58.54589,40642.28,30874990.0,70.2295,21.7116
709.0,373.0,3.0,4.0,847.0,93.0,633.0,22.0,895.0,79.0,202.0,37.0,371.0,55.0,0.0003959931,23.86372,1397391.0,74763430.0,31.4811,33.5918
672.0,903.0,1.0,3.0,626.0,16.0,112.0,11.0,283.0,19.0,537.0,65.0,219.0,24.0,2.350957e-05,53.23748,26117.46,10472090.0,72.8965,23.0081
533.0,905.0,1.0,2.0,599.0,12.0,113.0,25.0,103.0,21.0,511.0,65.0,189.0,23.0,3.735425e-05,51.9058,63244.55,19841090.0,61.2563,18.277
781.0,644.0,3.0,4.0,585.0,78.0,625.0,87.0,555.0,82.0,111.0,17.0,299.0,1.0,0.000212942,26.80527,1397391.0,25358040.0,72.6554,26.386
366.0,396.0,2.0,1.0,782.0,6.0,619.0,60.0,845.0,80.0,703.0,76.0,128.0,10.0,0.0004103224,17.29788,1397391.0,10472090.0,97.5664,26.8858
522.0,830.0,1.0,2.0,449.0,33.0,565.0,46.0,600.0,59.0,347.0,90.0,969.0,84.0,0.0001157249,63.33488,40642.28,61404200.0,75.7653,31.8459
655.0,764.0,1.0,2.0,990.0,63.0,803.0,7.0,604.0,33.0,419.0,96.0,235.0,4.0,4.179103e-05,62.68896,16783.42,19841090.0,64.4633,23.0438
489.0,844.0,1.0,1.0,471.0,29.0,596.0,40.0,588.0,59.0,289.0,84.0,999.0,86.0,8.43847e-05,61.70867,40642.28,39459980.0,62.3399,23.4196
682.0,634.0,2.0,1.0,796.0,91.0,724.0,21.0,716.0,42.0,160.0,35.0,928.0,24.0,0.0002512294,64.0655,40642.28,61404200.0,90.3987,51.5985
358.0,876.0,5.0,2.0,983.0,15.0,628.0,38.0,349.0,44.0,328.0,87.0,375.0,79.0,5.64107e-05,33.50886,63244.55,2779135.0,96.6143,47.4246
629.0,861.0,1.0,1.0,905.0,94.0,822.0,27.0,708.0,18.0,546.0,83.0,927.0,82.0,5.173769e-05,64.76449,16783.42,19841090.0,62.8448,18.4024
324.0,805.0,1.0,5.0,587.0,13.0,986.0,57.0,172.0,52.0,178.0,32.0,851.0,19.0,8.048438e-05,55.79923,98416.24,48044980.0,91.4493,29.5852
633.0,746.0,1.0,3.0,930.0,63.0,574.0,15.0,613.0,45.0,174.0,79.0,198.0,10.0,0.0001456987,61.02876,63244.55,95551890.0,99.9852,38.5629
647.0,751.0,1.0,3.0,915.0,68.0,834.0,14.0,602.0,38.0,363.0,91.0,180.0,1.0,4.345218e-05,20.1109,898000.8,6729644.0,25.7187,6.8407
530.0,717.0,6.0,1.0,632.0,83.0,295.0,22.0,358.0,99.0,767.0,96.0,805.0,16.0,0.0002298912,64.64818,16783.42,30874990.0,72.234,24.3476
273.0,810.0,1.0,5.0,826.0,91.0,963.0,98.0,306.0,27.0,772.0,82.0,423.0,87.0,0.0001882865,29.82154,2174500.0,95551890.0,19.0999,11.1212
735.0,839.0,6.0,1.0,582.0,81.0,968.0,70.0,174.0,62.0,608.0,43.0,794.0,32.0,5.087488e-05,26.64497,238315.2,5265529.0,57.7958,8.37767
884.0,743.0,1.0,1.0,794.0,88.0,898.0,14.0,757.0,40.0,115.0,37.0,996.0,21.0,5.718899e-05,53.71969,63244.55,25358040.0,61.4569,23.526
574.0,394.0,4.0,6.0,523.0,78.0,625.0,54.0,970.0,81.0,861.0,15.0,341.0,22.0,0.0007744657,17.34046,2174500.0,231377800.0,-6.00826,-1.96118
232.0,887.0,1.0,1.0,881.0,66.0,631.0,14.0,592.0,44.0,366.0,88.0,194.0,15.0,2.004025e-05,51.90585,26117.46,8193759.0,65.6195,17.9184
493.0,858.0,7.0,4.0,645.0,78.0,878.0,70.0,287.0,93.0,323.0,95.0,328.0,15.0,5.354563e-05,59.9777,6930.448,8193759.0,109.403,28.4024
687.0,829.0,1.0,6.0,959.0,87.0,967.0,50.0,313.0,57.0,250.0,30.0,796.0,17.0,4.966018e-05,61.18437,40642.28,39459980.0,65.2245,29.5757
647.0,751.0,1.0,3.0,936.0,68.0,834.0,14.0,602.0,38.0,363.0,91.0,180.0,5.0,8.282478e-05,62.83295,40642.28,39459980.0,79.8444,33.2934
549.0,911.0,1.0,3.0,624.0,12.0,113.0,21.0,156.0,14.0,522.0,54.0,201.0,24.0,3.204026e-05,57.20229,26117.46,16295760.0,67.1817,25.1759
696.0,854.0,1.0,2.0,900.0,92.0,817.0,28.0,734.0,22.0,597.0,82.0,928.0,76.0,5.435575e-05,62.7169,16783.42,19841090.0,66.1893,28.9296
619.0,836.0,1.0,4.0,921.0,99.0,823.0,27.0,533.0,53.0,472.0,70.0,556.0,82.0,4.594037e-05,26.35738,577079.0,10472090.0,95.5155,33.24
453.0,900.0,1.0,2.0,737.0,4.0,827.0,60.0,433.0,65.0,260.0,44.0,355.0,36.0,2.694414e-05,39.41347,153147.4,10472090.0,73.5039,23.5788
393.0,230.0,3.0,4.0,135.0,78.0,625.0,38.0,555.0,82.0,111.0,67.0,376.0,1.0,0.001357123,-4.808668,-10.0,-10.0,15.4985,6.64471
734.0,373.0,1.0,1.0,984.0,14.0,965.0,61.0,178.0,73.0,611.0,37.0,718.0,3.0,6.879886e-05,22.11565,1397391.0,16295760.0,69.2897,22.6397
472.0,857.0,3.0,3.0,524.0,83.0,790.0,58.0,589.0,70.0,386.0,49.0,844.0,33.0,5.015649e-05,64.05772,10785.12,16295760.0,75.0539,37.1597
246.0,534.0,7.0,1.0,868.0,47.0,159.0,43.0,208.0,72.0,685.0,49.0,502.0,22.0,0.001748674,24.65941,2174500.0,61404200.0,77.7267,21.8549
689.0,836.0,1.0,3.0,994.0,65.0,658.0,9.0,602.0,33.0,362.0,97.0,180.0,4.0,2.209193e-05,52.64528,26117.46,10472090.0,57.6538,16.2002
568.0,886.0,1.0,3.0,926.0,60.0,652.0,15.0,611.0,43.0,381.0,86.0,192.0,12.0,1.817772e-05,54.1805,26117.46,8193759.0,66.3649,21.7586
719.0,630.0,2.0,2.0,512.0,67.0,669.0,9.0,308.0,2.0,710.0,26.0,930.0,24.0,0.000199037,44.3997,238315.2,30874990.0,106.938,27.0453
503.0,927.0,4.0,3.0,616.0,15.0,113.0,33.0,401.0,13.0,530.0,25.0,201.0,69.0,3.830439e-05,45.18581,26117.46,5265529.0,94.8579,43.7189
522.0,842.0,1.0,2.0,409.0,30.0,595.0,46.0,585.0,59.0,311.0,21.0,990.0,84.0,5.817792e-05,26.00426,1397391.0,19841090.0,70.425,51.6311
255.0,849.0,1.0,1.0,371.0,11.0,937.0,14.0,915.0,74.0,143.0,94.0,610.0,22.0,2.682196e-05,57.42898,16783.42,10472090.0,63.2419,21.6107
468.0,904.0,2.0,3.0,479.0,82.0,798.0,66.0,592.0,64.0,390.0,49.0,942.0,38.0,2.292139e-05,63.91534,10785.12,10472090.0,39.3115,6.89879
573.0,865.0,1.0,2.0,484.0,31.0,385.0,50.0,575.0,59.0,398.0,83.0,992.0,84.0,7.83921e-05,61.75598,40642.28,48044980.0,58.3127,27.501
690.0,861.0,1.0,1.0,977.0,95.0,822.0,23.0,708.0,18.0,519.0,88.0,972.0,79.0,4.667441e-05,64.21798,10785.12,16295760.0,64.2136,18.7612
769.0,275.0,1.0,1.0,980.0,10.0,959.0,55.0,178.0,74.0,611.0,44.0,797.0,1.0,3.779419e-05,28.298,577079.0,12750420.0,61.7991,14.9611
528.0,820.0,5.0,6.0,560.0,83.0,323.0,26.0,396.0,90.0,819.0,83.0,784.0,21.0,7.618169e-05,61.13025,16783.42,61404200.0,58.7187,16.88
518.0,695.0,4.0,5.0,639.0,75.0,333.0,20.0,385.0,88.0,809.0,73.0,789.0,15.0,0.0002287974,45.85903,238315.2,181038800.0,19.077,7.41245
793.0,333.0,1.0,2.0,180.0,70.0,130.0,5.0,346.0,30.0,394.0,79.0,989.0,31.0,0.0004590398,37.01568,2174500.0,438383300.0,21.7745,6.69986
317.0,391.0,4.0,1.0,812.0,14.0,778.0,98.0,969.0,41.0,867.0,12.0,347.0,2.0,0.0006649996,49.36322,98416.24,30874990.0,66.1764,14.9162
500.0,883.0,2.0,2.0,479.0,82.0,789.0,66.0,591.0,66.0,390.0,49.0,942.0,38.0,3.478748e-05,64.32205,10785.12,16295760.0,38.1351,6.65144
532.0,654.0,1.0,2.0,290.0,81.0,187.0,61.0,504.0,33.0,746.0,14.0,974.0,23.0,0.001192585,27.85819,12750420.0,231377800.0,46.2996,18.0449
716.0,692.0,2.0,1.0,914.0,94.0,829.0,21.0,660.0,38.0,103.0,34.0,860.0,55.0,0.0002166458,42.60738,238315.2,30874990.0,96.9788,55.4503
803.0,714.0,1.0,4.0,935.0,64.0,814.0,11.0,594.0,44.0,179.0,86.0,110.0,42.0,0.0001253057,23.45585,577079.0,8193759.0,118.149,57.2676
848.0,849.0,2.0,2.0,924.0,99.0,823.0,27.0,555.0,54.0,524.0,89.0,928.0,41.0,3.594951e-05,55.89659,26117.46,10472090.0,69.7447,22.0112
780.0,856.0,1.0,6.0,978.0,11.0,982.0,62.0,172.0,55.0,178.0,33.0,695.0,9.0,2.345241e-05,56.2559,26117.46,12750420.0,47.0183,13.4809
331.0,837.0,1.0,1.0,372.0,15.0,947.0,19.0,882.0,69.0,148.0,92.0,551.0,30.0,4.612493e-05,57.53235,26117.46,16295760.0,66.6418,28.2388
583.0,839.0,1.0,2.0,484.0,31.0,479.0,49.0,625.0,59.0,400.0,82.0,993.0,84.0,0.0001087043,64.09531,40642.28,61404200.0,68.8922,31.3341
753.0,672.0,1.0,3.0,271.0,69.0,522.0,73.0,919.0,15.0,723.0,45.0,800.0,45.0,0.0005099105,23.68906,5265528.0,74763430.0,4.78196,94.561
422.0,256.0,1.0,1.0,772.0,9.0,767.0,67.0,905.0,51.0,671.0,93.0,166.0,41.0,0.0006957844,12.77847,3383769.0,12750420.0,94.2191,23.1229
268.0,802.0,1.0,1.0,439.0,13.0,894.0,4.0,884.0,69.0,171.0,88.0,649.0,23.0,3.802517e-05,45.55484,40642.28,6729644.0,74.5839,41.333
300.0,679.0,8.0,2.0,926.0,75.0,986.0,51.0,727.0,56.0,998.0,77.0,966.0,41.0,0.0003092364,40.39578,153147.4,74763430.0,54.9939,15.6507
384.0,806.0,1.0,1.0,441.0,14.0,957.0,18.0,882.0,78.0,207.0,88.0,606.0,20.0,5.146128e-05,59.93799,26117.46,19841090.0,61.7082,24.1985
466.0,887.0,3.0,3.0,598.0,15.0,124.0,33.0,475.0,13.0,530.0,25.0,174.0,29.0,7.57031e-05,58.8237,16783.42,12750420.0,98.5643,37.3123
324.0,904.0,3.0,5.0,639.0,77.0,829.0,74.0,296.0,87.0,339.0,89.0,341.0,15.0,2.452306e-05,59.91598,10785.12,8193759.0,65.0491,18.1429
492.0,886.0,1.0,3.0,630.0,14.0,113.0,31.0,156.0,14.0,528.0,66.0,203.0,25.0,6.999723e-05,28.49316,898000.8,19841090.0,73.8471,33.2975
538.0,716.0,6.0,1.0,647.0,82.0,889.0,26.0,362.0,88.0,307.0,90.0,778.0,14.0,0.0001278808,62.53529,16783.42,16295760.0,83.0301,35.656
438.0,900.0,3.0,3.0,455.0,83.0,858.0,64.0,551.0,73.0,286.0,50.0,950.0,39.0,2.355332e-05,62.32219,6930.448,8193759.0,54.1034,9.90376
791.0,700.0,1.0,1.0,275.0,10.0,486.0,68.0,897.0,13.0,560.0,46.0,826.0,44.0,0.0002350018,63.98825,40642.28,61404200.0,75.2491,25.0136
468.0,898.0,1.0,2.0,449.0,87.0,826.0,59.0,426.0,65.0,260.0,42.0,284.0,38.0,2.707209e-05,33.27123,370846.0,12750420.0,62.5249,22.4632
763.0,346.0,5.0,1.0,628.0,12.0,612.0,35.0,151.0,93.0,602.0,58.0,262.0,40.0,6.80328e-05,-7.709459,-10.0,-10.0,101.637,25.1331
683.0,638.0,8.0,1.0,430.0,71.0,654.0,7.0,199.0,1.0,787.0,91.0,933.0,51.0,0.0003372557,23.54195,238315.2,2779135.0,105.132,30.2852
752.0,912.0,1.0,1.0,377.0,32.0,862.0,62.0,914.0,16.0,536.0,46.0,869.0,50.0,2.029616e-05,28.60505,238315.2,5265529.0,35.3344,6.69255
730.0,966.0,1.0,2.0,335.0,14.0,527.0,63.0,611.0,12.0,540.0,85.0,500.0,50.0,9.383862e-06,21.43197,153147.4,1397392.0,43.4251,8.67625
773.0,774.0,1.0,1.0,420.0,70.0,749.0,13.0,257.0,2.0,713.0,28.0,957.0,16.0,5.015571e-05,21.44323,898000.8,8193759.0,42.8537,9.7531
384.0,806.0,1.0,1.0,441.0,13.0,957.0,17.0,882.0,68.0,210.0,87.0,616.0,19.0,4.896455e-05,60.76517,26117.46,19841090.0,62.2473,22.8301
238.0,376.0,1.0,1.0,981.0,93.0,961.0,31.0,149.0,26.0,871.0,37.0,832.0,14.0,0.0006543721,28.44842,8193758.0,148689600.0,55.9629,22.4422
654.0,737.0,1.0,2.0,900.0,66.0,788.0,10.0,610.0,38.0,381.0,87.0,217.0,4.0,6.850333e-05,63.64761,26117.46,30874990.0,65.4995,36.5438
671.0,807.0,6.0,5.0,535.0,83.0,213.0,70.0,198.0,57.0,168.0,28.0,833.0,12.0,0.0002301406,16.71689,1397391.0,6729644.0,94.2773,27.3567
565.0,919.0,1.0,3.0,621.0,13.0,124.0,20.0,444.0,8.0,531.0,26.0,239.0,21.0,2.327753e-05,33.93286,238315.2,8193759.0,55.3996,14.0702
725.0,625.0,2.0,1.0,192.0,91.0,623.0,19.0,221.0,46.0,301.0,74.0,908.0,25.0,0.0002472275,41.84248,898000.8,74763430.0,103.949,22.3878
700.0,849.0,1.0,4.0,278.0,68.0,527.0,72.0,607.0,40.0,531.0,65.0,141.0,51.0,0.0001327881,37.57188,898000.8,116340400.0,34.4187,12.072
492.0,813.0,1.0,2.0,842.0,33.0,503.0,39.0,531.0,60.0,363.0,22.0,995.0,89.0,8.459197e-05,23.3979,1397391.0,19841090.0,80.3755,50.0422
662.0,761.0,1.0,2.0,994.0,64.0,879.0,14.0,516.0,35.0,384.0,70.0,269.0,4.0,5.341621e-05,51.57311,98416.24,30874990.0,53.8562,18.2221
440.0,907.0,1.0,2.0,493.0,88.0,804.0,60.0,714.0,68.0,442.0,52.0,311.0,35.0,2.487554e-05,45.16752,98416.24,16295760.0,49.1843,14.6589
696.0,735.0,2.0,1.0,202.0,5.0,516.0,11.0,221.0,42.0,323.0,87.0,681.0,19.0,8.206499e-05,36.44526,238315.2,16295760.0,85.4713,39.2141
452.0,902.0,1.0,3.0,544.0,12.0,159.0,19.0,150.0,18.0,540.0,65.0,202.0,23.0,3.15801e-05,54.34927,40642.28,16295760.0,71.2493,30.978
623.0,770.0,1.0,3.0,994.0,63.0,879.0,8.0,608.0,33.0,362.0,97.0,235.0,4.0,4.091728e-05,63.1562,16783.42,19841090.0,70.0273,38.8118
715.0,830.0,2.0,1.0,900.0,94.0,804.0,26.0,725.0,18.0,559.0,83.0,928.0,77.0,8.132783e-05,66.46343,10785.12,16295760.0,77.544,29.7419
510.0,717.0,8.0,1.0,647.0,68.0,295.0,22.0,358.0,59.0,754.0,96.0,805.0,16.0,0.0002324744,30.71846,370846.0,10472090.0,79.6782,28.4413
614.0,600.0,8.0,9.0,775.0,19.0,655.0,52.0,609.0,71.0,338.0,90.0,113.0,71.0,0.0004200967,13.79126,577079.0,3383770.0,8.4239,3.2568
393.0,848.0,2.0,3.0,739.0,86.0,813.0,64.0,601.0,69.0,217.0,50.0,920.0,38.0,6.442061e-05,51.99875,63244.55,25358040.0,74.7592,41.6307
492.0,921.0,1.0,2.0,967.0,27.0,493.0,35.0,492.0,49.0,350.0,69.0,993.0,95.0,2.02161e-05,55.43357,26117.46,10472090.0,61.2162,15.808
553.0,715.0,6.0,1.0,632.0,78.0,889.0,22.0,357.0,84.0,307.0,90.0,805.0,6.0,8.831026e-05,29.78133,238315.2,8193759.0,43.8814,5.42348
724.0,774.0,1.0,1.0,788.0,89.0,650.0,20.0,791.0,43.0,166.0,30.0,916.0,29.0,8.840108e-05,64.75193,40642.28,48044980.0,50.9801,18.4168
886.0,694.0,2.0,1.0,327.0,17.0,159.0,63.0,378.0,33.0,145.0,92.0,847.0,42.0,0.000130228,38.58705,153147.4,12750420.0,91.5438,34.8315
437.0,911.0,1.0,2.0,445.0,4.0,827.0,60.0,401.0,65.0,216.0,45.0,291.0,34.0,2.298647e-05,44.91025,63244.55,10472090.0,70.9794,20.7582
770.0,914.0,1.0,3.0,335.0,12.0,480.0,74.0,609.0,14.0,535.0,89.0,127.0,52.0,7.527374e-05,58.5208,26117.46,25358040.0,84.0083,27.7325
528.0,830.0,2.0,6.0,598.0,83.0,302.0,25.0,397.0,90.0,330.0,83.0,807.0,15.0,6.221381e-05,30.15701,577079.0,16295760.0,75.746,21.1352
207.0,860.0,1.0,1.0,374.0,14.0,933.0,18.0,917.0,68.0,178.0,88.0,660.0,23.0,2.412384e-05,59.21967,16783.42,10472090.0,58.201,17.0542
493.0,906.0,2.0,3.0,501.0,13.0,129.0,27.0,599.0,20.0,542.0,58.0,318.0,68.0,5.653145e-05,62.05457,10785.12,12750420.0,92.1353,36.5027
696.0,859.0,2.0,1.0,891.0,84.0,854.0,28.0,714.0,53.0,528.0,82.0,970.0,82.0,4.070731e-05,40.31717,98416.24,8193759.0,72.7986,22.8141
897.0,754.0,1.0,1.0,764.0,86.0,878.0,6.0,706.0,43.0,111.0,32.0,976.0,13.0,2.854332e-05,45.79294,63244.55,10472090.0,62.2039,18.5481
700.0,842.0,1.0,1.0,796.0,87.0,886.0,22.0,818.0,27.0,168.0,34.0,948.0,21.0,2.771702e-05,38.3438,238315.2,12750420.0,36.7545,7.83216
799.0,797.0,1.0,1.0,582.0,21.0,973.0,14.0,882.0,78.0,386.0,88.0,563.0,31.0,4.621339e-05,35.94801,238315.2,10472090.0,67.5047,43.6616
767.0,911.0,1.0,3.0,365.0,68.0,456.0,68.0,609.0,14.0,535.0,47.0,159.0,43.0,5.518139e-05,61.28519,26117.46,30874990.0,72.3533,29.1357
694.0,900.0,1.0,1.0,903.0,91.0,822.0,25.0,650.0,18.0,519.0,71.0,980.0,79.0,2.227262e-05,59.49293,10785.12,10472090.0,62.5042,15.3312
538.0,896.0,5.0,5.0,640.0,76.0,872.0,76.0,313.0,88.0,310.0,89.0,779.0,18.0,2.395298e-05,30.54267,98416.24,2779135.0,43.3685,6.26139
267.0,855.0,1.0,1.0,408.0,15.0,935.0,20.0,880.0,74.0,179.0,93.0,611.0,23.0,2.836643e-05,59.68784,16783.42,12750420.0,58.0175,17.6362
770.0,916.0,1.0,4.0,372.0,67.0,489.0,72.0,843.0,9.0,572.0,48.0,115.0,46.0,7.398141e-05,58.80982,40642.28,30874990.0,85.0078,26.9701
344.0,857.0,4.0,5.0,265.0,81.0,831.0,63.0,289.0,94.0,226.0,95.0,338.0,15.0,5.420082e-05,56.62311,26117.46,25358040.0,116.848,23.5726
481.0,911.0,1.0,3.0,413.0,76.0,827.0,63.0,719.0,59.0,226.0,48.0,291.0,34.0,2.68243e-05,57.99371,26117.46,16295760.0,59.1344,25.5268
268.0,859.0,1.0,1.0,422.0,8.0,933.0,15.0,911.0,63.0,156.0,88.0,665.0,23.0,2.284903e-05,58.87354,10785.12,8193759.0,63.4738,19.3624
654.0,741.0,1.0,2.0,900.0,66.0,580.0,16.0,614.0,38.0,367.0,87.0,217.0,9.0,0.0001409017,63.11346,63244.55,74763430.0,79.9224,33.63
623.0,770.0,1.0,3.0,994.0,63.0,879.0,8.0,616.0,33.0,362.0,98.0,235.0,4.0,4.103844e-05,62.65947,16783.42,19841090.0,69.9313,38.8708
312.0,779.0,1.0,1.0,345.0,23.0,978.0,26.0,882.0,68.0,130.0,89.0,661.0,28.0,0.0001007047,53.67396,98416.24,39459980.0,65.0416,45.1952
361.0,535.0,8.0,3.0,426.0,10.0,797.0,43.0,472.0,44.0,686.0,15.0,399.0,2.0,0.000414028,54.82327,26117.46,39459980.0,131.518,26.305
277.0,752.0,2.0,3.0,926.0,68.0,587.0,15.0,629.0,92.0,180.0,16.0,109.0,6.0,6.23397e-05,25.16067,577079.0,10472090.0,114.284,46.2172
660.0,685.0,1.0,3.0,989.0,67.0,824.0,9.0,540.0,36.0,366.0,92.0,272.0,4.0,9.164985e-05,62.53224,40642.28,48044980.0,81.6095,28.5741
675.0,676.0,1.0,3.0,993.0,64.0,824.0,12.0,613.0,35.0,385.0,87.0,239.0,4.0,0.0001177219,49.88014,153147.4,61404200.0,82.3786,25.9116
746.0,626.0,6.0,1.0,454.0,82.0,639.0,22.0,250.0,43.0,352.0,86.0,915.0,22.0,0.0002351548,49.92015,98416.24,25358040.0,112.894,25.5982
658.0,808.0,1.0,3.0,944.0,61.0,822.0,14.0,589.0,43.0,343.0,98.0,203.0,5.0,3.90756e-05,60.95546,26117.46,19841090.0,63.1241,29.6919
377.0,964.0,1.0,1.0,255.0,16.0,386.0,62.0,637.0,14.0,547.0,61.0,135.0,58.0,2.386592e-05,55.95663,16783.42,10472090.0,69.1862,17.2628
709.0,821.0,1.0,2.0,901.0,88.0,753.0,29.0,708.0,18.0,589.0,79.0,928.0,76.0,9.766476e-05,67.36135,16783.42,39459980.0,71.8888,30.667
226.0,376.0,1.0,1.0,526.0,93.0,943.0,71.0,189.0,57.0,107.0,24.0,973.0,14.0,0.001503045,39.61189,5265528.0,1061540000.0,63.9718,19.5205
658.0,860.0,1.0,1.0,889.0,66.0,628.0,15.0,602.0,83.0,198.0,89.0,194.0,18.0,3.475592e-05,50.74565,40642.28,12750420.0,66.0246,24.965
592.0,939.0,1.0,3.0,591.0,15.0,110.0,27.0,173.0,23.0,552.0,50.0,320.0,22.0,1.69341e-05,56.15972,26117.46,12750420.0,32.1527,6.72776
495.0,296.0,7.0,2.0,282.0,99.0,502.0,28.0,858.0,58.0,456.0,83.0,958.0,31.0,0.001607787,31.09976,1397391.0,682174000.0,-4.1204,-619.212
616.0,810.0,1.0,2.0,983.0,63.0,800.0,10.0,606.0,43.0,186.0,83.0,149.0,4.0,3.441152e-05,59.99721,16783.42,16295760.0,64.3412,21.0786
515.0,896.0,2.0,5.0,273.0,81.0,890.0,74.0,287.0,88.0,310.0,84.0,393.0,17.0,2.692257e-05,59.26375,16783.42,12750420.0,61.8843,21.628
492.0,892.0,1.0,2.0,964.0,30.0,567.0,43.0,492.0,48.0,339.0,79.0,993.0,88.0,3.774641e-05,60.56614,26117.46,19841090.0,63.1681,20.2455
344.0,752.0,2.0,3.0,648.0,63.0,742.0,13.0,612.0,44.0,179.0,88.0,196.0,6.0,9.297555e-05,55.91955,40642.28,25358040.0,107.789,39.8433
509.0,695.0,8.0,1.0,640.0,71.0,312.0,22.0,362.0,60.0,754.0,96.0,805.0,23.0,0.0003015276,63.48754,16783.42,25358040.0,103.816,27.832
528.0,737.0,4.0,1.0,597.0,83.0,322.0,22.0,415.0,55.0,754.0,84.0,816.0,23.0,0.0002002349,64.07768,26117.46,39459980.0,73.5042,26.9872
276.0,858.0,6.0,3.0,953.0,80.0,846.0,73.0,334.0,51.0,323.0,74.0,338.0,14.0,5.717658e-05,33.047,153147.4,5265529.0,88.4723,35.2155
691.0,856.0,1.0,6.0,987.0,11.0,981.0,57.0,326.0,56.0,271.0,38.0,815.0,17.0,3.355892e-05,58.5698,26117.46,16295760.0,64.5634,32.7878
484.0,903.0,1.0,2.0,964.0,27.0,492.0,34.0,629.0,57.0,339.0,81.0,966.0,92.0,2.962122e-05,58.02474,26117.46,12750420.0,62.4865,19.722
771.0,952.0,1.0,2.0,277.0,66.0,456.0,64.0,609.0,42.0,687.0,44.0,130.0,42.0,1.427137e-05,38.53984,153147.4,8193759.0,56.0274,13.9436
378.0,846.0,2.0,3.0,474.0,86.0,874.0,64.0,599.0,67.0,313.0,48.0,937.0,37.0,6.239665e-05,63.15143,26117.46,25358040.0,74.0196,38.0774
382.0,970.0,1.0,1.0,396.0,59.0,886.0,69.0,923.0,39.0,567.0,49.0,103.0,40.0,1.047042e-05,46.39191,26117.46,5265529.0,68.792,21.5077
306.0,391.0,3.0,1.0,812.0,91.0,778.0,97.0,562.0,40.0,912.0,13.0,347.0,4.0,0.001714259,39.80572,1397391.0,116340400.0,62.9429,26.8789
726.0,945.0,1.0,1.0,356.0,68.0,523.0,73.0,604.0,38.0,546.0,45.0,103.0,42.0,1.927753e-05,44.61153,98416.24,12750420.0,60.2778,12.3652
309.0,678.0,7.0,1.0,737.0,78.0,971.0,71.0,149.0,30.0,146.0,24.0,896.0,15.0,0.0003397656,28.09469,898000.8,19841090.0,92.0343,38.9235
236.0,886.0,1.0,1.0,997.0,63.0,689.0,15.0,611.0,44.0,182.0,96.0,195.0,3.0,9.907805e-06,23.45731,238315.2,2779135.0,23.2774,4.34567
737.0,381.0,5.0,1.0,543.0,82.0,247.0,66.0,191.0,73.0,611.0,40.0,802.0,3.0,0.0005541711,59.92708,98416.24,61404200.0,63.5379,26.8147
572.0,853.0,1.0,2.0,494.0,41.0,564.0,49.0,555.0,61.0,371.0,82.0,998.0,80.0,7.774515e-05,63.1728,40642.28,48044980.0,63.7976,32.4491
673.0,828.0,1.0,6.0,942.0,87.0,996.0,56.0,328.0,74.0,227.0,33.0,784.0,17.0,5.393972e-05,61.06526,63244.55,48044980.0,63.9685,28.6028
709.0,821.0,1.0,2.0,900.0,90.0,753.0,28.0,734.0,18.0,592.0,82.0,928.0,77.0,9.778698e-05,67.41344,16783.42,39459980.0,71.9284,31.029
555.0,896.0,2.0,5.0,273.0,80.0,890.0,74.0,287.0,88.0,325.0,83.0,401.0,17.0,2.655123e-05,59.43576,16783.42,12750420.0,60.3975,20.0115
349.0,861.0,1.0,1.0,400.0,15.0,930.0,21.0,882.0,70.0,222.0,93.0,598.0,22.0,2.565304e-05,60.45879,16783.42,12750420.0,56.1418,15.9224
478.0,899.0,1.0,3.0,507.0,82.0,790.0,66.0,618.0,70.0,376.0,50.0,936.0,40.0,2.587147e-05,63.87523,16783.42,19841090.0,27.4659,6.73316
525.0,911.0,1.0,3.0,413.0,66.0,900.0,63.0,397.0,66.0,239.0,48.0,291.0,34.0,2.258089e-05,46.26777,98416.24,16295760.0,63.8338,23.1838
625.0,738.0,1.0,3.0,993.0,60.0,883.0,9.0,602.0,38.0,346.0,95.0,190.0,4.0,6.542053e-05,61.52582,26117.46,30874990.0,79.9589,39.7361
697.0,807.0,1.0,6.0,969.0,81.0,980.0,36.0,442.0,52.0,215.0,34.0,760.0,18.0,5.687043e-05,62.50064,40642.28,61404200.0,78.3038,31.1393
699.0,638.0,8.0,1.0,430.0,71.0,210.0,7.0,200.0,1.0,763.0,29.0,869.0,91.0,0.000629615,58.68572,26117.46,19841090.0,121.615,24.1592
522.0,839.0,1.0,2.0,493.0,41.0,494.0,45.0,625.0,59.0,399.0,83.0,962.0,80.0,0.0001025414,64.17898,40642.28,61404200.0,67.6449,32.2275
550.0,855.0,2.0,5.0,273.0,80.0,888.0,74.0,287.0,88.0,302.0,83.0,405.0,15.0,5.544118e-05,59.29932,40642.28,39459980.0,86.6659,22.7691
765.0,911.0,1.0,3.0,365.0,73.0,871.0,63.0,616.0,14.0,482.0,46.0,126.0,38.0,3.789274e-05,54.54951,40642.28,16295760.0,79.1036,34.387
654.0,729.0,1.0,2.0,937.0,64.0,788.0,10.0,610.0,38.0,380.0,96.0,203.0,4.0,7.744485e-05,63.35101,26117.46,39459980.0,68.432,37.585
799.0,682.0,1.0,1.0,952.0,92.0,830.0,21.0,186.0,39.0,176.0,37.0,544.0,48.0,9.005457e-05,19.8018,2174500.0,16295760.0,92.6669,39.2155
624.0,809.0,1.0,3.0,994.0,56.0,873.0,9.0,602.0,33.0,362.0,95.0,187.0,4.0,2.87808e-05,62.21684,10785.12,12750420.0,67.0501,25.8856
491.0,883.0,1.0,3.0,598.0,15.0,116.0,32.0,449.0,20.0,530.0,27.0,188.0,62.0,7.452848e-05,29.72473,898000.8,19841090.0,96.1165,31.6988
619.0,873.0,1.0,2.0,915.0,31.0,479.0,35.0,585.0,47.0,396.0,81.0,989.0,98.0,5.426954e-05,59.47244,40642.28,25358040.0,68.7959,39.0608
698.0,669.0,2.0,1.0,754.0,90.0,800.0,21.0,759.0,37.0,166.0,26.0,872.0,16.0,0.0001636043,62.63795,40642.28,48044980.0,73.296,54.9454
399.0,831.0,1.0,1.0,395.0,6.0,912.0,18.0,860.0,76.0,147.0,92.0,750.0,21.0,3.419447e-05,54.47149,40642.28,12750420.0,59.6789,17.6521
488.0,863.0,1.0,2.0,861.0,30.0,520.0,47.0,524.0,58.0,553.0,76.0,993.0,85.0,6.448053e-05,51.22766,98416.24,30874990.0,61.5018,26.3998
475.0,912.0,1.0,2.0,599.0,15.0,112.0,25.0,450.0,20.0,530.0,66.0,201.0,61.0,5.507211e-05,57.13158,40642.28,19841090.0,77.0206,34.3064
660.0,685.0,1.0,3.0,989.0,64.0,824.0,9.0,580.0,36.0,385.0,88.0,283.0,5.0,9.869401e-05,63.41544,40642.28,48044980.0,85.7084,29.4553
656.0,785.0,1.0,3.0,937.0,68.0,834.0,14.0,582.0,37.0,343.0,96.0,180.0,5.0,5.659162e-05,61.46124,26117.46,30874990.0,71.8573,36.5019
709.0,827.0,1.0,1.0,899.0,94.0,753.0,27.0,734.0,17.0,592.0,83.0,922.0,77.0,8.936167e-05,66.69482,16783.42,30874990.0,61.5501,20.5381
601.0,840.0,1.0,1.0,484.0,26.0,479.0,49.0,622.0,48.0,349.0,82.0,993.0,84.0,0.0001082902,46.01447,238315.2,48044980.0,57.6112,19.9612
922.0,770.0,1.0,1.0,880.0,93.0,936.0,9.0,725.0,29.0,170.0,34.0,991.0,22.0,3.018271e-05,40.07274,98416.24,8193759.0,68.7804,24.6538
795.0,600.0,2.0,1.0,792.0,92.0,742.0,21.0,764.0,43.0,108.0,37.0,877.0,27.0,0.0002331636,48.52749,153147.4,39459980.0,93.3667,56.7962
527.0,726.0,2.0,4.0,273.0,80.0,887.0,79.0,287.0,88.0,325.0,83.0,787.0,17.0,0.0002720004,28.99712,2174500.0,231377800.0,26.2625,10.3571
801.0,210.0,1.0,6.0,546.0,14.0,201.0,44.0,852.0,64.0,639.0,46.0,362.0,26.0,8.650688e-05,12.16857,1397391.0,4324649.0,100.898,15.6972
332.0,791.0,1.0,1.0,361.0,14.0,978.0,23.0,880.0,76.0,148.0,93.0,610.0,32.0,9.174893e-05,59.1585,40642.28,30874990.0,69.198,49.2426
493.0,906.0,2.0,2.0,614.0,14.0,142.0,16.0,612.0,20.0,542.0,65.0,315.0,22.0,2.478919e-05,30.84249,153147.4,3383770.0,64.6793,13.1848
201.0,787.0,2.0,1.0,391.0,14.0,491.0,55.0,470.0,65.0,347.0,9.0,992.0,86.0,0.0001528951,13.2094,2174500.0,10472090.0,75.4916,46.8111
274.0,845.0,7.0,2.0,239.0,67.0,173.0,70.0,235.0,94.0,323.0,92.0,332.0,87.0,0.000264929,37.49784,370846.0,281716800.0,60.2791,14.5755
703.0,847.0,2.0,1.0,876.0,84.0,898.0,28.0,711.0,16.0,523.0,82.0,987.0,82.0,6.309683e-05,66.94289,6930.448,12750420.0,77.277,24.6689
773.0,801.0,1.0,1.0,573.0,14.0,208.0,70.0,151.0,74.0,646.0,44.0,804.0,18.0,7.13705e-05,25.68713,1397391.0,25358040.0,33.0763,7.28896
673.0,422.0,7.0,1.0,207.0,5.0,603.0,6.0,174.0,3.0,760.0,35.0,671.0,48.0,0.000180653,17.35851,370846.0,2174501.0,103.738,31.2589
474.0,866.0,1.0,2.0,586.0,10.0,159.0,24.0,152.0,18.0,591.0,50.0,217.0,27.0,6.722077e-05,49.28389,153147.4,30874990.0,76.2277,36.2805
525.0,727.0,6.0,1.0,647.0,78.0,896.0,26.0,362.0,85.0,307.0,90.0,817.0,15.0,0.0001161081,62.50468,10785.12,12750420.0,81.1149,29.6616
501.0,853.0,2.0,3.0,496.0,5.0,799.0,63.0,603.0,66.0,390.0,49.0,903.0,36.0,5.565114e-05,60.33014,16783.42,12750420.0,80.1905,39.7122
453.0,909.0,1.0,2.0,782.0,4.0,802.0,58.0,586.0,65.0,293.0,49.0,259.0,36.0,2.559851e-05,45.94124,63244.55,8193759.0,74.3523,26.2504
526.0,885.0,3.0,2.0,493.0,84.0,814.0,64.0,579.0,67.0,347.0,47.0,944.0,38.0,3.198403e-05,63.87546,6930.448,10472090.0,47.5493,7.72849
841.0,849.0,2.0,2.0,924.0,98.0,857.0,27.0,525.0,54.0,468.0,80.0,928.0,38.0,3.39993e-05,55.75723,26117.46,10472090.0,69.2485,21.1387
344.0,862.0,1.0,1.0,442.0,21.0,976.0,18.0,856.0,63.0,192.0,97.0,606.0,21.0,2.275982e-05,60.53303,10785.12,10472090.0,58.0492,16.0854
532.0,881.0,6.0,1.0,632.0,83.0,289.0,22.0,358.0,99.0,799.0,98.0,756.0,16.0,2.408827e-05,62.54443,4453.334,6729644.0,0.0,0.0
241.0,854.0,8.0,1.0,960.0,68.0,177.0,73.0,288.0,52.0,323.0,89.0,338.0,22.0,0.0001791976,15.29428,577079.0,3383770.0,58.0949,8.94602
332.0,799.0,2.0,1.0,372.0,15.0,947.0,19.0,882.0,69.0,148.0,92.0,596.0,30.0,7.634278e-05,58.87586,16783.42,12750420.0,79.1342,52.6854
776.0,856.0,1.0,6.0,994.0,12.0,972.0,56.0,312.0,58.0,225.0,33.0,748.0,17.0,2.721379e-05,55.88364,26117.46,16295760.0,68.1742,32.5895
206.0,799.0,1.0,2.0,387.0,64.0,517.0,50.0,518.0,60.0,561.0,86.0,998.0,87.0,0.0001907589,51.4249,370846.0,116340400.0,60.6911,17.9891
528.0,827.0,1.0,5.0,259.0,84.0,332.0,23.0,441.0,90.0,300.0,80.0,388.0,15.0,7.140797e-05,60.89597,63244.55,74763430.0,63.4785,18.5131
708.0,910.0,1.0,1.0,907.0,91.0,751.0,27.0,705.0,18.0,600.0,84.0,979.0,79.0,1.951706e-05,64.38959,6930.448,8193759.0,57.8615,13.7409
484.0,890.0,2.0,3.0,599.0,21.0,101.0,32.0,142.0,15.0,531.0,66.0,173.0,69.0,9.792683e-05,49.81408,98416.24,25358040.0,115.263,26.6234
481.0,713.0,3.0,3.0,130.0,8.0,248.0,23.0,146.0,14.0,583.0,27.0,926.0,30.0,0.00030424,54.90645,98416.24,281716800.0,78.4162,27.93
688.0,829.0,2.0,1.0,883.0,98.0,823.0,35.0,776.0,48.0,523.0,83.0,971.0,82.0,7.822523e-05,46.40937,98416.24,16295760.0,72.6694,35.2479
696.0,762.0,2.0,1.0,188.0,6.0,620.0,9.0,237.0,41.0,260.0,86.0,946.0,17.0,5.244869e-05,55.67934,26117.46,12750420.0,77.348,20.9122
544.0,885.0,1.0,2.0,599.0,13.0,113.0,27.0,149.0,16.0,530.0,28.0,190.0,25.0,5.172897e-05,42.82617,238315.2,25358040.0,67.1292,28.6073
317.0,391.0,4.0,1.0,812.0,14.0,729.0,98.0,969.0,42.0,867.0,12.0,347.0,2.0,0.0006731524,48.58878,153147.4,30874990.0,66.0262,14.8857
264.0,857.0,2.0,5.0,993.0,83.0,885.0,73.0,340.0,87.0,323.0,88.0,370.0,15.0,5.612643e-05,58.17556,40642.28,30874990.0,85.7707,25.2011
345.0,890.0,5.0,6.0,238.0,67.0,845.0,71.0,367.0,64.0,260.0,89.0,817.0,25.0,2.900012e-05,24.53823,238315.2,2779135.0,83.5675,31.1873
208.0,609.0,3.0,1.0,654.0,11.0,609.0,10.0,252.0,48.0,335.0,89.0,921.0,25.0,0.0002025484,33.04727,370846.0,16295760.0,99.4805,33.8079
305.0,807.0,7.0,1.0,746.0,11.0,686.0,66.0,412.0,57.0,650.0,24.0,966.0,25.0,0.0001082007,32.3471,153147.4,5265529.0,62.4263,8.84968
520.0,833.0,6.0,1.0,632.0,77.0,824.0,76.0,341.0,87.0,309.0,75.0,341.0,16.0,8.979034e-05,60.88515,16783.42,12750420.0,65.4275,11.6968
361.0,970.0,1.0,2.0,365.0,63.0,455.0,66.0,609.0,38.0,546.0,45.0,105.0,42.0,1.235036e-05,47.19508,40642.28,8193759.0,67.6274,19.4167
631.0,736.0,1.0,3.0,925.0,66.0,572.0,7.0,605.0,38.0,359.0,88.0,198.0,5.0,7.682594e-05,60.78622,40642.28,39459980.0,83.3528,37.6544
555.0,896.0,2.0,5.0,273.0,77.0,968.0,75.0,285.0,88.0,325.0,82.0,401.0,18.0,2.564575e-05,58.37489,16783.42,12750420.0,64.6069,23.6908
493.0,849.0,1.0,1.0,834.0,32.0,474.0,44.0,551.0,62.0,351.0,77.0,990.0,78.0,8.462512e-05,62.63673,40642.28,39459980.0,55.3633,17.0752
691.0,869.0,2.0,4.0,203.0,68.0,522.0,73.0,603.0,14.0,537.0,78.0,103.0,47.0,0.0001813776,54.87363,63244.55,231377800.0,55.4213,9.99158
320.0,839.0,1.0,5.0,207.0,22.0,505.0,63.0,585.0,15.0,706.0,85.0,555.0,50.0,0.0001301405,16.14998,2174500.0,12750420.0,38.8222,13.9911
759.0,824.0,1.0,6.0,960.0,11.0,982.0,54.0,316.0,58.0,209.0,33.0,748.0,17.0,3.741871e-05,41.79824,153147.4,16295760.0,84.7832,27.9933
709.0,835.0,1.0,1.0,900.0,85.0,757.0,28.0,715.0,18.0,514.0,82.0,971.0,80.0,7.957606e-05,63.4423,26117.46,30874990.0,62.8216,20.5369
706.0,718.0,2.0,1.0,790.0,90.0,824.0,18.0,691.0,29.0,100.0,33.0,549.0,27.0,0.0001799312,61.16951,40642.28,30874990.0,90.0884,57.3887
695.0,747.0,2.0,1.0,200.0,3.0,593.0,8.0,151.0,43.0,327.0,90.0,917.0,18.0,4.722945e-05,32.62723,238315.2,8193759.0,82.4545,27.6518
470.0,391.0,4.0,1.0,776.0,91.0,777.0,64.0,592.0,27.0,828.0,8.0,357.0,30.0,0.0009445003,12.78303,3383769.0,12750420.0,0.0,32.9885
437.0,273.0,2.0,2.0,386.0,68.0,295.0,35.0,603.0,33.0,899.0,89.0,113.0,90.0,0.002976443,11.83962,12750420.0,61404200.0,0.0,0.0
618.0,900.0,1.0,2.0,943.0,30.0,528.0,45.0,492.0,51.0,156.0,77.0,998.0,85.0,3.371889e-05,55.27756,40642.28,16295760.0,60.092,17.7277
679.0,829.0,1.0,6.0,968.0,87.0,954.0,56.0,308.0,55.0,251.0,33.0,747.0,17.0,5.595321e-05,61.53485,40642.28,48044980.0,66.7341,27.7529
467.0,887.0,4.0,2.0,598.0,15.0,115.0,33.0,466.0,13.0,532.0,25.0,174.0,29.0,7.800796e-05,58.76752,16783.42,10472090.0,88.0947,45.0719
498.0,794.0,1.0,1.0,483.0,26.0,983.0,25.0,871.0,58.0,184.0,91.0,605.0,20.0,7.01891e-05,39.45505,370846.0,25358040.0,58.3969,21.467
470.0,857.0,4.0,3.0,507.0,85.0,789.0,64.0,584.0,68.0,373.0,48.0,926.0,39.0,5.523603e-05,64.30778,10785.12,12750420.0,84.2729,39.0602
264.0,857.0,1.0,1.0,328.0,15.0,935.0,15.0,924.0,68.0,180.0,93.0,611.0,23.0,2.456771e-05,57.53559,16783.42,10472090.0,61.8611,20.3344
431.0,861.0,1.0,2.0,887.0,39.0,520.0,43.0,523.0,59.0,321.0,21.0,951.0,84.0,4.403686e-05,25.09227,898000.8,12750420.0,65.3111,53.4662
370.0,963.0,1.0,2.0,278.0,67.0,401.0,73.0,607.0,40.0,687.0,44.0,172.0,39.0,1.423493e-05,51.77995,40642.28,10472090.0,43.51,9.53282
756.0,913.0,1.0,1.0,170.0,67.0,521.0,64.0,921.0,25.0,150.0,87.0,109.0,48.0,8.701836e-05,53.06265,63244.55,25358040.0,68.7433,24.5374
683.0,787.0,2.0,1.0,918.0,96.0,795.0,34.0,516.0,18.0,465.0,69.0,985.0,45.0,0.0001130748,32.73301,370846.0,16295760.0,71.441,27.2799
447.0,899.0,2.0,1.0,479.0,90.0,813.0,60.0,591.0,66.0,382.0,49.0,252.0,38.0,2.800599e-05,34.27421,153147.4,8193759.0,66.9551,16.0668
532.0,644.0,5.0,3.0,828.0,83.0,190.0,60.0,504.0,36.0,746.0,14.0,320.0,91.0,0.0009941325,10.93813,3383769.0,10472090.0,39.2089,16.7571
880.0,944.0,9.0,6.0,869.0,53.0,662.0,94.0,151.0,70.0,206.0,54.0,820.0,82.0,1.464733e-05,43.95212,10785.12,1397392.0,86.7783,42.5214
693.0,746.0,1.0,1.0,439.0,13.0,703.0,8.0,238.0,1.0,695.0,29.0,957.0,35.0,9.980391e-05,30.92927,370846.0,12750420.0,78.0227,31.1448
531.0,925.0,1.0,3.0,579.0,15.0,122.0,20.0,156.0,12.0,543.0,53.0,240.0,56.0,2.891156e-05,51.00227,40642.28,12750420.0,78.7959,38.0055
654.0,739.0,1.0,2.0,941.0,64.0,788.0,10.0,610.0,41.0,418.0,87.0,127.0,14.0,8.75089e-05,32.41951,577079.0,16295760.0,91.821,46.3429
205.0,441.0,2.0,1.0,213.0,13.0,664.0,10.0,251.0,7.0,332.0,82.0,902.0,48.0,0.0009729785,33.88052,1397391.0,74763430.0,129.79,20.8878
368.0,839.0,1.0,1.0,399.0,14.0,932.0,13.0,860.0,74.0,146.0,92.0,683.0,21.0,2.769755e-05,58.3669,16783.42,10472090.0,61.8948,20.1354
695.0,784.0,1.0,6.0,536.0,76.0,996.0,64.0,193.0,56.0,179.0,33.0,779.0,18.0,0.0001098801,59.85397,98416.24,181038800.0,58.8989,16.4414
543.0,911.0,1.0,3.0,594.0,10.0,122.0,21.0,156.0,13.0,520.0,53.0,201.0,24.0,3.138436e-05,57.04087,26117.46,16295760.0,68.7172,26.0433
274.0,845.0,7.0,2.0,239.0,67.0,191.0,70.0,235.0,94.0,323.0,92.0,341.0,87.0,0.0002471305,35.47604,370846.0,231377800.0,76.6111,14.8004
971.0,821.0,2.0,2.0,966.0,31.0,781.0,6.0,827.0,44.0,185.0,7.0,399.0,8.0,2.652296e-06,13.54502,40642.28,153148.4,80.1119,29.4201
490.0,821.0,1.0,2.0,887.0,33.0,426.0,59.0,540.0,66.0,556.0,18.0,635.0,85.0,0.0001138559,17.03499,2174500.0,16295760.0,75.9583,43.6308
572.0,718.0,3.0,1.0,632.0,79.0,888.0,17.0,287.0,91.0,309.0,90.0,805.0,13.0,8.588198e-05,45.42633,153147.4,19841090.0,73.914,23.0885
798.0,700.0,1.0,1.0,383.0,9.0,506.0,67.0,876.0,10.0,560.0,46.0,822.0,39.0,0.0001921931,64.20257,26117.46,39459980.0,78.1302,27.9817
486.0,683.0,6.0,5.0,740.0,8.0,156.0,14.0,853.0,82.0,102.0,98.0,411.0,85.0,0.0007040048,37.13059,153147.4,281716800.0,112.154,49.245
478.0,794.0,1.0,1.0,875.0,33.0,426.0,59.0,540.0,66.0,349.0,19.0,634.0,86.0,0.0001790965,21.02676,3383769.0,30874990.0,71.5762,51.9921
664.0,900.0,1.0,1.0,903.0,91.0,822.0,27.0,708.0,18.0,519.0,83.0,969.0,81.0,2.409844e-05,64.27073,6930.448,10472090.0,61.251,15.1462
678.0,673.0,1.0,1.0,536.0,12.0,201.0,65.0,258.0,73.0,631.0,39.0,803.0,22.0,0.000177634,20.9518,3383769.0,30874990.0,65.5197,24.6107
509.0,710.0,8.0,1.0,639.0,70.0,313.0,22.0,346.0,60.0,855.0,95.0,805.0,23.0,0.0002607978,63.96874,16783.42,19841090.0,95.9027,29.8345
562.0,852.0,3.0,3.0,497.0,82.0,816.0,63.0,720.0,68.0,389.0,56.0,925.0,38.0,5.825307e-05,63.71872,16783.42,16295760.0,79.6,38.3121
447.0,911.0,1.0,1.0,422.0,84.0,827.0,52.0,624.0,74.0,260.0,48.0,301.0,36.0,2.19459e-05,46.64162,98416.24,12750420.0,51.379,12.7625
398.0,875.0,2.0,3.0,478.0,79.0,797.0,66.0,591.0,66.0,390.0,48.0,946.0,37.0,4.029566e-05,63.97809,16783.42,19841090.0,53.2312,14.1934
753.0,305.0,1.0,1.0,974.0,6.0,947.0,56.0,161.0,73.0,631.0,37.0,823.0,14.0,2.741128e-05,0.9440171,1397391.0,473963.5,87.3423,33.3989
434.0,734.0,1.0,2.0,381.0,8.0,486.0,64.0,603.0,29.0,888.0,90.0,113.0,41.0,0.0005726798,26.64699,2174500.0,48044980.0,58.2219,13.5867
291.0,747.0,2.0,1.0,327.0,17.0,256.0,64.0,417.0,33.0,716.0,92.0,847.0,42.0,0.0005337571,9.868743,5265528.0,12750420.0,76.5457,24.9397
528.0,830.0,6.0,1.0,647.0,79.0,898.0,25.0,360.0,90.0,836.0,93.0,785.0,15.0,2.95291e-05,41.36387,40642.28,4324649.0,55.0766,7.58784
622.0,518.0,5.0,7.0,967.0,51.0,339.0,27.0,865.0,61.0,379.0,44.0,871.0,16.0,0.0004870062,51.10373,98416.24,438383300.0,-1.5337,715.369
658.0,837.0,1.0,1.0,810.0,99.0,258.0,35.0,477.0,14.0,954.0,85.0,563.0,83.0,0.0001596779,57.09468,98416.24,61404200.0,46.9396,17.9235
204.0,883.0,1.0,2.0,903.0,63.0,800.0,10.0,606.0,43.0,232.0,97.0,149.0,4.0,1.07524e-05,57.60108,10785.12,5265529.0,58.8721,13.6575
368.0,800.0,2.0,1.0,372.0,15.0,947.0,19.0,882.0,70.0,148.0,93.0,597.0,31.0,7.657765e-05,58.68661,16783.42,12750420.0,79.2497,53.1526
204.0,346.0,4.0,2.0,643.0,12.0,566.0,35.0,749.0,91.0,602.0,59.0,316.0,40.0,0.0009073044,13.55896,2174500.0,10472090.0,138.056,20.8529
911.0,771.0,1.0,1.0,794.0,88.0,897.0,14.0,757.0,41.0,140.0,29.0,994.0,25.0,3.267912e-05,37.55468,153147.4,10472090.0,63.0557,23.5961
202.0,616.0,3.0,1.0,602.0,6.0,666.0,6.0,200.0,48.0,752.0,64.0,922.0,25.0,7.390985e-05,15.59892,577079.0,3383770.0,92.5216,38.4902
240.0,808.0,1.0,3.0,994.0,63.0,879.0,9.0,592.0,33.0,350.0,90.0,182.0,4.0,2.995027e-05,61.05934,16783.42,16295760.0,69.3566,33.4856
573.0,866.0,1.0,2.0,484.0,31.0,494.0,50.0,576.0,59.0,395.0,84.0,998.0,84.0,6.838801e-05,63.7041,40642.28,39459980.0,60.2208,28.4085
371.0,976.0,1.0,1.0,365.0,30.0,897.0,72.0,916.0,44.0,577.0,47.0,104.0,50.0,9.747248e-06,44.137,40642.28,4324649.0,71.747,24.7741
300.0,679.0,8.0,2.0,923.0,19.0,847.0,49.0,670.0,53.0,995.0,84.0,979.0,46.0,0.0003464156,37.14344,153147.4,12750420.0,141.234,19.9051
712.0,275.0,1.0,1.0,979.0,14.0,947.0,59.0,178.0,72.0,611.0,44.0,813.0,1.0,8.66928e-05,34.81453,577079.0,30874990.0,47.7731,11.9313
526.0,734.0,5.0,5.0,273.0,79.0,858.0,76.0,341.0,88.0,333.0,89.0,452.0,12.0,0.0002625476,30.70365,898000.8,281716800.0,24.8709,6.85581
757.0,958.0,2.0,1.0,383.0,61.0,846.0,63.0,615.0,11.0,723.0,50.0,173.0,42.0,1.357259e-05,55.6013,6930.448,3383770.0,71.8184,15.158
543.0,913.0,1.0,3.0,624.0,11.0,113.0,21.0,156.0,24.0,520.0,54.0,201.0,24.0,2.706509e-05,51.72778,63244.55,16295760.0,66.2909,23.7863
876.0,694.0,2.0,1.0,319.0,35.0,147.0,65.0,933.0,43.0,626.0,91.0,528.0,42.0,0.0001697257,34.69881,370846.0,19841090.0,83.1492,24.7241
347.0,861.0,1.0,1.0,384.0,14.0,909.0,15.0,884.0,76.0,153.0,89.0,655.0,23.0,2.206583e-05,57.82608,16783.42,10472090.0,60.08,18.4868
553.0,844.0,1.0,4.0,273.0,77.0,885.0,71.0,444.0,71.0,342.0,85.0,353.0,21.0,7.640286e-05,61.33591,63244.55,74763430.0,68.2216,19.9394
753.0,930.0,1.0,1.0,202.0,32.0,877.0,73.0,915.0,33.0,531.0,49.0,829.0,48.0,1.490274e-05,41.17345,98416.24,10472090.0,25.6103,4.6377
709.0,634.0,2.0,1.0,781.0,92.0,736.0,20.0,746.0,34.0,101.0,16.0,903.0,20.0,0.0002126508,61.29859,63244.55,61404200.0,84.6264,57.8265
671.0,551.0,4.0,1.0,462.0,79.0,622.0,38.0,451.0,1.0,375.0,28.0,908.0,39.0,0.0006691127,-3.001605,-10.0,-10.0,130.865,29.8824
771.0,958.0,1.0,3.0,383.0,67.0,536.0,67.0,609.0,11.0,687.0,44.0,139.0,42.0,1.808116e-05,57.25242,16783.42,10472090.0,63.044,16.5438
493.0,894.0,2.0,3.0,497.0,14.0,101.0,32.0,527.0,13.0,541.0,66.0,267.0,68.0,9.374221e-05,30.12092,370846.0,10472090.0,103.613,27.729
416.0,909.0,2.0,1.0,542.0,84.0,796.0,64.0,574.0,66.0,363.0,49.0,242.0,37.0,2.548433e-05,38.43134,98416.24,8193759.0,65.3758,14.6723
596.0,939.0,1.0,3.0,605.0,8.0,118.0,23.0,172.0,23.0,503.0,44.0,209.0,28.0,1.580562e-05,49.85057,40642.28,10472090.0,62.8335,16.4943
726.0,626.0,3.0,1.0,207.0,82.0,623.0,22.0,234.0,2.0,390.0,74.0,921.0,24.0,0.0002923331,3.749004,2174500.0,2174501.0,111.377,23.9966
213.0,749.0,1.0,1.0,348.0,12.0,492.0,60.0,520.0,65.0,355.0,19.0,639.0,4.0,0.0002442772,13.01365,8193758.0,30874990.0,-24.9542,-3.94099
606.0,943.0,1.0,1.0,900.0,86.0,821.0,27.0,696.0,18.0,519.0,78.0,974.0,73.0,8.877834e-06,62.64225,4453.334,4324649.0,59.1003,13.6884
453.0,900.0,1.0,2.0,741.0,4.0,826.0,60.0,575.0,64.0,260.0,48.0,355.0,36.0,2.945452e-05,51.46356,40642.28,10472090.0,72.3154,24.1796
528.0,748.0,5.0,1.0,612.0,83.0,317.0,22.0,394.0,58.0,831.0,75.0,840.0,21.0,0.0001715827,65.62785,16783.42,25358040.0,66.1423,17.1071
454.0,900.0,1.0,2.0,685.0,6.0,829.0,63.0,586.0,65.0,254.0,49.0,300.0,36.0,3.178144e-05,51.87429,40642.28,12750420.0,71.488,25.7681
513.0,900.0,3.0,5.0,273.0,76.0,872.0,83.0,340.0,88.0,309.0,84.0,332.0,12.0,2.608525e-05,38.64313,98416.24,6729644.0,52.5175,11.1846
454.0,899.0,1.0,1.0,748.0,6.0,804.0,62.0,447.0,60.0,256.0,49.0,301.0,36.0,3.170538e-05,48.79073,63244.55,12750420.0,69.2244,17.7629
332.0,789.0,1.0,1.0,350.0,15.0,978.0,27.0,860.0,76.0,108.0,93.0,638.0,32.0,9.971082e-05,55.69735,63244.55,30874990.0,67.6518,47.1148
767.0,911.0,1.0,3.0,371.0,68.0,456.0,75.0,609.0,14.0,535.0,47.0,133.0,43.0,6.188253e-05,59.54154,40642.28,30874990.0,75.3103,27.9406
270.0,610.0,1.0,1.0,546.0,65.0,837.0,92.0,690.0,43.0,178.0,37.0,794.0,40.0,0.0009743941,18.27042,12750420.0,95551890.0,68.1919,30.0296
493.0,887.0,1.0,3.0,617.0,13.0,174.0,27.0,461.0,20.0,541.0,64.0,211.0,68.0,7.724762e-05,51.82209,98416.24,25358040.0,94.0843,29.849
525.0,851.0,4.0,5.0,588.0,83.0,923.0,73.0,396.0,98.0,819.0,88.0,784.0,19.0,5.109874e-05,64.824,10785.12,12750420.0,81.1484,25.1151
487.0,333.0,7.0,9.0,483.0,93.0,493.0,73.0,884.0,69.0,394.0,60.0,360.0,33.0,0.002973343,40.79597,898000.8,1356708000.0,-20.8457,-15.4025
380.0,861.0,1.0,1.0,441.0,14.0,934.0,24.0,860.0,59.0,183.0,91.0,599.0,20.0,2.588811e-05,39.0741,153147.4,10472090.0,53.1845,13.1377
322.0,861.0,1.0,1.0,384.0,14.0,908.0,15.0,884.0,68.0,171.0,89.0,683.0,25.0,2.27628e-05,57.94402,16783.42,10472090.0,61.5949,19.0293
696.0,829.0,1.0,6.0,990.0,87.0,956.0,49.0,393.0,54.0,251.0,33.0,759.0,15.0,4.915466e-05,62.06033,40642.28,39459980.0,61.101,30.5023
710.0,678.0,2.0,1.0,775.0,94.0,829.0,13.0,723.0,43.0,103.0,33.0,855.0,27.0,0.0001493074,48.43027,153147.4,30874990.0,86.5849,57.7309
886.0,766.0,1.0,1.0,795.0,85.0,928.0,13.0,705.0,44.0,141.0,28.0,520.0,8.0,3.270178e-05,46.42123,98416.24,16295760.0,52.475,13.6039
330.0,675.0,7.0,2.0,737.0,78.0,987.0,71.0,188.0,58.0,126.0,24.0,956.0,27.0,0.0003691284,43.21285,238315.2,360050100.0,83.0585,20.9273
661.0,793.0,2.0,4.0,840.0,99.0,821.0,34.0,184.0,14.0,524.0,68.0,658.0,87.0,0.0001243177,30.99299,577079.0,19841090.0,35.9708,13.4028
776.0,828.0,1.0,6.0,966.0,85.0,982.0,35.0,305.0,49.0,213.0,27.0,707.0,9.0,3.296613e-05,61.41044,26117.46,25358040.0,46.5976,29.6895
741.0,632.0,2.0,1.0,796.0,89.0,742.0,21.0,726.0,50.0,167.0,34.0,915.0,22.0,0.000199036,50.45366,153147.4,48044980.0,86.2503,54.3895
465.0,857.0,4.0,2.0,507.0,81.0,790.0,62.0,617.0,78.0,350.0,49.0,905.0,38.0,5.373147e-05,63.79671,10785.12,12750420.0,67.6918,16.7825
445.0,870.0,4.0,3.0,507.0,82.0,790.0,52.0,618.0,71.0,376.0,50.0,936.0,40.0,3.819979e-05,62.11429,6930.448,8193759.0,77.4625,35.7929
754.0,275.0,1.0,1.0,905.0,7.0,946.0,53.0,176.0,72.0,611.0,36.0,769.0,1.0,3.341394e-05,24.80754,898000.8,10472090.0,66.2712,16.355
696.0,772.0,1.0,1.0,755.0,94.0,865.0,21.0,755.0,27.0,166.0,20.0,990.0,21.0,6.882698e-05,64.33377,40642.28,39459980.0,42.9704,10.9851
754.0,424.0,1.0,1.0,987.0,8.0,208.0,67.0,137.0,74.0,628.0,43.0,802.0,3.0,3.71641e-05,17.79124,1397391.0,8193759.0,73.4131,21.6928
538.0,716.0,6.0,1.0,647.0,77.0,889.0,26.0,362.0,87.0,307.0,90.0,816.0,14.0,0.0001259847,62.37964,16783.42,16295760.0,81.6946,32.5148
654.0,737.0,1.0,2.0,900.0,63.0,876.0,10.0,563.0,37.0,381.0,97.0,217.0,4.0,6.572409e-05,63.31895,26117.46,30874990.0,67.4247,34.6047
265.0,875.0,4.0,5.0,588.0,82.0,876.0,72.0,421.0,87.0,818.0,89.0,776.0,22.0,3.702168e-05,64.46473,6930.448,10472090.0,69.8164,24.6328
730.0,856.0,1.0,1.0,933.0,90.0,822.0,26.0,733.0,17.0,518.0,83.0,971.0,78.0,5.297949e-05,66.82263,10785.12,19841090.0,62.8203,18.2441
679.0,866.0,1.0,7.0,957.0,6.0,996.0,55.0,321.0,55.0,250.0,33.0,748.0,17.0,2.713143e-05,56.49167,26117.46,12750420.0,71.4057,35.5455
543.0,913.0,3.0,2.0,624.0,12.0,122.0,21.0,156.0,13.0,541.0,53.0,317.0,24.0,2.606189e-05,36.33451,98416.24,4324649.0,67.068,12.6996
278.0,792.0,1.0,3.0,926.0,67.0,832.0,16.0,840.0,98.0,183.0,89.0,110.0,2.0,4.637813e-05,53.93841,63244.55,25358040.0,54.2171,41.5477
675.0,785.0,1.0,6.0,874.0,86.0,996.0,64.0,327.0,72.0,242.0,39.0,777.0,17.0,0.0001079119,61.14906,98416.24,148689600.0,55.4034,18.3406
727.0,625.0,2.0,1.0,206.0,16.0,646.0,18.0,221.0,43.0,323.0,85.0,943.0,13.0,0.0001620316,59.36646,63244.55,48044980.0,85.2397,29.0328
582.0,881.0,1.0,2.0,484.0,31.0,483.0,43.0,480.0,56.0,400.0,82.0,997.0,80.0,4.643128e-05,61.22724,26117.46,25358040.0,57.459,19.0239
701.0,858.0,2.0,1.0,878.0,95.0,810.0,32.0,537.0,52.0,465.0,83.0,956.0,47.0,3.767382e-05,59.17561,16783.42,12750420.0,60.9427,13.1661
259.0,856.0,3.0,5.0,213.0,81.0,885.0,73.0,285.0,88.0,323.0,93.0,370.0,15.0,5.728245e-05,56.92724,26117.46,30874990.0,104.376,21.6517
473.0,869.0,1.0,2.0,963.0,31.0,521.0,40.0,492.0,48.0,326.0,27.0,996.0,85.0,4.007712e-05,29.38905,577079.0,12750420.0,67.1109,50.3667
755.0,703.0,4.0,1.0,375.0,66.0,805.0,60.0,588.0,33.0,540.0,49.0,129.0,44.0,0.0002855944,23.01537,898000.8,10472090.0,132.086,16.9788
479.0,770.0,1.0,1.0,483.0,28.0,997.0,26.0,875.0,77.0,184.0,84.0,613.0,26.0,0.0001072309,62.00417,40642.28,39459980.0,65.1413,48.4496
542.0,912.0,1.0,2.0,602.0,11.0,113.0,30.0,461.0,24.0,464.0,54.0,236.0,64.0,5.215769e-05,56.21725,40642.28,19841090.0,76.1182,36.1261
494.0,772.0,1.0,1.0,411.0,34.0,473.0,44.0,586.0,62.0,349.0,92.0,989.0,87.0,0.0002707352,62.26088,98416.24,116340400.0,72.885,31.0753
235.0,771.0,6.0,5.0,528.0,88.0,725.0,66.0,156.0,52.0,948.0,37.0,847.0,17.0,0.0001613683,33.4227,370846.0,61404200.0,52.9267,19.9467
248.0,872.0,5.0,6.0,587.0,81.0,330.0,24.0,412.0,90.0,824.0,83.0,750.0,15.0,2.990501e-05,64.30773,4453.334,6729644.0,69.21,22.5459
300.0,679.0,8.0,2.0,927.0,75.0,978.0,42.0,727.0,59.0,998.0,74.0,988.0,41.0,0.0002509094,36.50282,238315.2,19841090.0,68.4491,17.8799
773.0,812.0,1.0,5.0,535.0,13.0,991.0,63.0,179.0,50.0,231.0,35.0,798.0,12.0,4.823188e-05,57.67243,63244.55,30874990.0,69.0091,30.1972
806.0,840.0,1.0,6.0,947.0,11.0,982.0,55.0,391.0,53.0,243.0,33.0,795.0,16.0,2.575306e-05,53.32084,40642.28,12750420.0,73.2002,31.8538
717.0,622.0,1.0,1.0,796.0,89.0,742.0,17.0,829.0,33.0,128.0,34.0,848.0,23.0,0.0002445222,63.3107,98416.24,95551890.0,74.6085,53.922
729.0,619.0,2.0,1.0,788.0,92.0,743.0,15.0,723.0,42.0,102.0,38.0,969.0,25.0,0.0002248015,62.02366,40642.28,48044980.0,91.2155,54.6231
508.0,787.0,5.0,1.0,598.0,82.0,902.0,22.0,361.0,92.0,294.0,90.0,805.0,22.0,5.99139e-05,45.95823,40642.28,8193759.0,78.1834,20.7284
568.0,919.0,1.0,2.0,503.0,40.0,495.0,36.0,576.0,59.0,400.0,80.0,998.0,84.0,1.994586e-05,57.12003,26117.46,12750420.0,51.8851,12.2026
887.0,771.0,1.0,1.0,794.0,88.0,887.0,9.0,591.0,26.0,139.0,35.0,877.0,12.0,3.155594e-05,61.65851,16783.42,16295760.0,58.484,14.4286
701.0,836.0,1.0,2.0,901.0,86.0,823.0,43.0,715.0,18.0,525.0,81.0,971.0,82.0,8.947919e-05,37.37867,370846.0,25358040.0,68.1731,30.0125
334.0,694.0,1.0,3.0,273.0,66.0,526.0,62.0,918.0,41.0,533.0,44.0,832.0,49.0,0.0005852984,26.86041,8193758.0,281716800.0,11.3955,6.48983
852.0,685.0,8.0,3.0,413.0,62.0,485.0,66.0,684.0,49.0,230.0,17.0,891.0,81.0,0.0001377842,24.25281,238315.2,4324649.0,79.4653,15.7302
787.0,950.0,1.0,2.0,327.0,69.0,407.0,61.0,917.0,42.0,707.0,45.0,115.0,35.0,1.656872e-05,50.48034,40642.28,10472090.0,50.7839,12.2444
299.0,902.0,2.0,6.0,290.0,85.0,890.0,74.0,337.0,91.0,323.0,82.0,337.0,15.0,2.453728e-05,58.91632,16783.42,12750420.0,65.82,25.1725
683.0,737.0,1.0,3.0,900.0,67.0,788.0,9.0,543.0,38.0,386.0,97.0,235.0,4.0,6.246542e-05,63.49782,26117.46,30874990.0,73.5142,32.625
888.0,767.0,1.0,1.0,730.0,92.0,854.0,11.0,580.0,41.0,123.0,20.0,896.0,17.0,2.724331e-05,35.00009,238315.2,12750420.0,59.5031,16.313
679.0,866.0,1.0,7.0,991.0,87.0,996.0,50.0,282.0,54.0,250.0,33.0,758.0,17.0,2.699438e-05,60.32169,26117.46,19841090.0,52.8157,31.6015
680.0,829.0,1.0,6.0,991.0,87.0,954.0,50.0,344.0,55.0,251.0,31.0,759.0,12.0,4.730482e-05,60.49866,40642.28,39459980.0,51.8753,30.5089
864.0,944.0,9.0,6.0,869.0,53.0,662.0,94.0,151.0,70.0,208.0,54.0,820.0,82.0,1.502847e-05,45.14498,10785.12,1397392.0,86.8755,42.6387
531.0,742.0,4.0,1.0,676.0,77.0,317.0,73.0,413.0,87.0,831.0,90.0,806.0,17.0,0.0004560649,18.59021,2174500.0,16295760.0,35.4843,7.86678
752.0,610.0,3.0,1.0,919.0,31.0,286.0,68.0,947.0,33.0,729.0,49.0,995.0,37.0,0.0002380916,37.16858,370846.0,19841090.0,92.1348,29.6541
665.0,799.0,2.0,2.0,922.0,99.0,823.0,36.0,546.0,54.0,505.0,83.0,559.0,83.0,9.90404e-05,29.48237,577079.0,12750420.0,106.216,32.2533
732.0,969.0,1.0,2.0,371.0,63.0,412.0,74.0,604.0,37.0,518.0,47.0,101.0,41.0,1.3951e-05,49.33457,40642.28,8193759.0,60.6952,15.0574
719.0,773.0,2.0,1.0,202.0,6.0,497.0,9.0,219.0,45.0,323.0,86.0,960.0,16.0,4.7073e-05,55.25378,26117.46,12750420.0,72.4346,16.593
448.0,900.0,1.0,2.0,528.0,6.0,804.0,60.0,586.0,65.0,276.0,49.0,300.0,36.0,3.075228e-05,50.08626,63244.55,12750420.0,70.1225,25.189
672.0,871.0,2.0,9.0,631.0,20.0,540.0,66.0,257.0,21.0,340.0,9.0,188.0,26.0,4.555101e-05,20.21439,577079.0,5265529.0,94.4901,27.7159
654.0,835.0,1.0,3.0,944.0,65.0,845.0,3.0,595.0,43.0,325.0,99.0,180.0,5.0,1.586612e-05,46.43955,26117.46,4324649.0,77.0108,35.3422
676.0,371.0,1.0,5.0,978.0,13.0,201.0,29.0,149.0,73.0,646.0,34.0,675.0,2.0,0.0001096412,24.87851,2174500.0,25358040.0,82.4755,19.3624
447.0,878.0,4.0,2.0,507.0,76.0,827.0,63.0,617.0,71.0,262.0,51.0,926.0,40.0,3.752755e-05,62.0758,6930.448,8193759.0,61.2101,10.7371
731.0,899.0,1.0,1.0,904.0,91.0,821.0,25.0,737.0,18.0,570.0,78.0,968.0,74.0,2.219802e-05,62.25002,10785.12,10472090.0,60.2754,14.7204
532.0,853.0,3.0,3.0,489.0,81.0,816.0,64.0,717.0,70.0,386.0,46.0,924.0,38.0,5.721529e-05,65.14916,10785.12,16295760.0,78.4709,40.1105
739.0,694.0,4.0,1.0,377.0,32.0,892.0,94.0,926.0,33.0,556.0,50.0,829.0,45.0,0.0003459509,64.19989,26117.46,39459980.0,104.427,21.8818
490.0,822.0,1.0,1.0,380.0,33.0,526.0,41.0,531.0,59.0,311.0,18.0,967.0,87.0,7.480254e-05,22.84885,2174500.0,19841090.0,59.4779,27.5185
614.0,810.0,1.0,3.0,983.0,61.0,855.0,8.0,608.0,43.0,196.0,97.0,149.0,4.0,3.069963e-05,58.5993,16783.42,12750420.0,72.2922,48.7989
654.0,733.0,1.0,2.0,910.0,66.0,790.0,7.0,604.0,33.0,386.0,96.0,235.0,1.0,3.158611e-05,23.10387,577079.0,6729644.0,27.6471,6.37921
930.0,839.0,4.0,4.0,275.0,42.0,896.0,94.0,907.0,43.0,721.0,85.0,530.0,50.0,5.420179e-05,38.0876,63244.55,5265529.0,108.396,18.97
514.0,856.0,4.0,5.0,273.0,81.0,890.0,80.0,287.0,88.0,310.0,84.0,396.0,17.0,6.002049e-05,59.60837,16783.42,30874990.0,113.047,22.2009
640.0,809.0,1.0,3.0,900.0,63.0,862.0,7.0,604.0,34.0,387.0,96.0,235.0,4.0,2.294311e-05,61.23922,10785.12,10472090.0,64.6544,20.7709
515.0,870.0,4.0,3.0,492.0,81.0,785.0,63.0,616.0,71.0,357.0,49.0,910.0,36.0,4.269634e-05,64.29757,6930.448,10472090.0,72.1253,22.7119
379.0,811.0,1.0,1.0,441.0,18.0,987.0,24.0,872.0,69.0,211.0,88.0,605.0,20.0,5.485833e-05,58.73318,40642.28,25358040.0,57.429,19.563
693.0,874.0,1.0,1.0,911.0,96.0,819.0,27.0,708.0,18.0,509.0,83.0,986.0,81.0,3.946752e-05,66.12541,10785.12,16295760.0,61.3978,16.0929
726.0,747.0,2.0,1.0,442.0,15.0,622.0,10.0,219.0,43.0,353.0,74.0,726.0,24.0,5.447419e-05,29.4397,370846.0,8193759.0,85.6596,42.2508
654.0,737.0,1.0,1.0,900.0,66.0,762.0,10.0,610.0,38.0,381.0,87.0,321.0,4.0,5.771111e-05,38.18033,370846.0,19841090.0,44.9577,11.2895
697.0,882.0,2.0,2.0,899.0,85.0,761.0,27.0,732.0,18.0,590.0,80.0,967.0,76.0,3.340517e-05,66.20311,4453.334,8193759.0,76.6786,25.3707
698.0,821.0,1.0,2.0,901.0,88.0,761.0,28.0,733.0,18.0,592.0,69.0,928.0,75.0,9.336862e-05,66.33249,26117.46,39459980.0,71.9207,33.1936
752.0,267.0,1.0,1.0,973.0,9.0,946.0,56.0,184.0,74.0,212.0,44.0,764.0,1.0,4.964426e-05,35.66217,370846.0,19841090.0,69.3294,18.0472
721.0,961.0,1.0,3.0,273.0,68.0,506.0,73.0,919.0,16.0,562.0,45.0,127.0,47.0,2.052209e-05,56.87884,16783.42,10472090.0,64.4488,17.8803
244.0,337.0,4.0,1.0,658.0,12.0,628.0,24.0,718.0,95.0,445.0,59.0,316.0,40.0,0.0007050185,14.87264,2174500.0,10472090.0,121.954,32.0549
366.0,388.0,2.0,2.0,782.0,2.0,681.0,60.0,839.0,43.0,703.0,76.0,128.0,20.0,0.0002148412,7.678819,898000.8,1785947.0,99.5404,21.6263
930.0,439.0,4.0,4.0,725.0,42.0,446.0,94.0,457.0,43.0,721.0,85.0,980.0,99.0,3.434042e-05,9.442896,153147.4,370847.0,105.728,23.1206
572.0,853.0,1.0,2.0,484.0,41.0,496.0,50.0,576.0,59.0,400.0,82.0,998.0,84.0,8.558997e-05,64.06751,40642.28,48044980.0,62.8682,30.7741
467.0,813.0,1.0,1.0,434.0,15.0,975.0,18.0,884.0,67.0,162.0,93.0,664.0,23.0,4.896776e-05,60.91311,26117.46,19841090.0,62.7528,23.3858
395.0,885.0,3.0,2.0,509.0,87.0,858.0,63.0,618.0,70.0,280.0,48.0,882.0,38.0,3.208405e-05,62.71944,10785.12,10472090.0,53.2274,9.28447
383.0,794.0,1.0,1.0,452.0,25.0,975.0,17.0,781.0,73.0,184.0,89.0,629.0,25.0,6.493314e-05,58.14655,40642.28,25358040.0,66.1948,33.4067
237.0,572.0,8.0,2.0,635.0,80.0,639.0,7.0,729.0,94.0,756.0,61.0,316.0,65.0,0.0001184071,9.16021,370846.0,898001.8,144.503,0.0
497.0,919.0,1.0,3.0,613.0,15.0,122.0,20.0,153.0,13.0,530.0,66.0,198.0,68.0,3.861781e-05,47.17377,98416.24,16295760.0,86.6104,35.0342
610.0,838.0,4.0,4.0,225.0,22.0,273.0,94.0,187.0,40.0,317.0,80.0,228.0,36.0,0.0002508358,38.16195,370846.0,360050100.0,37.0352,14.4295
337.0,406.0,1.0,1.0,812.0,89.0,778.0,95.0,569.0,34.0,849.0,12.0,346.0,1.0,0.001453559,12.09022,19841090.0,181038800.0,-22.0027,-4.72417
423.0,901.0,1.0,2.0,964.0,30.0,522.0,35.0,491.0,47.0,305.0,85.0,993.0,84.0,2.954831e-05,60.6745,16783.42,16295760.0,62.6294,18.0506
654.0,806.0,1.0,3.0,935.0,68.0,833.0,10.0,602.0,38.0,362.0,97.0,180.0,4.0,3.217775e-05,62.24935,16783.42,16295760.0,64.3311,26.1968
201.0,346.0,4.0,2.0,236.0,14.0,626.0,12.0,709.0,3.0,387.0,82.0,324.0,38.0,0.002778029,-18.95082,-10.0,-10.0,0.0,47.2158
341.0,881.0,1.0,1.0,328.0,15.0,935.0,15.0,924.0,65.0,161.0,93.0,613.0,23.0,1.606396e-05,58.06904,10785.12,6729644.0,60.7564,17.5734
456.0,939.0,1.0,2.0,591.0,12.0,118.0,21.0,399.0,17.0,501.0,65.0,292.0,55.0,2.478029e-05,61.23553,10785.12,12750420.0,66.2797,18.3305
466.0,880.0,1.0,2.0,952.0,34.0,563.0,44.0,424.0,57.0,343.0,87.0,997.0,85.0,4.683388e-05,59.31241,40642.28,25358040.0,63.777,23.9511
503.0,800.0,7.0,2.0,805.0,14.0,762.0,57.0,540.0,62.0,692.0,86.0,963.0,4.0,8.036635e-05,5.594525,370846.0,473963.5,-51.7981,-4.82914
522.0,859.0,1.0,2.0,484.0,31.0,538.0,49.0,591.0,59.0,350.0,89.0,970.0,84.0,7.606841e-05,63.27038,40642.28,39459980.0,65.4763,33.7831
300.0,679.0,8.0,2.0,926.0,75.0,991.0,55.0,741.0,58.0,995.0,84.0,966.0,47.0,0.0003401956,40.16757,153147.4,116340400.0,46.9178,13.8336
757.0,904.0,1.0,1.0,254.0,62.0,522.0,74.0,604.0,40.0,535.0,84.0,101.0,51.0,5.934998e-05,49.55166,153147.4,30874990.0,66.1237,22.5309
297.0,805.0,4.0,1.0,681.0,67.0,168.0,10.0,160.0,92.0,505.0,86.0,349.0,62.0,6.554928e-05,13.42273,577079.0,2779135.0,98.8027,33.3821
465.0,858.0,4.0,3.0,507.0,82.0,790.0,64.0,618.0,71.0,376.0,50.0,936.0,40.0,5.463304e-05,64.42035,10785.12,12750420.0,84.0884,39.5608
488.0,864.0,1.0,2.0,963.0,32.0,521.0,45.0,524.0,59.0,662.0,78.0,994.0,84.0,5.833123e-05,41.99534,238315.2,25358040.0,58.3648,22.812
512.0,722.0,2.0,4.0,626.0,82.0,936.0,77.0,362.0,87.0,294.0,90.0,800.0,14.0,0.0002535878,22.2523,2174500.0,61404200.0,35.7078,12.4658
768.0,431.0,4.0,2.0,227.0,14.0,577.0,12.0,176.0,3.0,387.0,82.0,690.0,42.0,0.0006935477,39.75044,238315.2,19841090.0,145.825,17.4125
689.0,653.0,2.0,1.0,434.0,16.0,516.0,11.0,221.0,42.0,323.0,77.0,970.0,19.0,0.0001273214,39.01993,370846.0,25358040.0,89.0938,35.2968
484.0,891.0,1.0,3.0,597.0,11.0,113.0,33.0,475.0,15.0,529.0,66.0,190.0,69.0,0.0001126026,58.80295,40642.28,39459980.0,96.5524,24.863
684.0,806.0,1.0,6.0,536.0,12.0,201.0,64.0,179.0,74.0,647.0,38.0,798.0,14.0,0.0001282479,56.24638,98416.24,61404200.0,64.8212,24.295
707.0,634.0,1.0,1.0,795.0,90.0,743.0,21.0,716.0,44.0,171.0,36.0,905.0,24.0,0.000238659,63.82516,98416.24,116340400.0,70.2773,51.9004
530.0,727.0,4.0,1.0,598.0,83.0,295.0,22.0,415.0,64.0,754.0,83.0,804.0,24.0,0.0002332213,65.21645,26117.46,39459980.0,78.5851,28.3204
321.0,839.0,1.0,1.0,377.0,9.0,521.0,68.0,585.0,42.0,724.0,84.0,496.0,42.0,0.0001281575,41.25141,370846.0,39459980.0,52.035,15.6189
466.0,880.0,1.0,2.0,952.0,33.0,563.0,43.0,492.0,48.0,342.0,24.0,997.0,85.0,3.141876e-05,27.55403,577079.0,10472090.0,62.8706,23.1961
522.0,839.0,1.0,2.0,419.0,31.0,479.0,50.0,620.0,59.0,395.0,77.0,998.0,84.0,0.0001105292,63.78312,63244.55,61404200.0,68.7642,31.0591
379.0,794.0,1.0,1.0,452.0,30.0,978.0,18.0,872.0,78.0,184.0,90.0,604.0,25.0,6.807982e-05,58.88774,40642.28,25358040.0,64.3765,35.6386
475.0,866.0,1.0,1.0,653.0,14.0,133.0,18.0,463.0,19.0,528.0,66.0,239.0,63.0,9.67856e-05,51.34714,98416.24,30874990.0,79.0868,36.2525
506.0,899.0,3.0,3.0,447.0,3.0,801.0,60.0,618.0,73.0,320.0,48.0,335.0,37.0,2.83941e-05,39.44803,40642.28,3383770.0,87.4302,48.3946
959.0,753.0,1.0,1.0,820.0,92.0,868.0,10.0,777.0,27.0,119.0,40.0,914.0,14.0,3.39433e-05,55.39238,16783.42,10472090.0,67.5488,21.9084
259.0,810.0,1.0,1.0,372.0,16.0,943.0,19.0,882.0,74.0,148.0,93.0,597.0,30.0,6.560663e-05,58.0554,40642.28,19841090.0,67.4082,37.0059
748.0,743.0,2.0,1.0,439.0,76.0,628.0,10.0,231.0,43.0,785.0,29.0,952.0,21.0,3.630392e-05,19.3307,898000.8,6729644.0,64.3427,14.9891
305.0,958.0,1.0,3.0,384.0,67.0,536.0,63.0,609.0,11.0,723.0,44.0,159.0,42.0,1.800599e-05,58.22604,16783.42,10472090.0,64.4263,18.0283
241.0,810.0,1.0,1.0,374.0,6.0,943.0,19.0,945.0,75.0,181.0,92.0,597.0,23.0,5.595778e-05,58.69727,26117.46,19841090.0,66.5969,28.9469
699.0,840.0,2.0,2.0,922.0,99.0,823.0,34.0,537.0,51.0,465.0,67.0,901.0,43.0,4.912952e-05,54.64557,40642.28,16295760.0,72.0032,33.0559
673.0,325.0,3.0,1.0,449.0,6.0,241.0,34.0,208.0,1.0,368.0,33.0,933.0,94.0,0.001157502,30.04477,370846.0,10472090.0,104.464,26.9951
430.0,260.0,1.0,1.0,734.0,9.0,726.0,68.0,983.0,52.0,671.0,93.0,308.0,39.0,0.0007352106,19.32675,3383769.0,25358040.0,92.0337,19.8453
654.0,737.0,1.0,2.0,900.0,66.0,788.0,5.0,610.0,38.0,381.0,87.0,168.0,4.0,5.180166e-05,52.28326,63244.55,19841090.0,76.0346,49.6692
524.0,863.0,1.0,2.0,845.0,26.0,522.0,45.0,524.0,59.0,550.0,80.0,993.0,83.0,6.238592e-05,53.15859,98416.24,30874990.0,62.3294,26.1668
379.0,794.0,1.0,1.0,441.0,20.0,894.0,17.0,921.0,70.0,216.0,92.0,605.0,20.0,6.174117e-05,61.4187,26117.46,25358040.0,61.5432,26.3984
331.0,683.0,8.0,1.0,805.0,87.0,986.0,71.0,177.0,58.0,217.0,26.0,966.0,21.0,0.0003305158,47.91264,98416.24,25358040.0,102.172,35.7933
204.0,762.0,1.0,3.0,881.0,64.0,789.0,15.0,603.0,33.0,310.0,97.0,234.0,15.0,0.0001273344,58.78689,63244.55,48044980.0,100.116,29.5153
293.0,727.0,2.0,3.0,591.0,63.0,824.0,14.0,618.0,44.0,168.0,88.0,112.0,11.0,0.0001796371,49.54792,98416.24,48044980.0,133.57,37.4955
565.0,883.0,2.0,3.0,608.0,16.0,113.0,19.0,156.0,12.0,532.0,26.0,216.0,20.0,4.135345e-05,52.84127,40642.28,12750420.0,81.7602,43.5081
789.0,431.0,4.0,1.0,236.0,14.0,648.0,12.0,169.0,3.0,426.0,82.0,702.0,48.0,0.0005229802,34.18896,238315.2,10472090.0,107.685,23.4027
371.0,994.0,1.0,1.0,396.0,57.0,404.0,73.0,604.0,33.0,523.0,60.0,103.0,41.0,9.708332e-06,49.44828,26117.46,5265529.0,63.3809,15.1102
754.0,856.0,1.0,6.0,996.0,6.0,981.0,56.0,344.0,57.0,251.0,33.0,748.0,12.0,2.17626e-05,56.62293,26117.46,10472090.0,61.8158,21.0166
522.0,842.0,1.0,1.0,866.0,31.0,488.0,43.0,551.0,63.0,546.0,81.0,990.0,75.0,8.648574e-05,56.23174,98416.24,39459980.0,51.8378,15.6321
500.0,868.0,1.0,2.0,685.0,5.0,797.0,63.0,591.0,65.0,254.0,50.0,927.0,36.0,4.31724e-05,49.07987,63244.55,16295760.0,57.6935,14.7393
745.0,747.0,1.0,1.0,193.0,18.0,597.0,13.0,233.0,48.0,698.0,76.0,906.0,31.0,5.68482e-05,24.51296,1397391.0,19841090.0,64.9562,22.1576
704.0,651.0,1.0,1.0,796.0,89.0,937.0,14.0,787.0,29.0,183.0,34.0,609.0,14.0,0.0001623326,64.77858,40642.28,74763430.0,69.5674,55.7376
332.0,809.0,2.0,1.0,372.0,15.0,947.0,18.0,879.0,79.0,148.0,89.0,595.0,32.0,6.635859e-05,55.95755,26117.46,10472090.0,78.3087,51.5786
922.0,747.0,1.0,1.0,789.0,95.0,886.0,21.0,755.0,27.0,161.0,37.0,998.0,21.0,5.453394e-05,57.25324,40642.28,19841090.0,62.6088,20.9639
345.0,857.0,4.0,5.0,283.0,82.0,845.0,71.0,350.0,93.0,323.0,88.0,338.0,15.0,5.76359e-05,59.35324,16783.42,30874990.0,113.767,22.6058
334.0,839.0,1.0,1.0,336.0,64.0,400.0,63.0,606.0,42.0,726.0,85.0,104.0,44.0,0.0001828461,41.71245,898000.8,74763430.0,71.2655,25.1858
322.0,861.0,1.0,1.0,384.0,15.0,909.0,15.0,884.0,66.0,179.0,90.0,663.0,23.0,2.205061e-05,58.75605,16783.42,10472090.0,60.5753,18.0386
888.0,771.0,1.0,1.0,786.0,92.0,887.0,11.0,592.0,43.0,140.0,28.0,896.0,19.0,2.920306e-05,36.52976,238315.2,12750420.0,62.0513,18.4669
897.0,754.0,1.0,1.0,764.0,86.0,878.0,6.0,706.0,43.0,111.0,25.0,976.0,13.0,2.401755e-05,39.91276,98416.24,10472090.0,61.9638,18.3413
729.0,745.0,2.0,1.0,427.0,69.0,749.0,9.0,237.0,2.0,700.0,23.0,957.0,31.0,8.575412e-05,55.41245,40642.28,16295760.0,77.6365,24.1878
492.0,891.0,1.0,2.0,988.0,30.0,563.0,42.0,488.0,37.0,372.0,73.0,997.0,87.0,3.82936e-05,62.18246,16783.42,19841090.0,63.859,20.2726
527.0,718.0,8.0,1.0,631.0,69.0,295.0,22.0,351.0,60.0,799.0,99.0,814.0,26.0,0.0002591945,64.23159,16783.42,19841090.0,98.5784,29.3505
748.0,760.0,2.0,1.0,429.0,75.0,754.0,6.0,272.0,42.0,323.0,25.0,983.0,17.0,1.913565e-05,23.24836,370846.0,3383770.0,74.203,18.3329
366.0,953.0,4.0,9.0,919.0,24.0,492.0,59.0,341.0,66.0,345.0,59.0,819.0,46.0,1.045013e-05,59.19814,2861.474,2174501.0,71.5202,17.0611
532.0,851.0,3.0,1.0,620.0,15.0,108.0,24.0,449.0,15.0,536.0,65.0,190.0,65.0,0.0001766418,55.25887,40642.28,16295760.0,94.2421,38.2514
484.0,785.0,1.0,2.0,391.0,34.0,457.0,55.0,471.0,65.0,561.0,6.0,998.0,87.0,0.0001504541,9.170249,5265528.0,12750420.0,60.9188,39.5576
556.0,887.0,2.0,2.0,599.0,12.0,108.0,26.0,121.0,14.0,530.0,49.0,190.0,24.0,5.754297e-05,54.54985,40642.28,12750420.0,79.4486,36.5602
258.0,854.0,1.0,1.0,373.0,11.0,935.0,15.0,882.0,75.0,179.0,93.0,610.0,23.0,2.557261e-05,56.24962,16783.42,10472090.0,63.025,21.1491
887.0,778.0,1.0,1.0,813.0,91.0,909.0,21.0,629.0,26.0,116.0,35.0,904.0,25.0,5.715082e-05,62.14617,26117.46,25358040.0,61.717,18.1795
208.0,886.0,1.0,1.0,988.0,64.0,688.0,15.0,587.0,35.0,408.0,76.0,232.0,3.0,9.331853e-06,26.82893,153147.4,3383770.0,17.656,2.79533
526.0,737.0,8.0,1.0,642.0,68.0,298.0,76.0,361.0,86.0,797.0,75.0,796.0,23.0,0.0005340578,25.53401,898000.8,16295760.0,81.804,28.873
488.0,856.0,1.0,1.0,968.0,34.0,572.0,40.0,588.0,59.0,303.0,16.0,998.0,83.0,3.915482e-05,22.83313,898000.8,10472090.0,55.5569,15.3374
556.0,870.0,1.0,3.0,495.0,81.0,825.0,62.0,770.0,68.0,406.0,49.0,925.0,36.0,4.081542e-05,65.32463,26117.46,30874990.0,34.647,11.0834
695.0,775.0,2.0,1.0,199.0,13.0,587.0,13.0,210.0,45.0,323.0,87.0,960.0,16.0,5.462715e-05,59.01657,26117.46,19841090.0,65.2223,13.8236
489.0,844.0,1.0,2.0,472.0,40.0,572.0,40.0,588.0,59.0,344.0,24.0,998.0,83.0,5.222127e-05,26.25641,898000.8,16295760.0,68.3716,51.6958
886.0,770.0,1.0,1.0,795.0,90.0,869.0,22.0,752.0,27.0,130.0,34.0,993.0,19.0,5.107885e-05,61.98519,26117.46,25358040.0,51.2961,13.2111
770.0,914.0,1.0,3.0,226.0,12.0,480.0,73.0,614.0,14.0,535.0,90.0,131.0,44.0,6.833943e-05,44.28739,153147.4,19841090.0,79.7804,28.2642
836.0,679.0,2.0,5.0,836.0,17.0,294.0,34.0,153.0,4.0,688.0,89.0,563.0,88.0,0.0001600271,22.35947,370846.0,4324649.0,130.665,16.9663
538.0,717.0,6.0,1.0,632.0,78.0,833.0,21.0,352.0,89.0,318.0,94.0,336.0,16.0,0.0001236721,34.48135,238315.2,8193759.0,102.413,42.4791
665.0,900.0,1.0,1.0,903.0,90.0,822.0,27.0,708.0,18.0,543.0,83.0,969.0,81.0,2.399e-05,63.61645,6930.448,10472090.0,61.0434,15.1033
598.0,486.0,6.0,6.0,800.0,12.0,896.0,36.0,359.0,84.0,544.0,49.0,888.0,83.0,0.0001651187,7.446676,577079.0,1147697.0,-4.19787,-1.25743
528.0,931.0,1.0,5.0,927.0,80.0,889.0,73.0,287.0,87.0,332.0,90.0,368.0,16.0,1.258949e-05,59.37884,16783.42,10472090.0,25.4454,5.95829
426.0,900.0,1.0,2.0,749.0,6.0,829.0,63.0,617.0,67.0,262.0,40.0,832.0,49.0,2.608072e-05,57.14338,26117.46,12750420.0,58.2031,14.2487
522.0,863.0,1.0,2.0,484.0,31.0,521.0,51.0,576.0,59.0,395.0,83.0,994.0,84.0,7.176129e-05,63.49224,40642.28,39459980.0,61.7019,30.2199
708.0,898.0,1.0,1.0,903.0,91.0,814.0,25.0,650.0,18.0,592.0,71.0,930.0,76.0,2.311897e-05,58.21681,16783.42,10472090.0,61.6891,15.2126
387.0,970.0,1.0,1.0,396.0,60.0,343.0,69.0,604.0,40.0,546.0,52.0,105.0,40.0,1.519687e-05,49.93079,40642.28,10472090.0,58.703,13.7267
698.0,804.0,1.0,6.0,964.0,85.0,944.0,37.0,480.0,52.0,250.0,39.0,761.0,14.0,5.757864e-05,60.45046,63244.55,61404200.0,69.6602,29.3417
447.0,949.0,1.0,1.0,291.0,70.0,523.0,73.0,604.0,38.0,575.0,45.0,100.0,42.0,1.824265e-05,42.46435,98416.24,12750420.0,64.3717,17.0798
776.0,883.0,1.0,6.0,969.0,7.0,983.0,56.0,393.0,51.0,229.0,32.0,674.0,16.0,1.759182e-05,57.84432,16783.42,10472090.0,59.4754,17.8942
767.0,856.0,1.0,1.0,365.0,33.0,464.0,68.0,668.0,13.0,536.0,50.0,157.0,44.0,0.0001659154,60.27115,63244.55,61404200.0,69.2117,27.8483
653.0,809.0,1.0,3.0,936.0,60.0,847.0,14.0,561.0,37.0,293.0,96.0,180.0,5.0,4.109255e-05,57.05072,40642.28,19841090.0,68.1648,37.5438
355.0,876.0,6.0,1.0,252.0,68.0,814.0,72.0,358.0,60.0,323.0,95.0,831.0,23.0,3.811968e-05,22.30042,238315.2,2779135.0,0.0,0.0
597.0,852.0,1.0,8.0,739.0,77.0,664.0,55.0,603.0,71.0,713.0,60.0,100.0,71.0,5.882367e-05,17.59409,898000.8,6729644.0,23.2527,11.2473
429.0,818.0,1.0,2.0,887.0,39.0,524.0,43.0,498.0,61.0,301.0,23.0,952.0,86.0,8.832948e-05,25.51235,1397391.0,25358040.0,81.0459,49.2711
528.0,844.0,3.0,1.0,612.0,77.0,885.0,72.0,444.0,66.0,342.0,83.0,353.0,21.0,7.747487e-05,62.15735,16783.42,19841090.0,63.1511,13.2435
652.0,752.0,1.0,3.0,933.0,61.0,631.0,7.0,540.0,45.0,359.0,88.0,198.0,5.0,5.815824e-05,56.32817,40642.28,25358040.0,80.39,41.3036
545.0,900.0,1.0,2.0,613.0,14.0,162.0,31.0,459.0,17.0,529.0,66.0,240.0,59.0,6.593111e-05,60.61272,26117.46,25358040.0,77.4154,33.8006
647.0,735.0,1.0,2.0,900.0,62.0,653.0,15.0,610.0,44.0,457.0,87.0,217.0,12.0,0.0001291893,45.09845,370846.0,48044980.0,84.9577,33.763
492.0,917.0,1.0,2.0,618.0,18.0,165.0,23.0,191.0,19.0,535.0,68.0,211.0,24.0,2.640109e-05,57.96536,26117.46,16295760.0,57.663,14.9721
371.0,970.0,1.0,1.0,396.0,58.0,401.0,60.0,604.0,33.0,546.0,60.0,103.0,41.0,1.459824e-05,49.28705,40642.28,8193759.0,65.6049,16.4326
635.0,859.0,2.0,1.0,921.0,98.0,784.0,33.0,537.0,51.0,465.0,82.0,919.0,47.0,3.917351e-05,59.90458,16783.42,12750420.0,60.3975,13.112
696.0,746.0,2.0,1.0,207.0,73.0,615.0,11.0,218.0,41.0,767.0,26.0,925.0,30.0,4.065343e-05,14.92423,898000.8,5265529.0,70.4567,19.5759
469.0,797.0,1.0,1.0,476.0,8.0,982.0,26.0,874.0,76.0,184.0,90.0,605.0,24.0,7.505594e-05,60.05705,26117.46,25358040.0,66.4653,30.7815
306.0,478.0,4.0,1.0,803.0,12.0,768.0,94.0,593.0,40.0,849.0,12.0,357.0,2.0,0.0005593397,38.61341,370846.0,25358040.0,58.2968,10.1088
770.0,916.0,1.0,4.0,371.0,68.0,507.0,72.0,843.0,11.0,557.0,50.0,127.0,48.0,6.626142e-05,60.3626,26117.46,30874990.0,83.674,28.4832
521.0,827.0,5.0,5.0,288.0,83.0,317.0,23.0,397.0,90.0,824.0,83.0,807.0,16.0,6.020176e-05,64.43517,10785.12,19841090.0,99.9453,23.1245
453.0,909.0,1.0,2.0,782.0,5.0,802.0,58.0,586.0,65.0,285.0,49.0,259.0,36.0,2.581918e-05,47.31747,63244.55,10472090.0,73.2421,25.7062
492.0,809.0,1.0,2.0,824.0,66.0,426.0,59.0,546.0,62.0,319.0,21.0,635.0,91.0,0.0001566918,25.14123,2174500.0,39459980.0,82.3537,42.0123
526.0,880.0,5.0,2.0,589.0,83.0,949.0,73.0,414.0,93.0,819.0,89.0,807.0,22.0,3.074891e-05,63.49393,4453.334,8193759.0,29.7166,3.47347
753.0,694.0,2.0,1.0,307.0,32.0,380.0,63.0,595.0,30.0,504.0,48.0,835.0,44.0,0.0003730693,63.27295,63244.55,116340400.0,94.3846,22.1078
885.0,770.0,1.0,1.0,764.0,85.0,801.0,21.0,589.0,42.0,166.0,37.0,908.0,17.0,4.791739e-05,60.17294,40642.28,25358040.0,50.686,12.8681
492.0,912.0,2.0,3.0,603.0,9.0,156.0,26.0,164.0,20.0,562.0,60.0,321.0,60.0,3.485685e-05,41.84395,63244.55,8193759.0,88.9025,38.9102
592.0,939.0,1.0,3.0,591.0,8.0,118.0,23.0,172.0,23.0,543.0,50.0,209.0,27.0,1.60682e-05,50.94193,40642.28,10472090.0,61.1296,15.8369
707.0,634.0,1.0,1.0,743.0,96.0,827.0,21.0,727.0,46.0,167.0,35.0,908.0,16.0,0.0001920971,63.47346,98416.24,95551890.0,58.4036,51.6744
354.0,885.0,3.0,1.0,715.0,87.0,824.0,63.0,579.0,40.0,249.0,48.0,990.0,32.0,3.031304e-05,28.30414,238315.2,4324649.0,26.8016,3.22638
767.0,918.0,1.0,1.0,381.0,9.0,506.0,68.0,925.0,13.0,557.0,47.0,165.0,40.0,4.604436e-05,50.29704,63244.55,16295760.0,62.4718,14.8695
653.0,809.0,1.0,3.0,946.0,61.0,845.0,14.0,579.0,43.0,343.0,96.0,180.0,5.0,3.952712e-05,61.92972,16783.42,19841090.0,66.0847,33.5081
453.0,907.0,1.0,2.0,782.0,4.0,802.0,64.0,586.0,54.0,369.0,48.0,219.0,37.0,2.83433e-05,40.09279,98416.24,8193759.0,76.6096,29.7283
615.0,696.0,1.0,3.0,989.0,64.0,836.0,7.0,540.0,36.0,342.0,87.0,234.0,2.0,5.73811e-05,40.36902,238315.2,25358040.0,67.5688,32.9467
493.0,873.0,1.0,3.0,603.0,13.0,101.0,27.0,461.0,20.0,542.0,64.0,318.0,68.0,0.0001131815,60.52061,40642.28,48044980.0,94.3575,25.4538
709.0,832.0,1.0,1.0,899.0,94.0,817.0,25.0,735.0,12.0,592.0,83.0,970.0,77.0,7.783817e-05,43.52339,153147.4,19841090.0,63.5728,20.038
489.0,861.0,1.0,1.0,458.0,15.0,935.0,23.0,834.0,59.0,238.0,88.0,605.0,25.0,2.822477e-05,61.26314,16783.42,12750420.0,58.7689,16.2684
538.0,715.0,4.0,1.0,647.0,82.0,889.0,26.0,375.0,88.0,282.0,82.0,778.0,13.0,0.0001259336,62.16731,26117.46,25358040.0,75.6757,24.8254
461.0,892.0,1.0,2.0,964.0,30.0,521.0,40.0,472.0,48.0,311.0,85.0,929.0,85.0,3.883338e-05,60.96309,26117.46,19841090.0,64.6355,21.5144
709.0,768.0,2.0,3.0,909.0,67.0,642.0,23.0,602.0,31.0,181.0,88.0,115.0,5.0,0.0001243262,31.14126,577079.0,16295760.0,110.517,33.8551
714.0,959.0,1.0,1.0,371.0,71.0,523.0,75.0,588.0,14.0,525.0,47.0,129.0,43.0,2.02673e-05,57.10556,16783.42,10472090.0,57.8277,12.6541
755.0,235.0,1.0,5.0,978.0,11.0,980.0,63.0,172.0,58.0,187.0,32.0,693.0,17.0,5.773849e-05,10.25014,2174500.0,5265529.0,133.047,10.2491
715.0,684.0,6.0,1.0,214.0,82.0,611.0,23.0,251.0,43.0,294.0,74.0,921.0,22.0,0.000204488,59.87263,26117.46,30874990.0,104.352,30.2723
726.0,745.0,1.0,1.0,197.0,76.0,612.0,9.0,192.0,36.0,340.0,30.0,918.0,24.0,4.100717e-05,23.44891,1397391.0,16295760.0,66.1499,21.3404
491.0,815.0,1.0,2.0,370.0,29.0,472.0,43.0,585.0,59.0,554.0,12.0,991.0,84.0,8.247324e-05,16.37315,2174500.0,12750420.0,63.4065,44.333
654.0,806.0,1.0,3.0,971.0,68.0,833.0,8.0,602.0,38.0,335.0,97.0,180.0,4.0,2.890583e-05,59.80536,16783.42,12750420.0,67.6711,29.4669
531.0,903.0,1.0,3.0,626.0,16.0,112.0,19.0,283.0,19.0,537.0,65.0,219.0,24.0,3.642715e-05,58.94914,26117.46,19841090.0,65.733,25.7577
851.0,770.0,2.0,1.0,834.0,99.0,823.0,46.0,380.0,50.0,540.0,63.0,654.0,87.0,7.480521e-05,21.39676,898000.8,6729644.0,88.8619,38.1713
216.0,886.0,1.0,1.0,932.0,65.0,631.0,15.0,601.0,44.0,191.0,98.0,194.0,15.0,2.344078e-05,56.83716,16783.42,10472090.0,66.2923,16.9572
274.0,928.0,1.0,1.0,926.0,63.0,629.0,14.0,535.0,43.0,184.0,89.0,194.0,19.0,1.098031e-05,50.91584,16783.42,4324649.0,69.9574,18.8089
202.0,610.0,4.0,1.0,637.0,6.0,666.0,10.0,197.0,48.0,335.0,64.0,689.0,47.0,0.0001528993,14.95196,898000.8,3383770.0,100.832,33.6981
709.0,821.0,1.0,2.0,899.0,88.0,728.0,28.0,732.0,21.0,600.0,86.0,929.0,76.0,9.649801e-05,67.08736,26117.46,39459980.0,70.647,30.7298
377.0,524.0,5.0,8.0,921.0,11.0,320.0,76.0,879.0,87.0,967.0,83.0,214.0,94.0,0.0005656269,4.777625,1397391.0,1397392.0,39.1784,9.25174
573.0,866.0,1.0,2.0,484.0,31.0,455.0,50.0,576.0,59.0,395.0,84.0,998.0,84.0,7.116376e-05,63.77413,40642.28,39459980.0,59.3917,27.8805
320.0,888.0,1.0,1.0,383.0,16.0,975.0,18.0,884.0,75.0,200.0,89.0,605.0,19.0,1.308546e-05,58.66378,10785.12,6729644.0,53.9185,13.7992
378.0,838.0,1.0,1.0,418.0,15.0,992.0,13.0,879.0,67.0,169.0,92.0,609.0,21.0,2.938542e-05,57.15921,16783.42,10472090.0,64.7776,22.5947
717.0,710.0,1.0,1.0,775.0,89.0,860.0,13.0,790.0,43.0,163.0,26.0,855.0,26.0,8.599294e-05,39.30091,577079.0,30874990.0,66.4744,59.2801
543.0,913.0,1.0,3.0,624.0,12.0,112.0,21.0,156.0,13.0,530.0,54.0,216.0,24.0,3.087676e-05,57.17879,26117.46,16295760.0,64.4918,22.0725
791.0,699.0,1.0,1.0,278.0,10.0,454.0,75.0,876.0,14.0,560.0,46.0,801.0,40.0,0.0002273219,63.97825,40642.28,61404200.0,74.0856,24.6706
535.0,731.0,3.0,1.0,598.0,78.0,889.0,22.0,358.0,93.0,321.0,90.0,879.0,9.0,8.31271e-05,50.64688,98416.24,25358040.0,46.6872,7.98781
393.0,895.0,3.0,3.0,738.0,86.0,813.0,64.0,601.0,71.0,287.0,54.0,920.0,31.0,2.557992e-05,43.44978,63244.55,6729644.0,44.747,7.32397
895.0,744.0,1.0,1.0,788.0,88.0,932.0,9.0,633.0,41.0,143.0,33.0,983.0,22.0,3.22287e-05,35.47548,238315.2,10472090.0,68.7261,30.2162
857.0,714.0,1.0,1.0,795.0,91.0,825.0,17.0,717.0,48.0,167.0,45.0,543.0,26.0,8.0655e-05,35.62202,370846.0,19841090.0,72.493,62.3336
693.0,760.0,1.0,1.0,188.0,16.0,612.0,11.0,185.0,31.0,378.0,89.0,919.0,19.0,6.456634e-05,58.03569,63244.55,30874990.0,63.3066,18.242
439.0,885.0,3.0,2.0,508.0,84.0,815.0,63.0,589.0,63.0,347.0,47.0,943.0,38.0,3.21388e-05,63.73376,6930.448,10472090.0,48.5144,7.95485
465.0,862.0,3.0,4.0,599.0,15.0,113.0,33.0,464.0,17.0,541.0,25.0,172.0,25.0,0.0001117526,56.91417,26117.46,30874990.0,128.334,27.1787
654.0,766.0,1.0,3.0,882.0,98.0,871.0,33.0,605.0,17.0,529.0,72.0,953.0,78.0,0.0001970869,66.80194,40642.28,181038800.0,65.8607,15.8986
944.0,224.0,5.0,7.0,689.0,53.0,932.0,84.0,871.0,11.0,208.0,93.0,640.0,82.0,0.0003149278,28.49136,63244.55,1397392.0,123.791,28.22
303.0,739.0,2.0,2.0,913.0,63.0,834.0,15.0,594.0,39.0,179.0,88.0,113.0,9.0,0.000161837,55.44601,40642.28,25358040.0,109.424,42.0582
663.0,870.0,1.0,1.0,900.0,91.0,861.0,27.0,708.0,6.0,519.0,83.0,971.0,69.0,3.872259e-05,23.971,238315.2,3383770.0,61.8699,16.1016
725.0,796.0,1.0,1.0,193.0,14.0,660.0,8.0,152.0,42.0,350.0,71.0,814.0,24.0,2.558364e-05,25.68839,577079.0,8193759.0,73.5181,21.2045
696.0,747.0,1.0,1.0,193.0,16.0,597.0,1.0,132.0,43.0,712.0,75.0,944.0,24.0,7.643413e-06,10.81237,370846.0,898001.8,83.0712,32.7697
650.0,900.0,1.0,1.0,905.0,90.0,867.0,26.0,706.0,17.0,544.0,83.0,969.0,85.0,2.413202e-05,61.59831,10785.12,10472090.0,63.5889,16.1037
755.0,692.0,1.0,1.0,363.0,7.0,506.0,69.0,944.0,12.0,557.0,50.0,819.0,41.0,0.0002349852,60.38706,63244.55,48044980.0,78.168,26.522
707.0,634.0,2.0,1.0,796.0,91.0,743.0,21.0,716.0,42.0,167.0,36.0,905.0,24.0,0.0002410378,64.59087,40642.28,61404200.0,90.2501,52.3397
833.0,741.0,2.0,4.0,840.0,99.0,846.0,36.0,176.0,10.0,541.0,70.0,658.0,87.0,0.0001550741,28.673,577079.0,19841090.0,38.4849,11.0157
387.0,861.0,4.0,1.0,737.0,85.0,837.0,64.0,599.0,78.0,316.0,54.0,857.0,38.0,5.113818e-05,63.665,10785.12,12750420.0,53.2166,8.23003
782.0,912.0,1.0,1.0,366.0,60.0,391.0,68.0,608.0,12.0,535.0,52.0,103.0,37.0,7.035278e-05,57.4739,40642.28,30874990.0,60.0888,15.2495
589.0,836.0,1.0,2.0,493.0,41.0,468.0,45.0,624.0,43.0,391.0,83.0,975.0,80.0,0.0001107184,43.336,370846.0,48044980.0,70.039,29.8499
515.0,899.0,3.0,2.0,500.0,73.0,827.0,61.0,444.0,65.0,257.0,48.0,291.0,38.0,2.967584e-05,40.25067,63244.55,6729644.0,80.8696,34.5607
604.0,774.0,1.0,2.0,926.0,77.0,800.0,11.0,591.0,43.0,205.0,97.0,155.0,5.0,6.455922e-05,60.53957,26117.46,25358040.0,72.4727,46.2988
706.0,634.0,2.0,1.0,797.0,91.0,724.0,21.0,716.0,44.0,167.0,35.0,904.0,24.0,0.000241743,63.98687,40642.28,61404200.0,89.9892,52.4075
393.0,854.0,4.0,3.0,509.0,88.0,814.0,64.0,600.0,71.0,281.0,49.0,920.0,38.0,5.795413e-05,62.42456,10785.12,12750420.0,87.1557,40.6363
801.0,707.0,7.0,4.0,737.0,13.0,201.0,44.0,852.0,64.0,635.0,46.0,355.0,27.0,5.84422e-05,19.98105,153147.4,1147697.0,127.717,14.5028
785.0,798.0,2.0,1.0,583.0,85.0,985.0,16.0,882.0,81.0,397.0,93.0,610.0,32.0,5.2057e-05,38.89895,153147.4,8193759.0,74.0602,47.975
680.0,829.0,1.0,6.0,959.0,89.0,945.0,50.0,312.0,57.0,250.0,30.0,797.0,10.0,4.530583e-05,53.73532,98416.24,30874990.0,40.7812,26.8798
701.0,951.0,1.0,4.0,206.0,14.0,470.0,72.0,622.0,39.0,529.0,65.0,102.0,53.0,2.229216e-05,46.85248,63244.55,10472090.0,80.1913,34.1687
502.0,869.0,4.0,3.0,495.0,81.0,798.0,64.0,721.0,71.0,368.0,49.0,925.0,38.0,4.432622e-05,64.6582,6930.448,10472090.0,73.8691,30.5815
864.0,940.0,9.0,6.0,869.0,53.0,662.0,94.0,159.0,70.0,201.0,57.0,820.0,82.0,1.674276e-05,49.59392,6930.448,1397392.0,89.4002,43.1569
574.0,717.0,1.0,5.0,266.0,86.0,295.0,22.0,276.0,99.0,747.0,96.0,799.0,16.0,0.000227244,60.68406,238315.2,181038800.0,16.8004,8.53375
778.0,874.0,1.0,6.0,928.0,87.0,982.0,49.0,393.0,54.0,256.0,29.0,725.0,15.0,2.23674e-05,62.17671,16783.42,16295760.0,36.9509,12.7671
499.0,338.0,8.0,1.0,640.0,74.0,302.0,22.0,376.0,71.0,754.0,74.0,790.0,26.0,0.001008514,31.759,898000.8,181038800.0,32.3984,12.1228
709.0,835.0,1.0,2.0,900.0,91.0,752.0,28.0,714.0,17.0,592.0,82.0,928.0,77.0,7.965863e-05,66.25898,16783.42,30874990.0,69.7374,30.8402
652.0,752.0,1.0,3.0,933.0,61.0,630.0,11.0,540.0,45.0,359.0,96.0,198.0,5.0,7.7012e-05,62.22397,40642.28,39459980.0,78.0433,32.4784
734.0,679.0,7.0,1.0,984.0,14.0,938.0,66.0,156.0,73.0,696.0,39.0,940.0,17.0,5.95001e-05,14.66821,370846.0,1397392.0,87.4286,40.4264
634.0,799.0,2.0,1.0,882.0,87.0,818.0,28.0,710.0,18.0,527.0,88.0,888.0,81.0,0.0001397485,66.89849,10785.12,25358040.0,83.4068,43.9789
697.0,747.0,1.0,1.0,197.0,76.0,612.0,9.0,194.0,36.0,353.0,90.0,926.0,21.0,6.586829e-05,42.7448,370846.0,39459980.0,63.9715,19.7226
425.0,794.0,1.0,1.0,482.0,28.0,983.0,26.0,877.0,73.0,182.0,91.0,604.0,23.0,7.727172e-05,59.97429,40642.28,30874990.0,59.6007,27.323
754.0,947.0,1.0,4.0,326.0,68.0,401.0,61.0,573.0,42.0,723.0,63.0,132.0,39.0,1.864893e-05,50.10691,63244.55,12750420.0,61.1903,20.8474
540.0,925.0,1.0,3.0,591.0,11.0,122.0,20.0,156.0,12.0,543.0,50.0,217.0,27.0,2.317336e-05,57.17076,26117.46,12750420.0,65.4471,19.9852
709.0,836.0,1.0,2.0,900.0,92.0,821.0,28.0,734.0,25.0,590.0,82.0,937.0,76.0,7.079236e-05,61.28729,26117.46,30874990.0,68.3525,35.5854
703.0,821.0,2.0,1.0,900.0,94.0,804.0,28.0,725.0,18.0,520.0,82.0,927.0,77.0,9.677968e-05,66.29457,10785.12,19841090.0,78.5327,37.8307
275.0,808.0,1.0,5.0,899.0,82.0,890.0,73.0,263.0,94.0,325.0,89.0,400.0,16.0,0.0001170987,59.42058,98416.24,148689600.0,47.7497,14.5325
583.0,840.0,1.0,2.0,484.0,31.0,479.0,49.0,623.0,59.0,398.0,23.0,993.0,84.0,7.342098e-05,27.86062,1397391.0,25358040.0,66.1712,47.5544
701.0,835.0,2.0,1.0,923.0,83.0,904.0,28.0,711.0,16.0,524.0,82.0,987.0,82.0,7.620581e-05,67.03975,6930.448,12750420.0,78.5026,29.143
654.0,737.0,1.0,2.0,941.0,64.0,788.0,10.0,530.0,37.0,425.0,87.0,218.0,3.0,5.947457e-05,57.46369,63244.55,30874990.0,57.4175,21.8108
547.0,917.0,2.0,3.0,603.0,7.0,103.0,21.0,132.0,19.0,520.0,65.0,315.0,23.0,2.451299e-05,45.18327,40642.28,6729644.0,67.2676,15.4447
245.0,860.0,5.0,3.0,587.0,83.0,880.0,73.0,414.0,84.0,819.0,90.0,807.0,22.0,4.864533e-05,63.40887,6930.448,10472090.0,58.0654,12.2802
368.0,853.0,4.0,5.0,956.0,83.0,318.0,16.0,412.0,99.0,753.0,96.0,801.0,16.0,3.073677e-05,60.18604,10785.12,6729644.0,74.2,28.0695
726.0,432.0,3.0,1.0,148.0,13.0,567.0,12.0,195.0,10.0,279.0,83.0,940.0,48.0,0.0005508193,36.46076,577079.0,30874990.0,123.535,18.1123
753.0,694.0,4.0,1.0,263.0,30.0,862.0,63.0,880.0,32.0,536.0,50.0,834.0,44.0,0.000300608,63.51377,26117.46,39459980.0,104.112,24.0104
619.0,872.0,1.0,2.0,910.0,25.0,455.0,49.0,625.0,59.0,400.0,81.0,993.0,84.0,6.194147e-05,63.5739,26117.46,30874990.0,60.8825,26.3362
223.0,513.0,8.0,8.0,865.0,47.0,297.0,43.0,161.0,76.0,685.0,54.0,459.0,19.0,0.001360127,21.89711,1397391.0,438383300.0,13.3097,10.1498
378.0,862.0,1.0,1.0,394.0,15.0,937.0,13.0,879.0,61.0,167.0,92.0,609.0,21.0,2.032341e-05,58.11348,10785.12,8193759.0,63.2836,19.1642
708.0,859.0,2.0,1.0,969.0,81.0,823.0,28.0,648.0,17.0,525.0,84.0,974.0,82.0,5.271143e-05,66.26794,6930.448,10472090.0,75.9568,21.8075
685.0,828.0,1.0,6.0,990.0,91.0,956.0,38.0,393.0,53.0,251.0,32.0,759.0,15.0,4.158412e-05,62.45991,40642.28,39459980.0,63.2296,32.7688
264.0,857.0,1.0,1.0,337.0,20.0,935.0,15.0,924.0,73.0,180.0,93.0,611.0,23.0,2.441661e-05,57.01421,16783.42,10472090.0,60.6356,21.0343
493.0,913.0,2.0,3.0,579.0,13.0,101.0,27.0,459.0,20.0,542.0,65.0,318.0,68.0,5.347775e-05,61.50817,10785.12,12750420.0,89.9626,35.1861
657.0,649.0,1.0,3.0,900.0,67.0,788.0,9.0,543.0,38.0,386.0,97.0,235.0,4.0,0.0001280224,63.10514,40642.28,74763430.0,87.1162,22.7673
833.0,674.0,1.0,1.0,909.0,94.0,835.0,13.0,725.0,26.0,101.0,34.0,905.0,16.0,0.0001012895,61.8351,40642.28,39459980.0,65.392,59.3007
435.0,844.0,1.0,2.0,472.0,41.0,572.0,39.0,630.0,59.0,351.0,92.0,999.0,84.0,8.455451e-05,62.83201,40642.28,48044980.0,69.9893,36.7187
573.0,866.0,1.0,2.0,484.0,32.0,494.0,50.0,569.0,59.0,398.0,84.0,998.0,84.0,6.831198e-05,63.67769,40642.28,39459980.0,60.0322,28.0636
331.0,423.0,1.0,1.0,544.0,14.0,969.0,29.0,108.0,57.0,647.0,27.0,837.0,13.0,0.000370293,13.91403,12750420.0,39459980.0,81.4682,30.0552
474.0,911.0,1.0,1.0,569.0,4.0,809.0,53.0,590.0,71.0,332.0,50.0,310.0,34.0,2.117453e-05,44.33588,63244.55,8193759.0,65.508,16.5579
528.0,902.0,4.0,1.0,612.0,83.0,317.0,22.0,394.0,58.0,831.0,79.0,835.0,20.0,1.589225e-05,64.81099,2861.474,5265529.0,15.2712,1.64019
696.0,810.0,2.0,1.0,208.0,12.0,611.0,12.0,232.0,40.0,327.0,86.0,989.0,16.0,3.266839e-05,59.06186,16783.42,10472090.0,62.0794,11.541
333.0,798.0,1.0,2.0,367.0,61.0,929.0,87.0,928.0,93.0,873.0,8.0,698.0,11.0,0.0001095344,26.64012,2174500.0,61404200.0,-28.0736,-5.55758
379.0,794.0,1.0,1.0,443.0,28.0,963.0,26.0,879.0,73.0,167.0,89.0,573.0,26.0,8.583949e-05,61.12986,40642.28,30874990.0,63.0741,38.8482
531.0,900.0,1.0,1.0,494.0,15.0,133.0,31.0,459.0,19.0,529.0,66.0,240.0,59.0,6.97291e-05,60.7932,40642.28,30874990.0,66.3676,19.1245
380.0,845.0,1.0,1.0,441.0,14.0,908.0,15.0,884.0,68.0,171.0,93.0,663.0,23.0,2.883906e-05,59.57952,16783.42,12750420.0,61.8801,19.9327
848.0,840.0,2.0,2.0,882.0,99.0,823.0,30.0,537.0,52.0,465.0,69.0,944.0,47.0,4.106565e-05,42.70323,98416.24,10472090.0,74.4395,37.1449
283.0,845.0,7.0,1.0,239.0,69.0,173.0,72.0,235.0,58.0,272.0,92.0,338.0,84.0,0.0003066611,55.91278,63244.55,48044980.0,129.752,23.0589
493.0,913.0,2.0,3.0,603.0,13.0,100.0,28.0,424.0,20.0,542.0,65.0,318.0,68.0,5.422922e-05,61.27777,10785.12,12750420.0,90.1124,34.7881
217.0,872.0,1.0,1.0,889.0,67.0,629.0,14.0,632.0,42.0,184.0,89.0,108.0,19.0,4.089373e-05,49.80956,40642.28,10472090.0,77.7518,53.1565
489.0,911.0,4.0,1.0,568.0,5.0,809.0,65.0,590.0,71.0,359.0,50.0,310.0,28.0,2.257806e-05,52.04658,10785.12,3383770.0,73.7982,14.4277
538.0,736.0,6.0,1.0,642.0,70.0,323.0,27.0,362.0,57.0,309.0,96.0,805.0,13.0,0.0002025367,16.83194,898000.8,5265529.0,63.1639,12.9688
739.0,711.0,1.0,1.0,339.0,32.0,892.0,92.0,927.0,33.0,556.0,51.0,849.0,50.0,0.0003315939,61.87089,153147.4,148689600.0,59.159,18.1774
714.0,892.0,2.0,1.0,877.0,78.0,798.0,26.0,528.0,51.0,486.0,83.0,957.0,47.0,1.846632e-05,54.68273,10785.12,5265529.0,62.9951,12.6169
527.0,739.0,4.0,1.0,597.0,68.0,295.0,24.0,415.0,64.0,754.0,83.0,805.0,23.0,0.0002180804,64.25174,26117.46,39459980.0,73.0705,26.8334
475.0,886.0,3.0,3.0,598.0,13.0,123.0,33.0,458.0,13.0,529.0,25.0,174.0,28.0,7.536153e-05,58.45602,16783.42,12750420.0,97.962,37.6629
491.0,839.0,1.0,2.0,463.0,41.0,494.0,45.0,625.0,59.0,399.0,83.0,962.0,80.0,0.0001030801,64.05423,40642.28,61404200.0,67.6148,31.7818
396.0,866.0,3.0,3.0,497.0,9.0,856.0,64.0,431.0,71.0,280.0,50.0,941.0,38.0,4.410995e-05,59.43793,10785.12,8193759.0,81.1791,39.8652
727.0,978.0,1.0,2.0,298.0,59.0,385.0,59.0,604.0,14.0,548.0,79.0,166.0,58.0,1.529252e-05,60.29897,6930.448,6729644.0,61.5336,14.3055
820.0,792.0,1.0,1.0,576.0,85.0,334.0,20.0,868.0,84.0,398.0,95.0,398.0,37.0,0.0001148755,41.25202,370846.0,39459980.0,58.4277,49.0062
858.0,678.0,2.0,1.0,840.0,94.0,829.0,21.0,723.0,42.0,102.0,34.0,903.0,26.0,0.0001128277,44.53808,153147.4,19841090.0,82.4415,62.8739
654.0,800.0,1.0,2.0,853.0,66.0,788.0,10.0,605.0,42.0,381.0,84.0,293.0,4.0,2.84438e-05,54.76335,40642.28,16295760.0,47.2295,12.0465
459.0,901.0,1.0,2.0,909.0,26.0,570.0,36.0,492.0,57.0,230.0,80.0,998.0,94.0,3.02822e-05,57.8317,26117.46,12750420.0,66.623,21.3857
515.0,872.0,3.0,3.0,503.0,79.0,793.0,64.0,717.0,66.0,348.0,47.0,915.0,38.0,4.236656e-05,64.14159,10785.12,12750420.0,67.2133,22.6512
544.0,885.0,3.0,2.0,635.0,13.0,113.0,23.0,149.0,14.0,529.0,26.0,190.0,20.0,4.511137e-05,50.20682,40642.28,8193759.0,78.7193,24.3759
332.0,787.0,1.0,1.0,329.0,23.0,977.0,26.0,815.0,81.0,162.0,92.0,578.0,29.0,9.730422e-05,59.67454,63244.55,39459980.0,66.4479,46.3804
368.0,782.0,1.0,1.0,404.0,13.0,976.0,18.0,882.0,70.0,168.0,92.0,548.0,22.0,7.926523e-05,59.78514,40642.28,25358040.0,68.5576,44.5627
538.0,736.0,8.0,1.0,638.0,70.0,320.0,75.0,362.0,85.0,300.0,95.0,825.0,22.0,0.0005016525,13.31475,1397391.0,6729644.0,97.009,28.0322
673.0,551.0,9.0,2.0,451.0,79.0,180.0,6.0,438.0,1.0,700.0,29.0,908.0,85.0,0.0009922626,23.53166,577079.0,6729644.0,31.5758,12.7667
763.0,685.0,1.0,3.0,989.0,70.0,824.0,13.0,519.0,36.0,385.0,87.0,272.0,4.0,9.442105e-05,63.38702,40642.28,61404200.0,78.2594,26.9684
771.0,955.0,1.0,3.0,288.0,67.0,527.0,78.0,592.0,8.0,678.0,43.0,127.0,42.0,2.50031e-05,59.1694,16783.42,12750420.0,63.3301,17.2867
682.0,851.0,1.0,6.0,918.0,10.0,957.0,38.0,392.0,58.0,248.0,33.0,799.0,17.0,2.834926e-05,57.74913,26117.46,16295760.0,70.4791,39.4763
216.0,881.0,1.0,1.0,908.0,66.0,625.0,26.0,614.0,44.0,206.0,87.0,194.0,16.0,3.413861e-05,59.02183,26117.46,16295760.0,58.6418,14.9381
747.0,746.0,1.0,1.0,200.0,15.0,515.0,8.0,239.0,42.0,324.0,69.0,730.0,22.0,5.461431e-05,30.30728,898000.8,19841090.0,75.8534,30.7089
508.0,739.0,3.0,1.0,598.0,82.0,295.0,24.0,415.0,64.0,745.0,83.0,803.0,16.0,0.0002009719,32.80905,898000.8,30874990.0,44.9103,10.5355
717.0,853.0,1.0,1.0,900.0,89.0,712.0,27.0,734.0,18.0,590.0,77.0,971.0,76.0,5.706519e-05,67.34156,10785.12,25358040.0,58.2372,16.5595
493.0,913.0,2.0,3.0,603.0,13.0,113.0,27.0,461.0,20.0,562.0,60.0,321.0,63.0,4.814373e-05,61.52283,10785.12,10472090.0,88.0765,36.6746
701.0,856.0,2.0,2.0,882.0,83.0,823.0,25.0,712.0,18.0,468.0,77.0,971.0,82.0,5.323247e-05,64.56944,6930.448,10472090.0,84.171,49.0623
754.0,856.0,1.0,6.0,519.0,76.0,992.0,64.0,173.0,57.0,193.0,34.0,828.0,18.0,3.785158e-05,59.71367,40642.28,30874990.0,53.0421,29.5673
790.0,559.0,4.0,1.0,236.0,14.0,662.0,12.0,199.0,1.0,760.0,82.0,945.0,25.0,0.0002701852,19.00574,370846.0,3383770.0,98.6327,34.6118
368.0,810.0,1.0,1.0,372.0,15.0,943.0,19.0,882.0,70.0,148.0,93.0,597.0,23.0,5.640403e-05,59.81841,26117.46,19841090.0,63.4197,25.9732
734.0,310.0,1.0,1.0,941.0,14.0,973.0,65.0,178.0,70.0,646.0,40.0,796.0,3.0,7.368741e-05,23.25487,1397391.0,19841090.0,70.1478,23.1713
627.0,859.0,2.0,1.0,919.0,95.0,871.0,28.0,537.0,52.0,465.0,69.0,944.0,47.0,3.221249e-05,47.98939,40642.28,10472090.0,64.6194,14.4856
635.0,860.0,2.0,1.0,921.0,84.0,795.0,33.0,704.0,55.0,465.0,82.0,927.0,47.0,3.853333e-05,61.65965,10785.12,12750420.0,59.8667,13.1964
732.0,880.0,1.0,2.0,900.0,89.0,760.0,28.0,734.0,15.0,591.0,82.0,944.0,68.0,3.365007e-05,43.11856,98416.24,10472090.0,60.8696,18.2284
701.0,861.0,1.0,1.0,895.0,80.0,867.0,31.0,707.0,17.0,545.0,78.0,927.0,82.0,5.325535e-05,66.19805,10785.12,19841090.0,62.9036,18.0845
721.0,742.0,2.0,1.0,400.0,72.0,490.0,9.0,230.0,3.0,776.0,31.0,956.0,32.0,0.0001065595,64.53246,16783.42,25358040.0,74.8774,24.4973
444.0,817.0,2.0,3.0,743.0,89.0,801.0,64.0,613.0,37.0,853.0,62.0,969.0,37.0,0.0001014667,40.8904,370846.0,30874990.0,72.3217,22.7118
331.0,693.0,3.0,1.0,922.0,35.0,292.0,9.0,955.0,44.0,748.0,66.0,992.0,63.0,0.0002005828,33.78174,370846.0,16295760.0,94.5917,44.7404
558.0,853.0,2.0,3.0,494.0,80.0,816.0,63.0,716.0,68.0,412.0,47.0,925.0,38.0,5.636562e-05,65.38148,16783.42,25358040.0,67.0736,36.6532
770.0,914.0,1.0,3.0,375.0,66.0,507.0,68.0,837.0,12.0,557.0,50.0,119.0,50.0,6.53411e-05,58.67211,40642.28,25358040.0,79.5927,32.4499
775.0,856.0,1.0,5.0,969.0,6.0,982.0,49.0,309.0,58.0,225.0,33.0,693.0,8.0,1.720103e-05,56.92305,16783.42,10472090.0,48.6952,11.2593
641.0,938.0,2.0,1.0,358.0,54.0,381.0,83.0,208.0,23.0,819.0,88.0,712.0,33.0,1.996344e-05,19.53722,370846.0,2779135.0,-13.4914,-1.81847
839.0,840.0,2.0,2.0,922.0,99.0,823.0,29.0,537.0,53.0,465.0,83.0,936.0,83.0,4.757389e-05,34.66966,153147.4,8193759.0,85.0048,49.7758
572.0,853.0,1.0,2.0,494.0,41.0,495.0,49.0,576.0,61.0,400.0,82.0,998.0,81.0,8.31571e-05,63.99976,40642.28,48044980.0,61.7795,30.735
221.0,809.0,1.0,1.0,931.0,65.0,807.0,10.0,507.0,44.0,197.0,87.0,172.0,14.0,5.803909e-05,47.39114,98416.24,16295760.0,78.289,52.7356
528.0,715.0,3.0,1.0,597.0,81.0,296.0,22.0,422.0,91.0,731.0,83.0,804.0,10.0,0.0002145697,30.66975,898000.8,30874990.0,25.1318,4.5929
286.0,831.0,1.0,1.0,340.0,14.0,931.0,17.0,911.0,73.0,218.0,94.0,607.0,21.0,3.698054e-05,59.18506,26117.46,16295760.0,60.1599,20.0053
776.0,874.0,1.0,6.0,967.0,85.0,982.0,50.0,305.0,52.0,228.0,28.0,709.0,17.0,2.331969e-05,59.74263,26117.46,19841090.0,44.8793,19.0277
709.0,638.0,2.0,1.0,430.0,72.0,616.0,9.0,240.0,2.0,763.0,30.0,933.0,31.0,0.0002278788,63.9487,26117.46,39459980.0,87.0871,33.6957
771.0,881.0,1.0,6.0,994.0,7.0,995.0,56.0,342.0,51.0,228.0,34.0,747.0,15.0,1.739131e-05,57.94545,16783.42,10472090.0,55.5683,15.6567
744.0,929.0,1.0,1.0,245.0,34.0,862.0,63.0,899.0,29.0,538.0,49.0,829.0,44.0,1.366275e-05,38.75089,98416.24,8193759.0,27.1828,4.9091
503.0,900.0,1.0,2.0,706.0,5.0,828.0,62.0,436.0,38.0,251.0,51.0,301.0,38.0,3.438581e-05,53.93426,26117.46,12750420.0,76.8309,28.1588
382.0,806.0,1.0,1.0,441.0,18.0,963.0,30.0,871.0,72.0,185.0,92.0,619.0,20.0,6.505605e-05,37.13193,370846.0,25358040.0,53.9175,17.8791
274.0,844.0,7.0,6.0,953.0,78.0,846.0,72.0,286.0,90.0,323.0,75.0,338.0,17.0,7.241079e-05,58.15684,10785.12,95551890.0,76.5668,19.3588
886.0,743.0,1.0,1.0,790.0,89.0,932.0,21.0,197.0,28.0,100.0,40.0,984.0,26.0,6.288809e-05,40.32654,238315.2,25358040.0,71.9331,25.91
649.0,901.0,1.0,1.0,903.0,86.0,826.0,26.0,746.0,16.0,519.0,78.0,990.0,73.0,2.186326e-05,60.93856,10785.12,8193759.0,60.0829,15.1532
491.0,821.0,1.0,2.0,869.0,28.0,526.0,46.0,533.0,58.0,549.0,18.0,943.0,81.0,7.675609e-05,19.14809,1397391.0,12750420.0,69.9161,48.2051
322.0,861.0,1.0,1.0,384.0,15.0,909.0,15.0,884.0,66.0,170.0,90.0,663.0,23.0,2.210831e-05,58.93261,16783.42,10472090.0,60.5549,17.9921
703.0,868.0,2.0,1.0,899.0,83.0,904.0,27.0,710.0,18.0,523.0,79.0,970.0,78.0,4.145406e-05,63.8063,6930.448,8193759.0,75.3585,20.5627
493.0,900.0,1.0,2.0,737.0,4.0,827.0,60.0,428.0,65.0,267.0,44.0,937.0,35.0,2.147793e-05,57.47537,16783.42,10472090.0,51.6548,10.9803
584.0,989.0,5.0,4.0,132.0,40.0,482.0,23.0,686.0,51.0,934.0,84.0,189.0,43.0,4.841084e-06,38.5575,4453.334,370847.0,83.5653,23.6419
453.0,900.0,1.0,2.0,520.0,6.0,829.0,63.0,586.0,70.0,246.0,49.0,935.0,39.0,2.372e-05,59.33792,16783.42,12750420.0,44.6094,9.61325
499.0,827.0,1.0,2.0,449.0,32.0,546.0,49.0,582.0,62.0,352.0,91.0,967.0,82.0,0.0001259453,63.09858,63244.55,74763430.0,75.492,29.785
663.0,898.0,1.0,1.0,903.0,91.0,822.0,27.0,708.0,17.0,519.0,84.0,981.0,79.0,2.481988e-05,65.4673,6930.448,10472090.0,60.7212,14.941
572.0,853.0,1.0,2.0,494.0,41.0,495.0,49.0,576.0,59.0,400.0,82.0,998.0,84.0,8.461843e-05,63.98682,40642.28,48044980.0,63.1065,31.1132
821.0,856.0,1.0,5.0,981.0,7.0,982.0,54.0,320.0,51.0,216.0,32.0,749.0,17.0,1.605658e-05,36.23453,153147.4,6729644.0,72.4407,26.4413
506.0,739.0,1.0,1.0,166.0,12.0,914.0,24.0,148.0,18.0,410.0,28.0,989.0,26.0,8.95248e-05,30.11927,1397391.0,39459980.0,65.4189,24.5828
726.0,747.0,1.0,1.0,201.0,15.0,613.0,8.0,194.0,43.0,337.0,72.0,689.0,24.0,4.729663e-05,26.55359,898000.8,16295760.0,79.1018,34.9972
703.0,847.0,2.0,1.0,876.0,84.0,904.0,28.0,711.0,16.0,523.0,82.0,987.0,82.0,6.294335e-05,66.95585,6930.448,12750420.0,77.3282,24.7132
741.0,741.0,2.0,1.0,201.0,77.0,622.0,9.0,238.0,43.0,323.0,74.0,730.0,24.0,6.080042e-05,31.1694,370846.0,12750420.0,84.113,37.4829
726.0,747.0,2.0,1.0,115.0,8.0,621.0,9.0,221.0,45.0,341.0,85.0,693.0,18.0,5.502424e-05,29.90431,370846.0,10472090.0,82.9633,34.7838
791.0,727.0,1.0,1.0,381.0,27.0,502.0,69.0,925.0,12.0,557.0,47.0,819.0,40.0,0.0002259768,24.46405,1397391.0,25358040.0,62.4813,21.8344
654.0,764.0,1.0,2.0,990.0,63.0,874.0,7.0,658.0,33.0,362.0,97.0,235.0,4.0,4.141609e-05,63.41644,16783.42,19841090.0,66.1204,25.1717
727.0,636.0,3.0,1.0,207.0,77.0,638.0,7.0,144.0,3.0,324.0,73.0,920.0,22.0,0.0001770051,18.78499,898000.8,6729644.0,97.9401,34.1261
208.0,886.0,1.0,1.0,930.0,64.0,654.0,15.0,592.0,44.0,188.0,87.0,194.0,14.0,2.175459e-05,56.22518,16783.42,10472090.0,65.793,17.3342
669.0,792.0,1.0,2.0,829.0,99.0,825.0,35.0,493.0,14.0,534.0,86.0,639.0,86.0,0.0002025688,63.49823,40642.28,74763430.0,90.496,21.2329
714.0,836.0,2.0,1.0,900.0,97.0,823.0,28.0,574.0,25.0,509.0,81.0,971.0,48.0,5.410508e-05,65.23482,10785.12,16295760.0,67.2284,16.5495
697.0,856.0,2.0,2.0,895.0,84.0,823.0,22.0,709.0,13.0,524.0,83.0,971.0,82.0,5.31484e-05,65.95766,4453.334,8193759.0,84.5553,45.3879
474.0,892.0,1.0,2.0,964.0,30.0,521.0,39.0,492.0,48.0,329.0,85.0,993.0,84.0,3.690962e-05,61.59043,16783.42,19841090.0,62.4725,19.251
437.0,793.0,1.0,1.0,485.0,19.0,979.0,26.0,875.0,77.0,233.0,92.0,633.0,26.0,8.057276e-05,61.55992,40642.28,30874990.0,62.5413,31.8748
500.0,907.0,3.0,2.0,555.0,12.0,800.0,64.0,618.0,71.0,352.0,47.0,301.0,29.0,2.463308e-05,51.73373,16783.42,5265529.0,74.7153,18.3601
557.0,853.0,1.0,1.0,484.0,41.0,496.0,50.0,576.0,59.0,427.0,82.0,998.0,84.0,8.537139e-05,63.99636,40642.28,48044980.0,48.3903,15.2486
332.0,791.0,1.0,1.0,376.0,30.0,972.0,26.0,845.0,79.0,163.0,89.0,615.0,27.0,8.690214e-05,60.67796,40642.28,39459980.0,62.3172,38.3884
772.0,867.0,1.0,5.0,877.0,16.0,996.0,70.0,323.0,71.0,219.0,35.0,797.0,18.0,2.944785e-05,58.98869,26117.46,19841090.0,49.665,17.9956
707.0,616.0,3.0,1.0,181.0,12.0,609.0,7.0,144.0,3.0,386.0,82.0,961.0,26.0,0.0002117566,21.31398,577079.0,6729644.0,98.5859,35.1015
886.0,735.0,1.0,1.0,913.0,91.0,742.0,21.0,644.0,40.0,173.0,29.0,966.0,21.0,5.203069e-05,39.96082,238315.2,19841090.0,58.8373,21.9014
674.0,624.0,2.0,1.0,124.0,7.0,606.0,5.0,198.0,4.0,745.0,87.0,961.0,60.0,0.0002140845,28.85339,577079.0,12750420.0,96.822,34.1683
240.0,388.0,2.0,2.0,394.0,63.0,496.0,41.0,134.0,65.0,359.0,42.0,504.0,86.0,0.001549943,11.86481,19841090.0,360050100.0,38.6634,14.424
530.0,917.0,1.0,3.0,610.0,10.0,124.0,18.0,455.0,18.0,422.0,64.0,283.0,61.0,3.689677e-05,58.07274,16783.42,12750420.0,81.6526,40.421
624.0,809.0,1.0,3.0,994.0,60.0,883.0,9.0,602.0,33.0,362.0,95.0,187.0,4.0,2.862753e-05,62.13211,10785.12,12750420.0,66.7656,25.6526
735.0,807.0,6.0,5.0,467.0,81.0,992.0,63.0,179.0,57.0,626.0,41.0,797.0,18.0,7.124987e-05,34.00679,238315.2,10472090.0,102.092,23.7062
295.0,886.0,1.0,1.0,961.0,64.0,654.0,15.0,603.0,44.0,309.0,76.0,206.0,15.0,2.008845e-05,53.18139,26117.46,8193759.0,64.7662,17.3076
673.0,551.0,9.0,2.0,451.0,79.0,204.0,5.0,165.0,1.0,711.0,29.0,906.0,91.0,0.0007279487,35.7325,238315.2,231377800.0,33.1196,13.9008
776.0,856.0,1.0,6.0,969.0,7.0,982.0,49.0,309.0,58.0,225.0,33.0,693.0,17.0,2.131027e-05,38.50471,153147.4,10472090.0,75.1497,33.748
515.0,896.0,2.0,5.0,273.0,78.0,890.0,74.0,416.0,79.0,310.0,84.0,393.0,17.0,2.749081e-05,46.74659,63244.55,12750420.0,61.1759,21.5097
728.0,388.0,2.0,1.0,208.0,13.0,581.0,10.0,219.0,8.0,325.0,81.0,877.0,46.0,0.0004959862,34.64545,577079.0,30874990.0,112.882,18.9899
326.0,809.0,1.0,1.0,386.0,7.0,972.0,13.0,860.0,75.0,383.0,96.0,649.0,31.0,4.542019e-05,38.29833,153147.4,10472090.0,70.3068,35.3764
916.0,771.0,1.0,1.0,788.0,88.0,890.0,9.0,562.0,43.0,140.0,36.0,893.0,20.0,2.625214e-05,35.72368,153147.4,8193759.0,68.1431,22.8387
766.0,788.0,6.0,6.0,782.0,52.0,681.0,60.0,389.0,93.0,253.0,76.0,578.0,70.0,0.0001378654,30.59997,238315.2,116340400.0,12.8469,6.72505
528.0,739.0,6.0,1.0,595.0,67.0,295.0,22.0,357.0,64.0,274.0,74.0,804.0,12.0,0.0001752139,21.57167,898000.8,6729644.0,57.6613,10.29
661.0,686.0,1.0,3.0,989.0,64.0,824.0,9.0,540.0,38.0,385.0,94.0,272.0,6.0,0.000106294,59.81283,63244.55,48044980.0,90.7716,27.2293
453.0,900.0,1.0,3.0,496.0,76.0,828.0,66.0,597.0,64.0,390.0,49.0,923.0,37.0,2.427972e-05,63.9165,16783.42,19841090.0,26.4856,6.21556
754.0,856.0,1.0,6.0,996.0,11.0,996.0,56.0,344.0,57.0,225.0,33.0,748.0,17.0,2.903336e-05,57.68926,26117.46,16295760.0,68.2607,33.6062
432.0,880.0,1.0,2.0,959.0,26.0,551.0,44.0,624.0,51.0,343.0,24.0,999.0,83.0,3.38705e-05,30.00078,370846.0,12750420.0,61.735,22.895
269.0,858.0,6.0,6.0,953.0,83.0,846.0,73.0,287.0,51.0,323.0,74.0,338.0,17.0,6.104686e-05,49.68588,26117.46,61404200.0,109.282,23.4822
687.0,844.0,1.0,6.0,897.0,86.0,967.0,56.0,313.0,57.0,264.0,30.0,796.0,15.0,4.169428e-05,61.9174,40642.28,30874990.0,50.5158,30.3451
236.0,751.0,1.0,1.0,936.0,68.0,639.0,15.0,602.0,38.0,375.0,99.0,193.0,3.0,7.733795e-05,24.29116,898000.8,16295760.0,38.2221,10.1601
392.0,861.0,3.0,1.0,888.0,85.0,784.0,64.0,600.0,78.0,545.0,50.0,323.0,38.0,5.102983e-05,29.75111,238315.2,6729644.0,71.9287,21.3509
583.0,839.0,1.0,2.0,484.0,30.0,545.0,48.0,490.0,47.0,400.0,82.0,993.0,84.0,0.0001014762,63.40007,40642.28,61404200.0,73.4025,29.1399
656.0,736.0,1.0,3.0,937.0,67.0,787.0,14.0,608.0,37.0,383.0,95.0,180.0,4.0,9.009263e-05,45.53668,238315.2,39459980.0,76.0869,28.9348
379.0,813.0,1.0,1.0,480.0,13.0,975.0,18.0,823.0,74.0,221.0,89.0,603.0,20.0,4.638859e-05,59.34406,26117.46,19841090.0,62.7151,22.5889
745.0,633.0,1.0,1.0,797.0,94.0,724.0,14.0,716.0,42.0,208.0,37.0,985.0,23.0,0.0001621443,47.5185,370846.0,61404200.0,68.5037,54.5336
490.0,821.0,1.0,1.0,863.0,33.0,491.0,59.0,524.0,66.0,491.0,17.0,639.0,85.0,0.000102026,16.62778,2174500.0,12750420.0,59.5626,30.5717
493.0,887.0,4.0,1.0,628.0,15.0,120.0,23.0,449.0,21.0,536.0,66.0,132.0,69.0,8.309887e-05,42.39996,63244.55,6729644.0,91.6736,49.4657
846.0,674.0,1.0,1.0,912.0,94.0,835.0,21.0,722.0,26.0,100.0,34.0,905.0,16.0,0.0001097545,59.71658,63244.55,48044980.0,61.897,58.5129
493.0,900.0,1.0,1.0,494.0,15.0,133.0,31.0,459.0,19.0,529.0,66.0,240.0,59.0,7.124542e-05,60.8016,40642.28,30874990.0,66.1824,19.1505
381.0,794.0,1.0,1.0,482.0,27.0,983.0,25.0,875.0,76.0,136.0,92.0,604.0,25.0,8.012308e-05,59.14556,40642.28,30874990.0,62.0129,32.4782
644.0,764.0,1.0,3.0,900.0,66.0,788.0,7.0,604.0,30.0,386.0,97.0,271.0,3.0,3.43191e-05,36.2911,238315.2,12750420.0,60.1862,22.5274
548.0,910.0,4.0,2.0,499.0,15.0,109.0,31.0,149.0,21.0,528.0,65.0,182.0,27.0,4.434049e-05,56.42251,10785.12,6729644.0,79.3599,22.5033
753.0,694.0,4.0,1.0,190.0,31.0,854.0,62.0,915.0,33.0,536.0,50.0,829.0,44.0,0.000320669,63.67502,26117.46,48044980.0,106.265,27.5194
515.0,733.0,2.0,5.0,645.0,70.0,890.0,21.0,287.0,88.0,749.0,83.0,829.0,17.0,7.302749e-05,30.89386,577079.0,19841090.0,47.6867,15.3869
706.0,634.0,2.0,1.0,796.0,91.0,724.0,21.0,716.0,42.0,167.0,35.0,916.0,26.0,0.0002502902,63.47031,40642.28,61404200.0,91.6742,52.3191
725.0,747.0,1.0,1.0,197.0,15.0,708.0,2.0,194.0,35.0,379.0,89.0,917.0,19.0,2.077973e-05,26.55229,238315.2,4324649.0,82.1924,30.1847
713.0,676.0,2.0,1.0,854.0,94.0,829.0,6.0,749.0,43.0,101.0,34.0,891.0,26.0,8.614066e-05,39.84636,153147.4,12750420.0,84.9101,61.8037
279.0,887.0,1.0,1.0,919.0,65.0,786.0,9.0,611.0,37.0,188.0,87.0,111.0,3.0,1.009182e-05,56.92872,10785.12,5265529.0,59.8669,13.0483
775.0,812.0,1.0,5.0,535.0,12.0,991.0,63.0,170.0,50.0,232.0,34.0,823.0,14.0,4.747976e-05,55.72223,63244.55,30874990.0,75.0054,29.4173
320.0,839.0,4.0,2.0,269.0,17.0,890.0,74.0,919.0,43.0,726.0,85.0,833.0,44.0,8.535699e-05,27.43904,370846.0,6729644.0,85.3422,34.2865
255.0,854.0,1.0,1.0,373.0,11.0,935.0,14.0,882.0,75.0,179.0,94.0,610.0,23.0,2.495188e-05,55.44855,16783.42,10472090.0,63.8788,21.8739
502.0,853.0,3.0,3.0,494.0,81.0,816.0,65.0,716.0,66.0,388.0,47.0,925.0,38.0,5.841354e-05,64.99463,10785.12,16295760.0,78.8423,37.5389
332.0,799.0,1.0,1.0,372.0,15.0,947.0,19.0,882.0,69.0,145.0,92.0,596.0,30.0,7.645979e-05,58.90025,40642.28,25358040.0,69.0812,46.2133
702.0,949.0,1.0,5.0,206.0,64.0,815.0,63.0,607.0,43.0,495.0,65.0,101.0,52.0,1.685449e-05,41.36067,63244.55,6729644.0,82.658,34.8855
696.0,859.0,2.0,1.0,891.0,84.0,854.0,28.0,537.0,47.0,465.0,69.0,971.0,45.0,3.238897e-05,55.6951,16783.42,10472090.0,63.7855,13.8335
268.0,859.0,1.0,1.0,422.0,15.0,822.0,15.0,883.0,59.0,124.0,88.0,656.0,23.0,2.441797e-05,51.13249,40642.28,10472090.0,60.0903,16.8825
805.0,735.0,1.0,1.0,779.0,92.0,828.0,21.0,173.0,43.0,175.0,26.0,544.0,27.0,6.000809e-05,21.83067,1397391.0,16295760.0,77.8017,45.6734
709.0,632.0,2.0,1.0,788.0,93.0,743.0,21.0,738.0,43.0,164.0,38.0,903.0,26.0,0.0002545848,64.46976,40642.28,61404200.0,92.1057,51.9931
345.0,862.0,1.0,1.0,402.0,13.0,935.0,18.0,866.0,66.0,179.0,93.0,605.0,23.0,2.425879e-05,59.62926,16783.42,10472090.0,60.4484,17.7951
726.0,752.0,2.0,1.0,198.0,83.0,622.0,18.0,221.0,43.0,323.0,74.0,730.0,18.0,9.640236e-05,59.21111,40642.28,39459980.0,70.2357,21.69
654.0,834.0,1.0,6.0,953.0,87.0,982.0,49.0,304.0,54.0,248.0,29.0,665.0,17.0,4.648438e-05,55.67887,98416.24,39459980.0,70.1098,29.8447
389.0,547.0,8.0,1.0,464.0,63.0,797.0,39.0,522.0,44.0,686.0,87.0,388.0,11.0,0.0006672912,37.95774,370846.0,74763430.0,78.4595,16.9253
709.0,639.0,2.0,1.0,425.0,15.0,614.0,9.0,241.0,4.0,772.0,30.0,691.0,24.0,0.0001228295,30.51336,577079.0,12750420.0,89.8927,39.6557
739.0,694.0,1.0,1.0,336.0,16.0,511.0,63.0,574.0,33.0,556.0,50.0,829.0,51.0,0.0002407744,34.49773,1397391.0,61404200.0,76.2048,20.3279
706.0,634.0,1.0,1.0,790.0,91.0,743.0,20.0,703.0,41.0,102.0,31.0,905.0,24.0,0.0002397929,61.52829,98416.24,116340400.0,72.6297,53.59
678.0,806.0,1.0,5.0,536.0,12.0,201.0,65.0,161.0,74.0,647.0,39.0,798.0,13.0,0.0001325856,57.56572,98416.24,48044980.0,58.2768,28.1668
393.0,854.0,4.0,3.0,516.0,90.0,859.0,64.0,619.0,70.0,336.0,57.0,920.0,38.0,5.624958e-05,63.11237,10785.12,12750420.0,86.6326,39.0378
631.0,752.0,2.0,3.0,597.0,66.0,658.0,14.0,602.0,48.0,196.0,89.0,103.0,17.0,0.0001567122,39.96459,238315.2,25358040.0,130.906,41.3965
250.0,810.0,6.0,2.0,990.0,67.0,623.0,15.0,637.0,37.0,179.0,13.0,887.0,19.0,3.556224e-05,38.1436,63244.55,3383770.0,79.1749,21.0042
332.0,878.0,2.0,1.0,372.0,15.0,935.0,27.0,868.0,74.0,148.0,93.0,656.0,32.0,2.498282e-05,58.59436,10785.12,6729644.0,67.5585,16.355
516.0,837.0,1.0,2.0,484.0,33.0,506.0,45.0,590.0,51.0,349.0,91.0,992.0,73.0,0.0001009067,42.39692,370846.0,48044980.0,69.169,31.105
272.0,809.0,1.0,1.0,384.0,15.0,907.0,15.0,884.0,72.0,170.0,88.0,659.0,23.0,4.934969e-05,58.93392,26117.46,19841090.0,64.0196,26.17
681.0,834.0,1.0,6.0,955.0,87.0,967.0,50.0,312.0,54.0,250.0,29.0,796.0,17.0,4.614498e-05,61.32741,40642.28,39459980.0,63.0744,30.6246
393.0,870.0,5.0,4.0,543.0,78.0,644.0,38.0,915.0,82.0,291.0,87.0,374.0,80.0,6.619502e-05,39.20399,63244.55,5265529.0,120.205,44.4371
701.0,854.0,2.0,2.0,882.0,83.0,823.0,35.0,712.0,18.0,525.0,78.0,971.0,74.0,5.833505e-05,45.53314,63244.55,10472090.0,81.0185,40.3227
493.0,854.0,2.0,3.0,603.0,13.0,114.0,25.0,462.0,20.0,542.0,62.0,318.0,67.0,0.0001415077,58.56954,26117.46,30874990.0,118.106,24.2193
331.0,839.0,1.0,1.0,273.0,17.0,507.0,61.0,527.0,42.0,724.0,85.0,500.0,50.0,0.0001286811,61.41132,63244.55,61404200.0,49.9968,15.88
515.0,899.0,1.0,2.0,412.0,4.0,826.0,59.0,434.0,65.0,260.0,48.0,307.0,38.0,2.824179e-05,36.82396,153147.4,10472090.0,73.7544,26.7972
753.0,694.0,4.0,1.0,251.0,10.0,865.0,63.0,915.0,32.0,543.0,50.0,834.0,43.0,0.0001950891,38.17668,238315.2,12750420.0,95.8669,27.8033
544.0,898.0,4.0,2.0,508.0,15.0,134.0,34.0,150.0,22.0,530.0,66.0,151.0,67.0,6.185114e-05,30.41543,238315.2,5265529.0,100.701,33.0229
673.0,581.0,3.0,1.0,215.0,71.0,211.0,19.0,200.0,1.0,772.0,29.0,945.0,92.0,0.001104596,16.26934,5265528.0,25358040.0,67.6924,19.3242
788.0,597.0,7.0,6.0,776.0,15.0,848.0,25.0,157.0,1.0,456.0,86.0,897.0,62.0,0.0005058181,36.71442,63244.55,5265529.0,18.0189,16.3213
370.0,792.0,1.0,1.0,578.0,85.0,945.0,16.0,858.0,69.0,148.0,93.0,597.0,31.0,7.964479e-05,58.61083,40642.28,25358040.0,65.9837,50.517
782.0,874.0,1.0,6.0,990.0,85.0,956.0,39.0,393.0,54.0,225.0,33.0,759.0,16.0,1.969237e-05,61.50919,16783.42,16295760.0,42.1618,14.528
232.0,347.0,4.0,2.0,640.0,11.0,577.0,10.0,169.0,3.0,580.0,79.0,691.0,48.0,0.001528193,39.77798,238315.2,560278700.0,82.1265,22.7457
592.0,939.0,1.0,3.0,591.0,8.0,105.0,23.0,172.0,23.0,597.0,47.0,209.0,34.0,1.725425e-05,46.70844,63244.55,10472090.0,65.4059,18.7263
492.0,821.0,1.0,2.0,862.0,33.0,426.0,59.0,545.0,66.0,331.0,18.0,635.0,87.0,0.0001227212,21.34819,2174500.0,19841090.0,85.4534,48.4102
565.0,883.0,1.0,2.0,555.0,13.0,113.0,18.0,417.0,18.0,467.0,26.0,228.0,15.0,3.921183e-05,60.63205,26117.46,25358040.0,51.472,12.683
332.0,914.0,1.0,2.0,200.0,11.0,520.0,63.0,585.0,47.0,724.0,85.0,500.0,47.0,3.11412e-05,60.67467,26117.46,19841090.0,42.7466,10.6155
687.0,829.0,1.0,5.0,978.0,12.0,967.0,61.0,172.0,58.0,247.0,24.0,798.0,18.0,4.642652e-05,30.70983,577079.0,16295760.0,76.6099,34.367
709.0,821.0,1.0,2.0,900.0,90.0,753.0,28.0,734.0,18.0,532.0,79.0,928.0,77.0,9.835566e-05,65.73348,26117.46,39459980.0,73.6482,33.3882
345.0,808.0,1.0,1.0,404.0,13.0,925.0,18.0,854.0,64.0,225.0,93.0,605.0,22.0,5.473605e-05,60.43734,26117.46,19841090.0,64.3081,25.19
598.0,839.0,1.0,2.0,493.0,40.0,586.0,47.0,481.0,56.0,358.0,82.0,969.0,80.0,9.441617e-05,62.02126,63244.55,48044980.0,72.2639,31.1691
726.0,747.0,2.0,1.0,194.0,15.0,602.0,9.0,221.0,42.0,327.0,74.0,730.0,24.0,5.627091e-05,29.72909,370846.0,10472090.0,85.5545,42.1063
641.0,702.0,4.0,3.0,509.0,53.0,752.0,24.0,679.0,55.0,208.0,35.0,460.0,80.0,0.0001815694,24.97476,577079.0,10472090.0,55.842,37.1028
621.0,859.0,2.0,1.0,916.0,97.0,888.0,28.0,441.0,52.0,466.0,69.0,944.0,47.0,3.003292e-05,41.27432,98416.24,8193759.0,65.4916,14.6413
709.0,677.0,2.0,1.0,781.0,56.0,736.0,20.0,265.0,34.0,101.0,16.0,895.0,46.0,0.0001245646,25.75572,898000.8,16295760.0,99.85,56.6648
915.0,607.0,2.0,1.0,906.0,35.0,164.0,12.0,942.0,44.0,158.0,65.0,992.0,66.0,7.769605e-05,28.65284,153147.4,3383770.0,82.4126,0.0
491.0,847.0,1.0,2.0,374.0,26.0,564.0,46.0,530.0,59.0,422.0,16.0,969.0,73.0,4.936125e-05,20.73433,1397391.0,12750420.0,60.7081,44.5995
799.0,451.0,2.0,1.0,747.0,76.0,787.0,21.0,710.0,43.0,161.0,37.0,929.0,26.0,0.0002188595,38.81838,577079.0,30874990.0,100.851,56.815
417.0,711.0,1.0,1.0,211.0,14.0,914.0,24.0,147.0,15.0,417.0,30.0,958.0,24.0,0.0001267221,35.46846,1397391.0,61404200.0,68.4039,35.3501
681.0,792.0,1.0,2.0,864.0,99.0,870.0,35.0,537.0,8.0,503.0,84.0,996.0,83.0,0.0001522253,26.95015,898000.8,16295760.0,82.6404,21.7395
705.0,775.0,1.0,1.0,796.0,88.0,724.0,22.0,778.0,42.0,138.0,29.0,916.0,16.0,6.87614e-05,43.9088,370846.0,39459980.0,30.2066,7.17851
339.0,694.0,1.0,1.0,262.0,32.0,891.0,66.0,920.0,33.0,556.0,82.0,829.0,46.0,0.0004365597,19.38507,5265528.0,39459980.0,62.0844,23.0621
369.0,890.0,5.0,6.0,257.0,82.0,886.0,73.0,295.0,93.0,322.0,90.0,354.0,22.0,3.33841e-05,56.11178,10785.12,8193759.0,113.51,27.2058
857.0,837.0,1.0,1.0,921.0,99.0,823.0,35.0,529.0,54.0,465.0,83.0,556.0,82.0,5.241102e-05,29.06065,577079.0,10472090.0,68.1052,47.6364
234.0,878.0,1.0,1.0,946.0,63.0,654.0,15.0,594.0,44.0,217.0,76.0,145.0,15.0,2.76179e-05,52.21593,26117.46,10472090.0,71.4351,24.1523
210.0,810.0,1.0,1.0,926.0,69.0,887.0,9.0,610.0,43.0,429.0,99.0,193.0,14.0,4.540458e-05,39.51048,153147.4,10472090.0,74.7311,42.5476
528.0,913.0,1.0,3.0,603.0,15.0,111.0,27.0,461.0,20.0,552.0,61.0,321.0,61.0,4.739349e-05,62.05409,26117.46,19841090.0,74.1659,32.4401
672.0,870.0,1.0,1.0,900.0,89.0,822.0,14.0,708.0,18.0,519.0,82.0,971.0,78.0,3.397929e-05,54.47665,26117.46,10472090.0,71.1405,21.3749
660.0,686.0,1.0,1.0,944.0,61.0,823.0,8.0,540.0,37.0,421.0,87.0,272.0,4.0,8.271527e-05,62.45513,40642.28,39459980.0,60.3354,19.7271
697.0,897.0,1.0,1.0,903.0,91.0,818.0,25.0,735.0,18.0,517.0,81.0,971.0,78.0,2.423916e-05,63.54374,6930.448,10472090.0,61.8211,15.4132
848.0,848.0,2.0,1.0,923.0,99.0,823.0,29.0,537.0,54.0,465.0,75.0,926.0,41.0,3.674507e-05,53.42144,26117.46,10472090.0,62.1013,13.8208
709.0,836.0,1.0,2.0,900.0,94.0,753.0,28.0,733.0,18.0,592.0,81.0,962.0,77.0,7.634953e-05,66.92894,16783.42,30874990.0,68.2248,31.1406
521.0,884.0,6.0,1.0,679.0,77.0,833.0,75.0,341.0,87.0,179.0,75.0,341.0,16.0,3.705005e-05,52.2655,16783.42,6729644.0,45.7821,4.9648
725.0,747.0,1.0,1.0,197.0,15.0,549.0,4.0,194.0,44.0,379.0,89.0,919.0,18.0,3.153208e-05,29.7793,370846.0,10472090.0,74.5524,23.0137
715.0,696.0,4.0,1.0,244.0,29.0,862.0,58.0,876.0,32.0,535.0,58.0,867.0,42.0,0.0003143747,41.40135,370846.0,30874990.0,105.457,24.1319
698.0,840.0,2.0,2.0,922.0,99.0,823.0,35.0,537.0,54.0,465.0,83.0,944.0,83.0,5.864815e-05,37.79323,153147.4,12750420.0,85.5769,44.9648
718.0,678.0,2.0,1.0,794.0,94.0,829.0,21.0,730.0,39.0,101.0,33.0,894.0,27.0,0.0001920245,61.49677,40642.28,48044980.0,86.2554,55.4344
493.0,839.0,1.0,2.0,499.0,41.0,566.0,43.0,618.0,59.0,399.0,83.0,961.0,80.0,9.346716e-05,62.56624,40642.28,48044980.0,69.2189,34.2692
662.0,735.0,1.0,3.0,936.0,68.0,844.0,15.0,594.0,46.0,370.0,87.0,180.0,6.0,0.0001004693,59.47071,63244.55,61404200.0,86.46,31.8654
752.0,956.0,4.0,3.0,339.0,65.0,415.0,60.0,609.0,14.0,535.0,82.0,112.0,52.0,2.944364e-05,56.14859,4453.334,2779135.0,87.7093,41.1588
553.0,705.0,6.0,1.0,632.0,87.0,889.0,74.0,356.0,87.0,307.0,90.0,748.0,14.0,0.0002979603,23.68275,898000.8,12750420.0,85.6027,30.1447
328.0,833.0,1.0,1.0,372.0,23.0,935.0,19.0,887.0,76.0,147.0,96.0,610.0,29.0,4.561103e-05,58.7538,26117.46,16295760.0,62.8573,25.4252
538.0,913.0,1.0,3.0,626.0,14.0,104.0,15.0,169.0,14.0,521.0,65.0,201.0,23.0,2.710624e-05,57.86636,26117.46,12750420.0,67.6758,23.2819
501.0,853.0,3.0,3.0,494.0,81.0,858.0,63.0,716.0,67.0,389.0,48.0,925.0,37.0,5.491919e-05,65.08854,10785.12,16295760.0,77.9758,39.8496
490.0,932.0,1.0,3.0,544.0,12.0,133.0,19.0,172.0,20.0,544.0,65.0,195.0,21.0,1.757924e-05,55.67591,26117.46,10472090.0,58.7873,15.3325
227.0,798.0,1.0,8.0,215.0,15.0,951.0,15.0,990.0,72.0,109.0,96.0,569.0,49.0,0.0001030558,50.45668,98416.24,39459980.0,118.915,29.8492
528.0,830.0,5.0,6.0,613.0,83.0,906.0,24.0,336.0,90.0,820.0,81.0,704.0,15.0,2.66843e-05,33.74971,98416.24,3383770.0,106.242,26.6329
923.0,749.0,1.0,1.0,788.0,92.0,869.0,21.0,752.0,27.0,131.0,35.0,994.0,21.0,5.437449e-05,59.75232,26117.46,19841090.0,62.8026,20.4818
254.0,347.0,4.0,2.0,645.0,11.0,647.0,10.0,169.0,3.0,556.0,79.0,691.0,48.0,0.001423796,37.45204,370846.0,39459980.0,75.484,22.0846
705.0,632.0,1.0,1.0,793.0,89.0,743.0,17.0,676.0,44.0,139.0,33.0,892.0,32.0,0.0002114148,43.12723,577079.0,74763430.0,79.6788,53.6112
322.0,717.0,4.0,1.0,633.0,76.0,295.0,71.0,357.0,99.0,754.0,96.0,802.0,16.0,0.0006414457,15.5998,3383769.0,19841090.0,51.5942,17.3347
753.0,694.0,1.0,2.0,307.0,55.0,849.0,73.0,934.0,28.0,678.0,50.0,835.0,44.0,0.0003522866,55.69682,370846.0,281716800.0,37.6274,9.62513
695.0,747.0,2.0,1.0,222.0,3.0,516.0,9.0,237.0,42.0,327.0,90.0,917.0,18.0,6.024592e-05,43.07252,98416.24,10472090.0,81.5432,26.3173
347.0,807.0,1.0,1.0,452.0,28.0,974.0,25.0,820.0,71.0,170.0,88.0,603.0,25.0,6.719066e-05,60.93373,40642.28,30874990.0,60.7685,24.3189
556.0,938.0,1.0,3.0,605.0,10.0,122.0,19.0,156.0,12.0,543.0,50.0,201.0,27.0,1.703813e-05,55.40539,16783.42,8193759.0,65.1422,17.9519
697.0,861.0,1.0,1.0,903.0,91.0,822.0,27.0,708.0,18.0,519.0,80.0,956.0,81.0,5.01814e-05,65.29815,10785.12,19841090.0,62.8742,18.1085
538.0,836.0,6.0,1.0,647.0,76.0,889.0,70.0,362.0,96.0,326.0,90.0,778.0,15.0,6.214682e-05,28.99216,238315.2,5265529.0,11.5823,1.01082
650.0,767.0,1.0,3.0,990.0,60.0,879.0,8.0,608.0,33.0,385.0,85.0,237.0,4.0,4.07741e-05,62.68169,16783.42,19841090.0,70.3463,40.2096
789.0,341.0,6.0,3.0,236.0,13.0,612.0,14.0,181.0,3.0,382.0,82.0,682.0,47.0,0.0006581233,34.24309,153147.4,12750420.0,58.5833,15.7791
508.0,887.0,2.0,3.0,658.0,12.0,123.0,32.0,459.0,23.0,536.0,61.0,327.0,68.0,8.438525e-05,59.78487,16783.42,16295760.0,101.063,30.1937
534.0,836.0,1.0,2.0,483.0,41.0,468.0,50.0,625.0,58.0,400.0,83.0,998.0,84.0,0.0001182067,63.40717,63244.55,74763430.0,67.7036,29.6526
675.0,746.0,1.0,1.0,188.0,2.0,702.0,4.0,193.0,32.0,379.0,84.0,906.0,19.0,3.009948e-05,27.79788,370846.0,6729644.0,81.7441,29.4013
580.0,866.0,1.0,1.0,484.0,31.0,485.0,50.0,576.0,59.0,395.0,84.0,997.0,84.0,6.893486e-05,63.76225,40642.28,39459980.0,48.4428,12.8738
776.0,874.0,1.0,6.0,973.0,6.0,982.0,54.0,305.0,54.0,228.0,27.0,707.0,16.0,1.709493e-05,43.9254,63244.55,8193759.0,65.5448,22.5109
262.0,829.0,1.0,6.0,549.0,81.0,274.0,24.0,397.0,90.0,864.0,83.0,807.0,15.0,6.89919e-05,53.24448,153147.4,48044980.0,33.4887,15.204
723.0,970.0,1.0,1.0,354.0,66.0,405.0,73.0,597.0,38.0,545.0,84.0,121.0,42.0,1.59587e-05,52.91383,26117.46,8193759.0,51.7316,11.0391
300.0,779.0,6.0,2.0,847.0,75.0,984.0,36.0,143.0,56.0,529.0,67.0,675.0,84.0,7.359209e-05,15.01759,577079.0,2174501.0,126.998,22.5095
631.0,766.0,1.0,3.0,855.0,99.0,870.0,33.0,605.0,16.0,566.0,72.0,953.0,78.0,0.0001981245,66.81237,40642.28,181038800.0,63.5118,15.8103
277.0,847.0,1.0,1.0,889.0,65.0,714.0,16.0,542.0,41.0,114.0,89.0,109.0,9.0,4.899364e-05,54.90043,40642.28,16295760.0,72.1669,25.3261
345.0,830.0,4.0,1.0,811.0,22.0,785.0,65.0,597.0,41.0,559.0,12.0,951.0,1.0,5.772631e-05,7.301444,898000.8,30874990.0,-87.6732,-17.8861
776.0,873.0,1.0,6.0,966.0,5.0,995.0,62.0,305.0,55.0,277.0,25.0,656.0,17.0,1.536238e-05,29.27783,238315.2,5265529.0,70.5596,27.4438
491.0,892.0,1.0,2.0,989.0,29.0,541.0,45.0,492.0,48.0,334.0,74.0,993.0,83.0,3.82796e-05,61.64802,26117.46,19841090.0,60.8576,17.7459
763.0,970.0,1.0,1.0,370.0,68.0,406.0,74.0,604.0,38.0,532.0,45.0,103.0,42.0,1.324541e-05,48.96547,40642.28,8193759.0,55.9311,11.8596
540.0,925.0,1.0,3.0,591.0,8.0,122.0,17.0,156.0,12.0,555.0,50.0,200.0,27.0,2.08485e-05,53.64889,26117.46,10472090.0,70.7916,22.9916
543.0,863.0,1.0,2.0,319.0,27.0,538.0,46.0,623.0,61.0,350.0,91.0,954.0,84.0,6.894287e-05,62.72147,40642.28,39459980.0,64.4591,33.6268
790.0,559.0,4.0,1.0,236.0,14.0,662.0,12.0,224.0,42.0,769.0,82.0,690.0,47.0,7.605996e-05,13.17758,577079.0,2174501.0,102.713,21.2874
379.0,794.0,1.0,1.0,458.0,19.0,995.0,17.0,897.0,68.0,211.0,92.0,605.0,20.0,5.90832e-05,60.9721,26117.46,25358040.0,63.402,27.3444
322.0,891.0,6.0,1.0,638.0,77.0,827.0,20.0,406.0,99.0,753.0,96.0,805.0,15.0,1.016557e-05,51.08826,6930.448,1785947.0,52.2062,6.40326
261.0,895.0,1.0,5.0,899.0,83.0,890.0,73.0,287.0,93.0,323.0,93.0,372.0,15.0,2.736703e-05,59.82035,26117.46,19841090.0,39.0933,14.0322
374.0,888.0,1.0,3.0,357.0,59.0,519.0,73.0,609.0,14.0,535.0,47.0,159.0,42.0,9.33951e-05,59.0341,63244.55,48044980.0,86.526,24.1573
784.0,864.0,5.0,5.0,149.0,53.0,392.0,5.0,331.0,31.0,208.0,14.0,100.0,82.0,6.934643e-06,-4.885429,-10.0,-10.0,101.082,0.0
527.0,858.0,5.0,5.0,225.0,80.0,862.0,68.0,287.0,88.0,339.0,83.0,390.0,17.0,5.217495e-05,58.9276,16783.42,16295760.0,120.492,23.0989
277.0,752.0,2.0,3.0,926.0,67.0,834.0,15.0,602.0,92.0,181.0,89.0,113.0,11.0,9.705882e-05,36.12707,238315.2,16295760.0,118.321,40.7862
694.0,855.0,1.0,2.0,882.0,83.0,827.0,27.0,712.0,18.0,525.0,77.0,970.0,82.0,5.510052e-05,64.82022,16783.42,19841090.0,70.4546,34.0436
647.0,736.0,1.0,3.0,916.0,72.0,580.0,15.0,604.0,38.0,188.0,88.0,217.0,13.0,0.0001838985,61.53026,63244.55,116340400.0,101.662,33.5352
273.0,902.0,2.0,6.0,271.0,82.0,890.0,74.0,337.0,91.0,323.0,82.0,337.0,16.0,2.499185e-05,58.40149,16783.42,12750420.0,69.6521,27.9309
268.0,793.0,1.0,1.0,407.0,30.0,912.0,15.0,861.0,66.0,171.0,88.0,663.0,23.0,6.119501e-05,60.16203,26117.46,25358040.0,63.7616,28.0089
330.0,679.0,8.0,2.0,746.0,79.0,986.0,71.0,188.0,58.0,636.0,25.0,966.0,27.0,0.0002985379,24.23544,898000.8,12750420.0,91.8922,23.5048
396.0,885.0,2.0,2.0,508.0,91.0,858.0,63.0,590.0,75.0,274.0,46.0,946.0,41.0,3.188527e-05,62.43192,16783.42,16295760.0,45.207,8.5187
754.0,275.0,1.0,1.0,979.0,7.0,999.0,57.0,301.0,74.0,610.0,44.0,796.0,1.0,3.398338e-05,30.44635,370846.0,12750420.0,65.2055,15.6821
334.0,955.0,1.0,1.0,336.0,67.0,400.0,58.0,603.0,42.0,530.0,64.0,112.0,44.0,1.892363e-05,48.80486,63244.55,12750420.0,63.3887,16.8088
520.0,833.0,6.0,1.0,632.0,71.0,819.0,76.0,358.0,87.0,796.0,76.0,335.0,22.0,8.137908e-05,33.43415,238315.2,8193759.0,71.4076,15.7868
493.0,887.0,4.0,2.0,599.0,15.0,155.0,32.0,481.0,21.0,584.0,64.0,144.0,24.0,7.378166e-05,55.82705,16783.42,8193759.0,90.0086,38.9583
717.0,821.0,1.0,2.0,902.0,89.0,753.0,28.0,734.0,18.0,592.0,82.0,928.0,77.0,9.763896e-05,67.44402,16783.42,39459980.0,72.013,31.1003
664.0,371.0,1.0,5.0,520.0,13.0,201.0,26.0,148.0,73.0,641.0,42.0,675.0,2.0,0.0002083104,33.06244,1397391.0,95551890.0,50.8263,17.4446
995.0,256.0,1.0,1.0,365.0,46.0,767.0,85.0,997.0,13.0,816.0,36.0,856.0,12.0,2.204011e-05,22.94419,153147.4,2174501.0,81.6285,35.595
776.0,874.0,1.0,6.0,928.0,11.0,982.0,49.0,389.0,52.0,201.0,29.0,709.0,17.0,2.080746e-05,58.40248,16783.42,12750420.0,60.9258,23.3472
543.0,913.0,1.0,3.0,573.0,11.0,112.0,21.0,151.0,23.0,523.0,54.0,216.0,24.0,2.715784e-05,52.95863,40642.28,16295760.0,64.0869,21.2338
305.0,877.0,3.0,4.0,647.0,76.0,831.0,72.0,296.0,87.0,323.0,89.0,324.0,18.0,4.32866e-05,59.18011,16783.42,12750420.0,88.384,30.0053
726.0,628.0,1.0,1.0,209.0,13.0,184.0,11.0,210.0,42.0,284.0,82.0,921.0,27.0,0.0002498766,42.17191,898000.8,95551890.0,89.9505,25.2539
299.0,902.0,2.0,5.0,290.0,85.0,890.0,74.0,372.0,91.0,323.0,80.0,337.0,15.0,2.461795e-05,59.19729,16783.42,12750420.0,58.0518,17.0598
739.0,277.0,1.0,6.0,536.0,77.0,995.0,59.0,177.0,57.0,567.0,33.0,779.0,1.0,0.000312782,48.16066,898000.8,231377800.0,37.4273,16.1926
258.0,752.0,1.0,3.0,926.0,67.0,842.0,15.0,602.0,97.0,179.0,89.0,113.0,10.0,9.354373e-05,36.73884,577079.0,30874990.0,101.814,40.6516
334.0,791.0,1.0,1.0,402.0,23.0,977.0,26.0,872.0,79.0,163.0,89.0,662.0,29.0,8.688232e-05,60.70988,40642.28,30874990.0,63.3466,39.6242
737.0,387.0,1.0,1.0,988.0,17.0,212.0,66.0,191.0,71.0,611.0,39.0,802.0,3.0,9.130723e-05,26.52049,1397391.0,25358040.0,61.7,18.776
672.0,390.0,3.0,1.0,239.0,8.0,579.0,7.0,219.0,1.0,785.0,81.0,997.0,94.0,0.001019485,33.16618,370846.0,16295760.0,108.523,27.5909
913.0,638.0,2.0,4.0,432.0,78.0,355.0,33.0,447.0,52.0,507.0,56.0,376.0,56.0,6.961741e-05,13.94734,898000.8,3383770.0,67.9022,4.63995
324.0,804.0,1.0,4.0,491.0,84.0,986.0,66.0,163.0,57.0,170.0,28.0,851.0,22.0,9.352014e-05,54.97969,153147.4,74763430.0,74.3228,23.4389
317.0,391.0,4.0,1.0,788.0,91.0,709.0,99.0,586.0,33.0,826.0,12.0,347.0,2.0,0.001760386,16.67965,5265528.0,95551890.0,27.179,6.22062
721.0,758.0,2.0,1.0,439.0,76.0,749.0,9.0,237.0,2.0,700.0,28.0,957.0,32.0,8.175749e-05,64.55156,10785.12,16295760.0,77.9871,23.9369
738.0,895.0,1.0,1.0,906.0,91.0,821.0,25.0,740.0,18.0,570.0,80.0,971.0,74.0,2.406652e-05,63.06312,10785.12,10472090.0,60.2425,14.8673
509.0,739.0,7.0,1.0,640.0,69.0,294.0,28.0,358.0,96.0,329.0,96.0,805.0,23.0,0.0002455,34.08454,370846.0,16295760.0,93.6953,32.4261
667.0,856.0,1.0,5.0,988.0,11.0,981.0,56.0,326.0,56.0,271.0,38.0,814.0,17.0,3.386756e-05,58.50119,26117.46,16295760.0,59.4348,26.2283
502.0,798.0,2.0,2.0,502.0,81.0,827.0,64.0,717.0,66.0,278.0,44.0,925.0,38.0,0.0001316746,59.91268,63244.55,61404200.0,83.3734,40.4962
545.0,896.0,2.0,5.0,273.0,87.0,873.0,74.0,316.0,88.0,340.0,90.0,312.0,17.0,2.867066e-05,58.86605,16783.42,12750420.0,69.7325,27.4868
748.0,725.0,1.0,1.0,193.0,19.0,597.0,8.0,233.0,44.0,685.0,76.0,906.0,31.0,4.642006e-05,22.07573,1397391.0,12750420.0,72.793,27.5983
799.0,682.0,1.0,1.0,952.0,92.0,830.0,22.0,186.0,39.0,176.0,37.0,544.0,54.0,9.289874e-05,18.94191,2174500.0,16295760.0,93.908,37.9217
328.0,854.0,1.0,1.0,372.0,23.0,935.0,18.0,870.0,74.0,147.0,94.0,610.0,23.0,2.781641e-05,59.32187,16783.42,12750420.0,57.9337,17.9072
654.0,737.0,1.0,2.0,900.0,60.0,804.0,10.0,610.0,38.0,381.0,87.0,210.0,3.0,6.034914e-05,49.10957,153147.4,30874990.0,59.4015,24.6007
524.0,742.0,5.0,1.0,612.0,83.0,317.0,22.0,394.0,58.0,831.0,79.0,835.0,21.0,0.0001840577,65.53052,16783.42,25358040.0,68.9987,19.9626
663.0,942.0,1.0,4.0,918.0,78.0,885.0,73.0,275.0,13.0,255.0,38.0,376.0,20.0,1.068205e-05,27.29436,238315.2,4324649.0,32.2131,6.73712
492.0,921.0,1.0,1.0,964.0,30.0,567.0,35.0,492.0,50.0,338.0,74.0,993.0,98.0,1.970424e-05,54.38868,26117.46,10472090.0,59.8737,13.9538
332.0,798.0,2.0,1.0,372.0,15.0,935.0,18.0,882.0,76.0,148.0,93.0,610.0,32.0,7.716017e-05,57.30592,26117.46,12750420.0,79.335,53.9533
393.0,857.0,3.0,3.0,738.0,86.0,813.0,64.0,601.0,71.0,287.0,50.0,920.0,38.0,5.501647e-05,62.91176,16783.42,16295760.0,78.4211,41.6251
301.0,809.0,1.0,2.0,398.0,15.0,937.0,24.0,868.0,74.0,148.0,94.0,651.0,32.0,7.272273e-05,59.68554,40642.28,25358040.0,74.3069,47.0652
418.0,912.0,1.0,3.0,599.0,15.0,103.0,33.0,436.0,28.0,501.0,66.0,201.0,65.0,6.673695e-05,56.90729,63244.55,30874990.0,84.6719,29.5915
313.0,444.0,4.0,2.0,593.0,52.0,665.0,45.0,853.0,79.0,627.0,52.0,896.0,3.0,0.0008544301,5.129063,3383769.0,5265529.0,70.0277,19.6634
635.0,859.0,2.0,1.0,922.0,98.0,821.0,28.0,537.0,51.0,465.0,83.0,926.0,47.0,3.525818e-05,56.86751,16783.42,10472090.0,64.1087,14.4398
493.0,912.0,2.0,3.0,603.0,13.0,101.0,27.0,461.0,21.0,542.0,65.0,299.0,63.0,5.34516e-05,61.48147,10785.12,12750420.0,89.7936,35.3244
438.0,700.0,5.0,1.0,436.0,12.0,910.0,63.0,716.0,32.0,329.0,68.0,159.0,24.0,0.0006351823,54.19749,40642.28,25358040.0,118.279,24.1645
366.0,832.0,1.0,1.0,398.0,19.0,934.0,13.0,844.0,76.0,147.0,92.0,607.0,21.0,3.282185e-05,57.14086,26117.46,12750420.0,63.2226,22.3616
277.0,871.0,1.0,1.0,889.0,65.0,714.0,13.0,535.0,41.0,202.0,89.0,109.0,18.0,3.617706e-05,48.2202,40642.28,10472090.0,79.067,51.1668
449.0,887.0,4.0,2.0,628.0,16.0,115.0,33.0,461.0,17.0,530.0,20.0,171.0,76.0,7.052419e-05,24.59466,238315.2,4324649.0,101.693,43.4629
390.0,442.0,4.0,3.0,809.0,79.0,662.0,60.0,601.0,48.0,293.0,13.0,396.0,73.0,0.001208873,15.92344,3383769.0,281716800.0,49.8591,0.0
673.0,551.0,8.0,1.0,450.0,79.0,241.0,7.0,200.0,1.0,763.0,29.0,933.0,94.0,0.0008753431,40.26787,238315.2,19841090.0,136.655,23.3411
301.0,676.0,8.0,3.0,602.0,78.0,326.0,85.0,382.0,93.0,862.0,4.0,849.0,51.0,0.0009273115,4.278479,3383769.0,3383770.0,130.73,34.9658
930.0,839.0,4.0,3.0,275.0,42.0,896.0,90.0,907.0,43.0,768.0,84.0,530.0,59.0,5.193322e-05,33.68493,98416.24,4324649.0,100.016,22.2033
727.0,688.0,1.0,1.0,435.0,16.0,597.0,9.0,238.0,42.0,411.0,85.0,923.0,16.0,7.44705e-05,36.53754,577079.0,30874990.0,71.9325,25.9818
735.0,806.0,1.0,5.0,533.0,13.0,988.0,64.0,178.0,74.0,150.0,38.0,799.0,14.0,6.243962e-05,56.33209,63244.55,39459980.0,76.504,26.7376
886.0,774.0,2.0,1.0,796.0,89.0,928.0,21.0,794.0,42.0,150.0,36.0,915.0,24.0,5.213086e-05,51.15661,40642.28,12750420.0,70.6827,22.1174
888.0,745.0,1.0,1.0,874.0,89.0,910.0,4.0,549.0,49.0,117.0,37.0,915.0,20.0,2.380185e-05,32.28317,153147.4,5265529.0,73.8738,38.1083
703.0,771.0,1.0,1.0,698.0,92.0,887.0,11.0,591.0,43.0,168.0,27.0,914.0,19.0,3.849739e-05,39.52092,238315.2,19841090.0,56.8826,15.5185
528.0,736.0,7.0,1.0,642.0,70.0,298.0,22.0,362.0,57.0,801.0,82.0,825.0,22.0,0.0002054342,64.66094,16783.42,19841090.0,81.5313,31.4524
515.0,714.0,3.0,1.0,280.0,83.0,873.0,76.0,284.0,97.0,276.0,91.0,355.0,16.0,0.0003595532,58.83599,98416.24,181038800.0,105.649,21.4836
516.0,857.0,3.0,2.0,402.0,2.0,801.0,72.0,617.0,71.0,373.0,49.0,856.0,38.0,5.736696e-05,57.40361,10785.12,6729644.0,80.6818,25.864
204.0,346.0,4.0,2.0,643.0,12.0,628.0,35.0,720.0,94.0,602.0,59.0,316.0,40.0,0.0008489963,12.93932,2174500.0,10472090.0,140.044,23.9261
693.0,637.0,1.0,1.0,411.0,78.0,615.0,19.0,221.0,44.0,323.0,74.0,947.0,16.0,0.000210967,61.37499,153147.4,116340400.0,61.8612,25.057
739.0,846.0,1.0,5.0,521.0,76.0,996.0,64.0,173.0,57.0,194.0,33.0,779.0,18.0,4.51817e-05,59.56311,63244.55,39459980.0,55.003,30.3473
728.0,745.0,2.0,1.0,426.0,76.0,742.0,9.0,237.0,2.0,700.0,26.0,957.0,31.0,9.045061e-05,64.425,10785.12,16295760.0,77.875,24.9598
228.0,355.0,4.0,2.0,446.0,14.0,573.0,18.0,169.0,3.0,601.0,58.0,922.0,90.0,0.00205909,29.6579,1397391.0,682174000.0,68.892,22.6704
846.0,674.0,1.0,1.0,727.0,93.0,835.0,21.0,204.0,26.0,102.0,44.0,539.0,16.0,0.0001258428,41.61166,577079.0,48044980.0,81.0091,36.738
509.0,719.0,8.0,1.0,679.0,71.0,308.0,22.0,358.0,60.0,755.0,96.0,805.0,26.0,0.0002526104,64.1315,16783.42,19841090.0,98.8245,29.7577
250.0,872.0,1.0,1.0,889.0,67.0,615.0,16.0,535.0,39.0,130.0,89.0,109.0,19.0,4.644714e-05,51.4232,40642.28,12750420.0,78.2312,51.7537
757.0,973.0,1.0,4.0,371.0,68.0,522.0,73.0,934.0,14.0,481.0,46.0,102.0,51.0,1.894137e-05,54.1391,16783.42,8193759.0,73.4808,27.1963
766.0,470.0,1.0,1.0,871.0,78.0,778.0,88.0,172.0,44.0,291.0,37.0,530.0,76.0,0.0002859713,13.23809,8193758.0,30874990.0,113.218,13.5486
663.0,870.0,1.0,1.0,900.0,90.0,822.0,27.0,713.0,18.0,589.0,81.0,971.0,81.0,4.207917e-05,64.04731,10785.12,16295760.0,61.0403,16.4603
472.0,870.0,3.0,3.0,554.0,87.0,815.0,63.0,618.0,71.0,338.0,50.0,312.0,37.0,4.972248e-05,37.90352,153147.4,10472090.0,100.162,45.8218
478.0,821.0,1.0,1.0,905.0,31.0,474.0,44.0,538.0,63.0,354.0,24.0,990.0,78.0,9.060464e-05,26.79634,1397391.0,25358040.0,58.8689,22.2927
945.0,753.0,1.0,1.0,821.0,95.0,868.0,10.0,703.0,27.0,117.0,40.0,990.0,13.0,3.220577e-05,59.06428,16783.42,12750420.0,63.8867,17.743
514.0,899.0,1.0,1.0,412.0,4.0,868.0,59.0,434.0,65.0,260.0,44.0,303.0,37.0,2.59661e-05,33.27811,238315.2,8193759.0,69.226,17.2025
218.0,347.0,4.0,1.0,634.0,11.0,627.0,36.0,743.0,94.0,360.0,60.0,315.0,40.0,0.0009630985,17.53635,2174500.0,12750420.0,124.641,23.1087
888.0,770.0,1.0,1.0,842.0,92.0,910.0,11.0,630.0,40.0,139.0,23.0,968.0,16.0,2.657155e-05,38.17447,153147.4,12750420.0,57.1541,15.241
373.0,857.0,1.0,1.0,340.0,14.0,966.0,15.0,923.0,73.0,176.0,91.0,607.0,22.0,2.343782e-05,57.11204,16783.42,10472090.0,61.3432,20.0891
706.0,718.0,1.0,1.0,894.0,94.0,932.0,15.0,722.0,29.0,170.0,34.0,520.0,15.0,0.000113293,63.3037,40642.28,48044980.0,66.4636,56.7374
347.0,805.0,1.0,1.0,444.0,15.0,989.0,17.0,886.0,73.0,144.0,88.0,588.0,20.0,5.233375e-05,59.87614,26117.46,19841090.0,63.6021,25.7166
452.0,901.0,1.0,2.0,910.0,29.0,475.0,35.0,492.0,43.0,249.0,81.0,968.0,95.0,3.356264e-05,61.00713,16783.42,16295760.0,66.4466,20.9128
509.0,844.0,1.0,1.0,472.0,39.0,573.0,42.0,588.0,59.0,344.0,91.0,998.0,83.0,8.632528e-05,63.06306,40642.28,48044980.0,57.0563,19.2761
670.0,613.0,2.0,1.0,284.0,75.0,581.0,7.0,199.0,1.0,745.0,81.0,999.0,91.0,0.0006270095,32.91173,577079.0,25358040.0,105.659,22.6754
791.0,700.0,1.0,1.0,268.0,17.0,480.0,62.0,876.0,11.0,560.0,46.0,792.0,40.0,0.0002599378,29.25392,1397391.0,39459980.0,71.7566,22.347
245.0,865.0,5.0,2.0,583.0,83.0,879.0,73.0,415.0,93.0,819.0,90.0,807.0,13.0,4.005075e-05,31.1937,153147.4,6729644.0,0.0,0.0
235.0,838.0,1.0,2.0,926.0,63.0,683.0,15.0,611.0,32.0,148.0,87.0,179.0,13.0,5.431373e-05,58.87576,26117.46,19841090.0,77.4049,50.268
502.0,853.0,3.0,3.0,494.0,81.0,816.0,63.0,716.0,66.0,389.0,47.0,925.0,38.0,5.712546e-05,65.09488,10785.12,16295760.0,78.9282,39.8227
332.0,816.0,1.0,1.0,383.0,18.0,997.0,13.0,819.0,75.0,386.0,96.0,629.0,30.0,4.018432e-05,38.3159,153147.4,10472090.0,67.6355,31.3798
260.0,809.0,1.0,1.0,599.0,85.0,973.0,16.0,858.0,82.0,109.0,93.0,638.0,32.0,6.302595e-05,57.68072,40642.28,19841090.0,63.4227,36.5288
419.0,260.0,1.0,1.0,782.0,9.0,735.0,67.0,905.0,14.0,704.0,95.0,313.0,41.0,0.001580127,26.75904,2174500.0,39459980.0,100.513,13.3083
743.0,899.0,1.0,1.0,904.0,93.0,821.0,28.0,737.0,18.0,570.0,78.0,971.0,74.0,2.315773e-05,65.19025,6930.448,10472090.0,57.8299,13.9028
726.0,747.0,1.0,1.0,197.0,76.0,612.0,9.0,192.0,36.0,353.0,30.0,918.0,24.0,3.982148e-05,23.10362,1397391.0,16295760.0,65.6246,21.0546
459.0,902.0,1.0,1.0,909.0,26.0,570.0,38.0,483.0,57.0,273.0,81.0,999.0,84.0,2.841271e-05,58.57779,26117.46,16295760.0,57.6533,13.4923
240.0,772.0,1.0,3.0,994.0,66.0,879.0,3.0,593.0,33.0,362.0,91.0,190.0,2.0,2.012343e-05,55.17863,16783.42,8193759.0,71.5619,27.4928
556.0,925.0,1.0,3.0,553.0,2.0,122.0,23.0,156.0,12.0,543.0,50.0,217.0,27.0,2.323805e-05,53.66049,16783.42,8193759.0,73.98,24.0112
379.0,795.0,1.0,1.0,434.0,13.0,935.0,18.0,923.0,63.0,179.0,93.0,606.0,22.0,6.56619e-05,60.45591,26117.46,25358040.0,65.6609,30.5704
422.0,260.0,1.0,1.0,782.0,9.0,726.0,67.0,905.0,52.0,682.0,93.0,308.0,41.0,0.0006801644,17.74233,3383769.0,19841090.0,93.3998,19.8489
317.0,391.0,4.0,1.0,812.0,14.0,814.0,98.0,969.0,41.0,908.0,12.0,347.0,2.0,0.0006547357,44.47096,238315.2,30874990.0,65.1479,14.2027
667.0,861.0,1.0,1.0,903.0,89.0,780.0,28.0,708.0,18.0,543.0,80.0,956.0,81.0,5.185194e-05,66.43027,10785.12,19841090.0,61.1834,17.4648
784.0,677.0,6.0,2.0,640.0,73.0,133.0,74.0,344.0,30.0,394.0,41.0,637.0,68.0,0.0004145013,31.24033,577079.0,231377800.0,33.1509,9.72799
240.0,831.0,4.0,5.0,555.0,83.0,918.0,25.0,396.0,92.0,830.0,90.0,812.0,13.0,2.891591e-05,48.18107,26117.46,6729644.0,82.1824,28.7674
328.0,833.0,1.0,1.0,300.0,23.0,935.0,19.0,890.0,74.0,147.0,96.0,610.0,29.0,4.57387e-05,58.53056,26117.46,16295760.0,62.722,25.4067
748.0,747.0,1.0,1.0,193.0,18.0,597.0,2.0,233.0,44.0,698.0,89.0,906.0,19.0,1.567339e-05,21.57914,370846.0,3383770.0,77.5785,25.4417
473.0,952.0,1.0,1.0,588.0,7.0,809.0,60.0,590.0,77.0,332.0,52.0,310.0,29.0,9.119584e-06,51.35511,16783.42,5265529.0,50.8508,10.3092
674.0,396.0,1.0,5.0,536.0,7.0,201.0,29.0,180.0,73.0,646.0,33.0,838.0,22.0,0.0001106089,6.50822,3383769.0,5265529.0,17.933,7.49577
866.0,767.0,2.0,5.0,288.0,41.0,801.0,65.0,157.0,77.0,994.0,69.0,520.0,86.0,5.772527e-05,5.558278,1397391.0,1785947.0,14.0482,5.09463
417.0,711.0,1.0,1.0,140.0,13.0,910.0,28.0,115.0,50.0,417.0,30.0,958.0,24.0,0.0001050367,18.98842,5265528.0,39459980.0,64.1285,30.0885
765.0,623.0,2.0,1.0,177.0,12.0,605.0,11.0,198.0,1.0,386.0,87.0,728.0,60.0,0.0005336355,18.97227,898000.8,6729644.0,102.555,27.1578
754.0,871.0,2.0,6.0,198.0,68.0,115.0,74.0,603.0,13.0,340.0,89.0,143.0,50.0,0.0002186132,15.56618,1397391.0,10472090.0,14.1613,6.61243
654.0,737.0,1.0,3.0,952.0,64.0,807.0,10.0,610.0,37.0,339.0,98.0,218.0,4.0,6.937827e-05,52.74275,98416.24,30874990.0,75.7538,35.76
254.0,915.0,4.0,1.0,835.0,40.0,238.0,22.0,169.0,32.0,536.0,22.0,368.0,51.0,1.408588e-05,14.53145,153147.4,737540.9,75.0199,15.1378
251.0,742.0,5.0,3.0,612.0,77.0,329.0,21.0,414.0,66.0,955.0,83.0,807.0,22.0,0.0001812556,52.90351,63244.55,116340400.0,57.3814,16.1643
371.0,970.0,1.0,1.0,396.0,58.0,401.0,73.0,604.0,33.0,546.0,61.0,103.0,41.0,1.660421e-05,50.70203,40642.28,10472090.0,62.341,15.011
612.0,873.0,1.0,1.0,903.0,99.0,827.0,28.0,660.0,18.0,519.0,81.0,971.0,84.0,4.165945e-05,64.54199,10785.12,16295760.0,61.8269,16.7662
499.0,907.0,1.0,1.0,507.0,1.0,925.0,64.0,617.0,71.0,363.0,53.0,311.0,29.0,2.27077e-05,46.59629,40642.28,6729644.0,71.5525,18.4581
521.0,827.0,4.0,5.0,288.0,83.0,317.0,23.0,397.0,58.0,824.0,75.0,840.0,16.0,6.046072e-05,40.5919,153147.4,16295760.0,91.8069,24.1362
247.0,836.0,1.0,3.0,994.0,66.0,876.0,9.0,593.0,37.0,384.0,90.0,194.0,4.0,1.860472e-05,59.77088,10785.12,10472090.0,62.2674,18.5416
531.0,903.0,1.0,3.0,626.0,22.0,164.0,19.0,283.0,19.0,520.0,65.0,218.0,24.0,3.163384e-05,59.17831,26117.46,16295760.0,67.592,26.2789
885.0,752.0,1.0,1.0,796.0,92.0,717.0,6.0,791.0,42.0,112.0,38.0,976.0,24.0,4.31355e-05,41.9197,98416.24,12750420.0,67.8882,37.0219
757.0,912.0,1.0,1.0,272.0,16.0,522.0,74.0,603.0,42.0,707.0,84.0,113.0,50.0,4.462171e-05,46.40808,153147.4,19841090.0,64.9051,19.232
333.0,791.0,1.0,1.0,402.0,23.0,977.0,26.0,872.0,83.0,162.0,89.0,663.0,29.0,8.643365e-05,60.67812,40642.28,30874990.0,63.0567,39.5337
500.0,853.0,3.0,3.0,471.0,10.0,823.0,65.0,593.0,66.0,390.0,47.0,958.0,28.0,5.177434e-05,53.80025,26117.46,10472090.0,72.9703,24.4328
891.0,767.0,2.0,1.0,796.0,91.0,905.0,21.0,689.0,44.0,168.0,35.0,927.0,24.0,4.675051e-05,41.84606,98416.24,10472090.0,72.2436,23.4952
520.0,809.0,5.0,1.0,632.0,79.0,852.0,15.0,341.0,56.0,309.0,95.0,341.0,15.0,4.626275e-05,43.97028,40642.28,4324649.0,84.4896,28.377
776.0,845.0,1.0,6.0,969.0,7.0,982.0,54.0,305.0,51.0,192.0,32.0,693.0,18.0,2.479217e-05,37.32486,153147.4,10472090.0,81.6111,33.064
322.0,861.0,1.0,1.0,384.0,10.0,910.0,20.0,884.0,65.0,171.0,91.0,681.0,23.0,2.4591e-05,52.58825,40642.28,10472090.0,57.0475,15.3934
358.0,838.0,1.0,2.0,273.0,65.0,528.0,59.0,604.0,42.0,492.0,85.0,170.0,50.0,0.0001647185,46.42476,370846.0,95551890.0,85.9041,15.9982
752.0,894.0,1.0,5.0,978.0,11.0,982.0,60.0,318.0,58.0,226.0,33.0,801.0,17.0,1.705336e-05,58.64728,16783.42,10472090.0,39.1103,8.63547
730.0,685.0,1.0,3.0,993.0,64.0,789.0,6.0,613.0,35.0,384.0,87.0,239.0,4.0,7.625109e-05,58.72023,40642.28,30874990.0,84.3354,39.5689
329.0,795.0,1.0,1.0,442.0,17.0,935.0,18.0,923.0,63.0,179.0,93.0,606.0,25.0,7.089217e-05,60.79201,26117.46,25358040.0,66.7981,36.137
496.0,701.0,4.0,4.0,170.0,15.0,914.0,23.0,145.0,15.0,420.0,28.0,958.0,30.0,0.000127254,28.94195,577079.0,30874990.0,73.5945,22.2861
707.0,625.0,8.0,1.0,171.0,69.0,204.0,5.0,202.0,1.0,386.0,81.0,932.0,59.0,0.0004646304,7.618364,898000.8,1397392.0,127.489,21.7001
697.0,861.0,2.0,1.0,900.0,91.0,819.0,23.0,711.0,18.0,524.0,83.0,965.0,81.0,4.722343e-05,62.62955,6930.448,8193759.0,76.7516,22.5287
478.0,912.0,1.0,3.0,594.0,16.0,150.0,25.0,437.0,19.0,527.0,66.0,247.0,61.0,4.671397e-05,57.89083,26117.46,19841090.0,81.3866,33.7433
721.0,960.0,1.0,3.0,272.0,69.0,864.0,73.0,919.0,16.0,757.0,45.0,116.0,44.0,1.488501e-05,50.57366,26117.46,6729644.0,69.5517,20.6544
825.0,361.0,2.0,1.0,847.0,93.0,777.0,22.0,153.0,42.0,202.0,31.0,545.0,55.0,0.0001209555,10.17948,2174500.0,5265529.0,112.087,20.6664
486.0,799.0,2.0,1.0,864.0,35.0,465.0,62.0,541.0,64.0,302.0,80.0,994.0,85.0,0.0002299424,44.38414,370846.0,39459980.0,86.5557,40.5346
776.0,869.0,1.0,5.0,969.0,7.0,982.0,55.0,393.0,51.0,225.0,32.0,702.0,15.0,1.997786e-05,57.59062,16783.42,10472090.0,60.1441,17.2969
498.0,879.0,2.0,3.0,495.0,81.0,797.0,64.0,763.0,71.0,369.0,48.0,925.0,38.0,3.695398e-05,64.63749,10785.12,16295760.0,51.9406,13.6961
493.0,917.0,1.0,1.0,599.0,15.0,147.0,36.0,465.0,14.0,467.0,64.0,180.0,69.0,6.796364e-05,59.8028,26117.46,25358040.0,72.7528,22.5795
696.0,718.0,2.0,1.0,202.0,15.0,516.0,16.0,221.0,41.0,323.0,85.0,963.0,19.0,0.0001217326,58.46725,63244.55,39459980.0,76.9273,30.7937
783.0,516.0,6.0,3.0,836.0,40.0,248.0,94.0,733.0,33.0,536.0,22.0,388.0,51.0,0.0001849928,15.58168,577079.0,2174501.0,48.8251,4.57278
528.0,741.0,4.0,1.0,588.0,82.0,320.0,22.0,415.0,64.0,289.0,85.0,805.0,23.0,0.0001946355,31.18587,577079.0,19841090.0,84.7459,34.4028
452.0,933.0,1.0,3.0,544.0,14.0,159.0,19.0,155.0,20.0,539.0,65.0,202.0,27.0,1.701985e-05,51.51509,40642.28,10472090.0,66.1077,19.1888
681.0,856.0,1.0,5.0,971.0,11.0,989.0,56.0,358.0,57.0,207.0,33.0,795.0,13.0,3.150138e-05,49.64881,63244.55,16295760.0,48.5622,14.8028
393.0,857.0,1.0,3.0,529.0,86.0,801.0,64.0,601.0,78.0,316.0,50.0,920.0,38.0,5.50732e-05,63.55783,40642.28,39459980.0,44.7667,22.8457
277.0,871.0,1.0,1.0,889.0,65.0,714.0,14.0,535.0,41.0,202.0,89.0,109.0,18.0,3.709093e-05,48.70181,40642.28,10472090.0,78.739,50.3987
613.0,598.0,2.0,9.0,746.0,89.0,797.0,64.0,603.0,71.0,719.0,89.0,113.0,68.0,0.0005933507,15.47637,3383769.0,48044980.0,-3.13705,-581.731
668.0,747.0,2.0,1.0,205.0,14.0,646.0,18.0,221.0,38.0,322.0,85.0,943.0,13.0,8.013519e-05,29.94045,577079.0,16295760.0,59.3615,12.3531
329.0,675.0,6.0,1.0,544.0,9.0,987.0,71.0,197.0,57.0,126.0,28.0,875.0,15.0,0.00032687,46.08942,98416.24,12750420.0,93.0635,42.5608
701.0,855.0,2.0,1.0,878.0,78.0,798.0,29.0,692.0,51.0,486.0,83.0,915.0,49.0,4.011089e-05,59.13893,16783.42,12750420.0,64.7156,15.0015
531.0,902.0,1.0,2.0,626.0,15.0,112.0,19.0,190.0,17.0,520.0,65.0,216.0,24.0,3.67558e-05,58.35583,26117.46,19841090.0,61.8153,17.9856
776.0,886.0,1.0,6.0,928.0,11.0,982.0,49.0,372.0,52.0,226.0,27.0,709.0,17.0,1.706824e-05,57.59578,16783.42,10472090.0,54.7177,16.1091
522.0,879.0,1.0,2.0,940.0,30.0,494.0,43.0,498.0,59.0,345.0,87.0,992.0,84.0,4.978876e-05,61.34782,26117.46,25358040.0,62.5326,23.8651
200.0,806.0,1.0,1.0,863.0,36.0,474.0,57.0,520.0,62.0,354.0,84.0,991.0,86.0,0.0002063109,56.21752,153147.4,74763430.0,65.6255,31.7854
897.0,754.0,1.0,1.0,794.0,85.0,878.0,9.0,712.0,43.0,111.0,24.0,974.0,13.0,2.8682e-05,42.79242,98416.24,12750420.0,56.9425,15.6381
717.0,869.0,1.0,2.0,867.0,89.0,753.0,27.0,734.0,18.0,592.0,82.0,928.0,75.0,4.335351e-05,66.70033,10785.12,16295760.0,64.599,22.3964
738.0,830.0,2.0,2.0,921.0,76.0,823.0,27.0,537.0,50.0,465.0,85.0,954.0,82.0,5.717133e-05,35.82191,153147.4,10472090.0,88.6554,47.0092
624.0,809.0,1.0,3.0,898.0,63.0,883.0,7.0,610.0,33.0,346.0,94.0,190.0,4.0,2.527489e-05,59.06544,16783.42,10472090.0,69.5765,27.2884
762.0,856.0,1.0,6.0,996.0,6.0,996.0,60.0,344.0,57.0,250.0,33.0,814.0,12.0,2.075939e-05,57.06334,16783.42,10472090.0,59.2897,18.4858
491.0,847.0,1.0,2.0,374.0,29.0,526.0,47.0,524.0,59.0,549.0,18.0,967.0,84.0,5.266415e-05,19.03597,1397391.0,12750420.0,60.0835,39.7814
559.0,853.0,1.0,2.0,484.0,41.0,475.0,50.0,576.0,59.0,364.0,82.0,998.0,84.0,8.821273e-05,63.69644,40642.28,48044980.0,63.6912,31.7843
269.0,693.0,6.0,5.0,953.0,83.0,846.0,73.0,287.0,48.0,326.0,73.0,313.0,23.0,0.0005143178,56.77231,63244.55,682174000.0,8.49772,4.12542
527.0,708.0,6.0,1.0,597.0,79.0,889.0,74.0,411.0,88.0,753.0,95.0,370.0,13.0,0.0003287162,60.4035,40642.28,39459980.0,102.035,25.2175
273.0,848.0,2.0,6.0,588.0,82.0,890.0,74.0,405.0,90.0,330.0,89.0,337.0,16.0,6.893007e-05,60.46694,40642.28,74763430.0,68.8385,18.204
754.0,424.0,1.0,1.0,984.0,14.0,208.0,66.0,151.0,73.0,646.0,44.0,804.0,3.0,6.407567e-05,23.69161,1397391.0,19841090.0,64.0465,18.5472
673.0,811.0,1.0,6.0,513.0,82.0,994.0,55.0,164.0,49.0,237.0,39.0,796.0,16.0,6.828437e-05,59.4976,98416.24,74763430.0,73.18,22.7183
720.0,761.0,2.0,1.0,191.0,76.0,742.0,11.0,274.0,2.0,333.0,87.0,994.0,32.0,8.396018e-05,9.142402,577079.0,1397392.0,83.0401,34.7288
515.0,907.0,1.0,1.0,497.0,4.0,787.0,61.0,714.0,71.0,416.0,49.0,877.0,29.0,1.882963e-05,61.6818,10785.12,10472090.0,30.2078,5.47183
726.0,747.0,1.0,1.0,197.0,76.0,627.0,9.0,225.0,36.0,353.0,27.0,918.0,22.0,3.836085e-05,23.36724,1397391.0,16295760.0,63.1413,18.7235
520.0,833.0,4.0,1.0,642.0,76.0,886.0,21.0,357.0,58.0,805.0,75.0,340.0,16.0,2.667519e-05,28.93031,153147.4,2779135.0,75.9208,17.742
466.0,880.0,1.0,2.0,952.0,34.0,586.0,43.0,492.0,57.0,343.0,26.0,997.0,85.0,2.971523e-05,26.31567,577079.0,10472090.0,62.4672,23.4405
671.0,638.0,4.0,1.0,236.0,71.0,681.0,6.0,157.0,1.0,762.0,23.0,933.0,92.0,0.0001921373,23.99527,370846.0,5265529.0,101.197,30.4348
490.0,916.0,1.0,2.0,929.0,24.0,565.0,35.0,492.0,57.0,341.0,74.0,976.0,98.0,2.184525e-05,52.99614,26117.46,10472090.0,64.7338,18.2972
652.0,859.0,2.0,1.0,923.0,95.0,871.0,28.0,537.0,51.0,465.0,83.0,926.0,47.0,3.432184e-05,55.9867,16783.42,10472090.0,65.237,14.8578
471.0,890.0,4.0,2.0,516.0,15.0,783.0,95.0,637.0,47.0,543.0,12.0,347.0,2.0,3.000681e-05,22.59476,238315.2,19841090.0,-80.0365,-12.5015
492.0,921.0,1.0,2.0,967.0,30.0,477.0,35.0,492.0,49.0,349.0,69.0,993.0,95.0,2.048378e-05,55.90123,26117.46,10472090.0,60.1683,15.4516
475.0,870.0,4.0,3.0,555.0,91.0,786.0,64.0,593.0,71.0,375.0,49.0,951.0,40.0,4.392222e-05,64.2333,6930.448,10472090.0,74.5214,30.8087
467.0,859.0,1.0,2.0,887.0,25.0,548.0,47.0,530.0,59.0,331.0,22.0,969.0,85.0,4.730688e-05,25.19723,898000.8,12750420.0,68.4511,54.5583
697.0,861.0,1.0,1.0,903.0,91.0,822.0,27.0,708.0,18.0,519.0,83.0,969.0,81.0,5.008775e-05,66.06059,10785.12,19841090.0,62.5973,17.9929
570.0,473.0,1.0,2.0,656.0,22.0,152.0,65.0,786.0,7.0,714.0,96.0,155.0,45.0,0.003629201,47.54955,898000.8,682174000.0,24.3436,6.57892
725.0,781.0,1.0,1.0,196.0,13.0,612.0,4.0,194.0,40.0,379.0,89.0,919.0,19.0,2.347237e-05,30.36678,238315.2,8193759.0,75.2091,21.91
641.0,729.0,1.0,2.0,900.0,62.0,765.0,11.0,610.0,38.0,381.0,87.0,217.0,1.0,4.614639e-05,20.55408,898000.8,6729644.0,19.5575,4.53548
640.0,745.0,5.0,4.0,826.0,53.0,799.0,35.0,537.0,14.0,505.0,71.0,639.0,87.0,0.0003345058,53.42475,40642.28,360050100.0,15.8541,9.84452
226.0,341.0,4.0,2.0,644.0,12.0,617.0,37.0,720.0,50.0,369.0,60.0,316.0,40.0,0.001322325,21.94494,1397391.0,30874990.0,67.2894,12.7152
631.0,745.0,1.0,3.0,925.0,69.0,572.0,7.0,605.0,42.0,359.0,88.0,198.0,1.0,3.597802e-05,24.71309,577079.0,8193759.0,30.6671,8.22717
261.0,858.0,5.0,5.0,905.0,81.0,878.0,73.0,287.0,93.0,336.0,90.0,350.0,15.0,5.542986e-05,59.91934,10785.12,16295760.0,117.432,25.2802
709.0,634.0,1.0,1.0,788.0,92.0,736.0,22.0,746.0,33.0,178.0,16.0,533.0,16.0,0.0002030261,41.91461,898000.8,74763430.0,68.6227,56.129
635.0,834.0,2.0,1.0,921.0,98.0,830.0,33.0,537.0,51.0,465.0,82.0,927.0,47.0,5.688044e-05,59.61555,26117.46,16295760.0,64.4421,16.1361
687.0,734.0,1.0,1.0,188.0,2.0,622.0,8.0,233.0,41.0,420.0,85.0,906.0,19.0,4.701547e-05,29.41368,577079.0,12750420.0,77.5993,26.1531
216.0,881.0,1.0,1.0,889.0,66.0,656.0,15.0,531.0,44.0,179.0,87.0,194.0,19.0,2.782323e-05,53.09937,26117.46,10472090.0,71.162,22.2112
709.0,821.0,1.0,2.0,902.0,89.0,753.0,28.0,734.0,18.0,592.0,82.0,928.0,77.0,9.777584e-05,67.40985,16783.42,39459980.0,72.0265,31.0845
510.0,842.0,1.0,1.0,484.0,33.0,540.0,43.0,593.0,59.0,350.0,91.0,993.0,84.0,9.341551e-05,63.27426,40642.28,48044980.0,57.7863,20.3257
530.0,841.0,6.0,1.0,587.0,77.0,889.0,26.0,435.0,68.0,307.0,91.0,778.0,17.0,3.070654e-05,61.69539,4453.334,4324649.0,61.4881,8.84594
332.0,743.0,2.0,1.0,372.0,15.0,935.0,18.0,903.0,76.0,148.0,93.0,610.0,32.0,0.0001455912,57.75768,40642.28,19841090.0,85.4277,51.517
725.0,747.0,1.0,1.0,197.0,15.0,612.0,4.0,194.0,40.0,379.0,89.0,919.0,19.0,3.087242e-05,29.45133,370846.0,10472090.0,76.5106,24.7014
706.0,718.0,1.0,1.0,886.0,94.0,736.0,21.0,718.0,41.0,185.0,34.0,909.0,24.0,0.0001385191,64.76268,63244.55,74763430.0,56.1107,51.6871
644.0,939.0,1.0,3.0,573.0,8.0,118.0,23.0,172.0,23.0,537.0,44.0,209.0,27.0,1.49104e-05,49.21636,40642.28,8193759.0,61.4908,15.7329
393.0,875.0,5.0,4.0,495.0,78.0,625.0,38.0,915.0,83.0,291.0,87.0,349.0,80.0,6.225197e-05,38.6241,63244.55,5265529.0,118.082,44.8526
696.0,758.0,2.0,1.0,172.0,15.0,645.0,11.0,146.0,41.0,328.0,84.0,969.0,14.0,5.356195e-05,56.80363,26117.46,16295760.0,67.3022,14.824
511.0,895.0,5.0,5.0,899.0,83.0,885.0,73.0,342.0,94.0,310.0,90.0,370.0,14.0,2.638991e-05,56.92284,10785.12,5265529.0,72.8746,21.4822
273.0,807.0,1.0,4.0,426.0,91.0,963.0,98.0,179.0,25.0,747.0,82.0,953.0,29.0,0.0001330383,21.39447,3383769.0,30874990.0,44.4306,19.0109
469.0,392.0,1.0,2.0,881.0,33.0,427.0,51.0,156.0,63.0,562.0,86.0,994.0,87.0,0.0008233985,15.68313,12750420.0,74763430.0,20.5912,9.97869
949.0,392.0,4.0,9.0,701.0,53.0,247.0,91.0,156.0,23.0,742.0,86.0,814.0,28.0,2.78303e-05,13.22991,153147.4,577080.0,130.939,14.0189
731.0,720.0,2.0,1.0,785.0,92.0,807.0,7.0,697.0,37.0,110.0,20.0,905.0,17.0,5.035659e-05,40.07395,153147.4,10472090.0,75.6301,29.0519
466.0,439.0,1.0,3.0,813.0,8.0,783.0,98.0,606.0,40.0,529.0,12.0,347.0,1.0,0.0002617951,47.86694,238315.2,48044980.0,72.964,27.0492
753.0,667.0,4.0,1.0,245.0,30.0,861.0,63.0,544.0,41.0,726.0,50.0,829.0,45.0,0.0002300745,30.40938,898000.8,19841090.0,109.214,19.7955
901.0,787.0,1.0,1.0,920.0,99.0,823.0,35.0,529.0,57.0,536.0,73.0,600.0,81.0,4.4058e-05,21.33427,577079.0,5265529.0,71.0741,60.174
655.0,764.0,1.0,3.0,900.0,66.0,788.0,10.0,612.0,38.0,386.0,97.0,235.0,5.0,5.554211e-05,63.66431,26117.46,25358040.0,72.0971,36.8565
336.0,391.0,2.0,1.0,812.0,14.0,801.0,96.0,969.0,41.0,832.0,12.0,372.0,35.0,0.0006326689,7.491338,5265528.0,8193759.0,122.866,35.1816
767.0,707.0,4.0,1.0,337.0,32.0,892.0,92.0,902.0,33.0,556.0,50.0,765.0,55.0,0.0003043524,44.36046,238315.2,30874990.0,105.561,21.5829
709.0,677.0,2.0,1.0,842.0,92.0,741.0,20.0,757.0,34.0,175.0,37.0,537.0,49.0,0.0002449514,37.72476,577079.0,30874990.0,101.959,52.4119
696.0,735.0,2.0,1.0,202.0,5.0,516.0,15.0,221.0,42.0,323.0,86.0,728.0,19.0,9.93237e-05,46.62518,98416.24,19841090.0,83.8543,36.7596
678.0,829.0,1.0,6.0,984.0,79.0,983.0,38.0,393.0,54.0,251.0,31.0,755.0,15.0,4.008622e-05,61.90039,40642.28,30874990.0,64.6691,34.3384
323.0,874.0,6.0,1.0,626.0,78.0,833.0,72.0,353.0,87.0,321.0,75.0,336.0,13.0,4.164207e-05,59.3479,10785.12,8193759.0,40.5323,4.32962
691.0,818.0,1.0,5.0,538.0,82.0,999.0,63.0,150.0,74.0,141.0,27.0,772.0,16.0,6.555394e-05,48.65894,238315.2,48044980.0,65.4196,28.3406
707.0,747.0,2.0,1.0,202.0,18.0,637.0,12.0,221.0,42.0,327.0,85.0,949.0,46.0,7.6978e-05,29.17753,577079.0,12750420.0,90.11,37.2396
779.0,841.0,1.0,1.0,363.0,11.0,554.0,69.0,956.0,41.0,624.0,47.0,819.0,43.0,7.358025e-05,65.28143,26117.46,39459980.0,37.7227,8.56937
453.0,909.0,1.0,2.0,782.0,5.0,813.0,58.0,585.0,65.0,285.0,48.0,236.0,36.0,2.565306e-05,43.86355,63244.55,10472090.0,74.4347,27.8558
347.0,857.0,6.0,4.0,265.0,84.0,843.0,59.0,289.0,94.0,316.0,75.0,335.0,18.0,5.019615e-05,52.82496,26117.46,8193759.0,117.045,27.221
888.0,748.0,1.0,1.0,794.0,87.0,886.0,9.0,577.0,42.0,168.0,36.0,914.0,24.0,3.228109e-05,33.50798,238315.2,10472090.0,70.5413,36.6326
848.0,840.0,2.0,2.0,882.0,99.0,823.0,27.0,522.0,52.0,465.0,69.0,944.0,47.0,3.797442e-05,40.26222,98416.24,8193759.0,75.4483,38.355
511.0,896.0,6.0,5.0,273.0,78.0,898.0,72.0,287.0,88.0,310.0,90.0,779.0,10.0,2.029828e-05,21.48814,153147.4,1785947.0,0.0,0.0
483.0,780.0,1.0,1.0,502.0,26.0,933.0,26.0,854.0,61.0,210.0,88.0,603.0,22.0,9.180771e-05,47.7329,238315.2,39459980.0,61.5649,31.4046
528.0,844.0,1.0,1.0,610.0,77.0,885.0,71.0,357.0,63.0,344.0,74.0,353.0,19.0,7.277058e-05,61.63602,63244.55,48044980.0,35.7896,9.00827
466.0,881.0,1.0,2.0,504.0,37.0,496.0,43.0,502.0,53.0,343.0,26.0,999.0,83.0,3.42524e-05,28.97425,577079.0,12750420.0,57.9719,20.2947
493.0,887.0,4.0,3.0,502.0,13.0,101.0,32.0,466.0,21.0,541.0,64.0,170.0,69.0,0.0001114134,54.65762,26117.46,12750420.0,119.524,20.6642
240.0,836.0,1.0,3.0,994.0,66.0,879.0,14.0,565.0,33.0,362.0,92.0,194.0,4.0,2.351119e-05,37.11776,153147.4,10472090.0,55.5646,15.8721
452.0,934.0,1.0,3.0,544.0,12.0,159.0,20.0,156.0,20.0,540.0,65.0,230.0,23.0,1.591176e-05,55.33813,26117.46,10472090.0,57.9979,14.7248
260.0,809.0,1.0,1.0,422.0,79.0,973.0,16.0,858.0,80.0,110.0,93.0,633.0,32.0,6.335216e-05,57.1605,40642.28,19841090.0,64.0588,35.5073
621.0,763.0,1.0,3.0,948.0,64.0,863.0,9.0,613.0,35.0,361.0,87.0,238.0,4.0,4.610668e-05,63.52889,16783.42,25358040.0,69.6386,39.4593
342.0,877.0,5.0,5.0,940.0,80.0,844.0,73.0,287.0,86.0,323.0,82.0,350.0,14.0,3.951022e-05,59.98245,10785.12,8193759.0,93.7317,30.7848
551.0,716.0,6.0,1.0,647.0,78.0,889.0,21.0,362.0,91.0,313.0,87.0,805.0,14.0,0.0001083806,59.57387,16783.42,12750420.0,82.7807,34.7338
299.0,902.0,1.0,6.0,305.0,86.0,890.0,69.0,337.0,87.0,327.0,82.0,363.0,16.0,2.337908e-05,59.07288,26117.46,19841090.0,45.5728,18.532
477.0,863.0,1.0,2.0,912.0,35.0,520.0,46.0,531.0,59.0,427.0,18.0,994.0,84.0,4.101341e-05,21.80403,898000.8,10472090.0,59.6587,34.9588
727.0,747.0,1.0,1.0,188.0,16.0,597.0,3.0,152.0,43.0,718.0,78.0,906.0,25.0,1.661576e-05,15.97921,577079.0,3383770.0,77.853,26.403
627.0,836.0,1.0,3.0,987.0,61.0,805.0,9.0,541.0,32.0,363.0,87.0,227.0,4.0,1.804148e-05,60.43726,10785.12,10472090.0,57.4731,16.4152
347.0,784.0,1.0,1.0,444.0,19.0,976.0,18.0,879.0,74.0,168.0,93.0,606.0,20.0,6.940597e-05,60.78519,40642.28,25358040.0,63.5372,30.5442
250.0,853.0,5.0,3.0,265.0,83.0,925.0,73.0,412.0,93.0,819.0,81.0,807.0,17.0,4.993835e-05,61.43256,10785.12,10472090.0,44.3943,7.26309
268.0,796.0,1.0,1.0,464.0,29.0,934.0,15.0,911.0,59.0,144.0,89.0,665.0,22.0,5.800401e-05,59.23358,40642.28,25358040.0,63.439,26.6475
608.0,747.0,1.0,3.0,926.0,66.0,824.0,14.0,611.0,43.0,178.0,88.0,104.0,4.0,0.0001058668,58.70909,63244.55,48044980.0,92.0807,41.6671
558.0,885.0,2.0,3.0,509.0,83.0,814.0,63.0,589.0,67.0,370.0,49.0,944.0,47.0,3.344648e-05,62.21395,16783.42,16295760.0,59.8864,18.3604
548.0,912.0,1.0,3.0,624.0,9.0,113.0,21.0,156.0,24.0,521.0,50.0,212.0,24.0,2.64799e-05,50.90337,63244.55,16295760.0,66.6824,22.8454
260.0,793.0,1.0,2.0,976.0,66.0,488.0,15.0,602.0,88.0,179.0,91.0,113.0,6.0,8.270007e-05,56.31405,98416.24,39459980.0,74.379,44.6296
796.0,677.0,1.0,1.0,976.0,92.0,828.0,11.0,746.0,39.0,196.0,38.0,547.0,53.0,9.238699e-05,27.40615,898000.8,16295760.0,82.2929,60.5088
621.0,799.0,2.0,2.0,882.0,76.0,823.0,28.0,712.0,18.0,526.0,83.0,971.0,82.0,0.0001324684,66.55188,10785.12,25358040.0,98.2824,32.059
810.0,739.0,2.0,2.0,926.0,14.0,648.0,15.0,592.0,65.0,195.0,88.0,113.0,20.0,7.418117e-05,25.66711,238315.2,3383770.0,93.7885,63.5662
621.0,820.0,2.0,1.0,879.0,66.0,573.0,20.0,600.0,92.0,207.0,88.0,204.0,6.0,4.908689e-05,60.18936,16783.42,16295760.0,51.7559,10.2533
691.0,855.0,1.0,6.0,967.0,10.0,981.0,51.0,325.0,44.0,270.0,38.0,655.0,17.0,3.375966e-05,58.43519,26117.46,16295760.0,75.1113,34.8065
756.0,679.0,1.0,2.0,746.0,79.0,712.0,71.0,200.0,58.0,873.0,21.0,966.0,27.0,0.0001779805,18.12805,5265528.0,39459980.0,55.9368,22.5604
393.0,816.0,4.0,3.0,758.0,78.0,673.0,97.0,602.0,71.0,293.0,87.0,345.0,69.0,0.0002705306,60.25649,40642.28,360050100.0,56.4074,15.0828
766.0,698.0,1.0,3.0,365.0,72.0,514.0,62.0,917.0,14.0,524.0,50.0,162.0,42.0,0.0008201586,54.14563,577079.0,682174000.0,1.03142,1.13541
690.0,824.0,1.0,1.0,899.0,96.0,819.0,27.0,733.0,18.0,508.0,83.0,987.0,76.0,8.719915e-05,62.38934,26117.46,30874990.0,62.8444,21.6168
558.0,896.0,6.0,1.0,305.0,81.0,928.0,73.0,356.0,88.0,307.0,90.0,778.0,14.0,2.110406e-05,25.71529,98416.24,2174501.0,0.0,0.0
422.0,260.0,1.0,1.0,803.0,9.0,726.0,67.0,894.0,52.0,655.0,93.0,308.0,41.0,0.0006754354,17.86259,3383769.0,19841090.0,93.6634,20.0516
468.0,838.0,1.0,2.0,952.0,34.0,563.0,42.0,629.0,57.0,343.0,21.0,985.0,84.0,5.981549e-05,25.95,898000.8,16295760.0,71.1262,54.4627
753.0,911.0,4.0,1.0,371.0,68.0,860.0,74.0,616.0,14.0,535.0,47.0,837.0,42.0,2.157891e-05,24.88826,98416.24,1785947.0,42.2031,4.87306
484.0,785.0,1.0,2.0,389.0,34.0,436.0,55.0,471.0,62.0,568.0,12.0,976.0,85.0,0.0001646112,16.02541,5265528.0,25358040.0,70.455,31.8833
726.0,745.0,1.0,1.0,194.0,74.0,612.0,9.0,219.0,43.0,351.0,32.0,676.0,24.0,4.003512e-05,19.93019,1397391.0,12750420.0,71.8049,28.2855
492.0,892.0,1.0,2.0,989.0,29.0,564.0,45.0,492.0,56.0,334.0,74.0,997.0,83.0,3.688915e-05,59.54375,26117.46,19841090.0,60.5502,17.3156
493.0,711.0,5.0,4.0,142.0,15.0,914.0,22.0,145.0,15.0,410.0,28.0,958.0,30.0,0.0001134548,27.96474,577079.0,16295760.0,82.5873,22.9685
652.0,848.0,2.0,1.0,923.0,93.0,871.0,27.0,544.0,53.0,464.0,83.0,926.0,47.0,4.005029e-05,53.66404,26117.46,10472090.0,66.8452,16.2779
454.0,897.0,1.0,2.0,748.0,83.0,827.0,65.0,469.0,65.0,255.0,49.0,345.0,37.0,3.295596e-05,53.31318,63244.55,19841090.0,55.8358,15.7187
751.0,245.0,1.0,1.0,492.0,1.0,999.0,63.0,237.0,63.0,579.0,44.0,808.0,1.0,1.273287e-05,20.84489,370846.0,2779135.0,80.7749,23.9368
689.0,746.0,2.0,1.0,184.0,2.0,624.0,8.0,222.0,41.0,380.0,86.0,971.0,20.0,4.547704e-05,31.3414,238315.2,6729644.0,83.4036,29.1846
210.0,815.0,1.0,2.0,865.0,30.0,454.0,59.0,545.0,67.0,339.0,18.0,970.0,86.0,0.0001347055,24.05412,2174500.0,30874990.0,77.9281,44.407
696.0,761.0,2.0,1.0,188.0,6.0,620.0,9.0,237.0,41.0,327.0,86.0,946.0,17.0,5.12951e-05,50.12951,40642.28,12750420.0,76.785,20.5625
709.0,746.0,2.0,3.0,925.0,67.0,642.0,14.0,602.0,31.0,181.0,88.0,115.0,11.0,0.0001846397,57.46387,40642.28,39459980.0,126.122,38.46
684.0,692.0,8.0,6.0,647.0,69.0,809.0,29.0,646.0,57.0,482.0,26.0,807.0,95.0,0.0001375038,19.06703,370846.0,3383770.0,8.09797,7.79962
274.0,844.0,7.0,1.0,647.0,78.0,833.0,72.0,282.0,91.0,318.0,75.0,336.0,16.0,7.254575e-05,58.66662,10785.12,10472090.0,65.5896,10.8442
739.0,851.0,1.0,5.0,536.0,75.0,996.0,61.0,173.0,55.0,206.0,33.0,781.0,18.0,4.007936e-05,59.38835,40642.28,30874990.0,52.2557,28.5761
314.0,861.0,1.0,1.0,384.0,15.0,909.0,14.0,884.0,63.0,109.0,92.0,662.0,23.0,2.219494e-05,53.38829,26117.46,8193759.0,61.4832,17.9233
596.0,799.0,2.0,1.0,882.0,75.0,823.0,28.0,654.0,54.0,468.0,83.0,971.0,82.0,8.854259e-05,36.33805,238315.2,12750420.0,81.0246,50.4556
727.0,418.0,6.0,1.0,599.0,14.0,986.0,70.0,174.0,73.0,168.0,28.0,850.0,11.0,0.00012285,22.12219,577079.0,5265529.0,103.26,28.7571
479.0,863.0,1.0,2.0,912.0,28.0,516.0,43.0,524.0,59.0,555.0,81.0,981.0,85.0,6.184888e-05,49.33376,153147.4,30874990.0,63.2157,27.3276
597.0,595.0,8.0,9.0,253.0,70.0,663.0,71.0,762.0,82.0,542.0,25.0,120.0,85.0,0.0006867257,6.814037,1397391.0,10472090.0,28.9445,17.0611
681.0,737.0,1.0,2.0,900.0,66.0,788.0,8.0,532.0,38.0,381.0,87.0,217.0,4.0,5.887203e-05,60.41079,40642.28,30874990.0,68.6978,30.9721
754.0,856.0,1.0,6.0,994.0,4.0,982.0,56.0,290.0,51.0,225.0,32.0,658.0,14.0,1.937843e-05,41.87768,63244.55,8193759.0,75.5068,33.9311
661.0,870.0,1.0,1.0,900.0,91.0,822.0,27.0,707.0,18.0,519.0,83.0,971.0,78.0,4.186555e-05,66.42874,10785.12,16295760.0,61.3844,16.5035
701.0,831.0,2.0,2.0,965.0,86.0,769.0,28.0,688.0,18.0,563.0,81.0,971.0,73.0,7.884245e-05,65.01396,10785.12,16295760.0,86.3379,37.9874
696.0,758.0,2.0,1.0,207.0,15.0,499.0,11.0,220.0,41.0,330.0,87.0,970.0,17.0,6.68983e-05,59.46603,26117.46,19841090.0,69.3117,16.695
453.0,843.0,1.0,2.0,952.0,33.0,563.0,43.0,492.0,48.0,366.0,24.0,997.0,80.0,5.814867e-05,27.09365,898000.8,16295760.0,71.0921,51.2575
654.0,836.0,1.0,1.0,941.0,62.0,879.0,9.0,609.0,36.0,362.0,95.0,217.0,4.0,1.771857e-05,62.89447,6930.448,10472090.0,52.4873,11.4757
522.0,839.0,1.0,2.0,484.0,29.0,494.0,51.0,572.0,59.0,395.0,83.0,994.0,84.0,0.0001103278,63.51957,40642.28,61404200.0,70.1895,30.1286
268.0,857.0,1.0,1.0,328.0,15.0,935.0,15.0,924.0,68.0,180.0,93.0,611.0,23.0,2.45635e-05,57.55143,16783.42,10472090.0,61.8556,20.3285
708.0,638.0,1.0,1.0,430.0,73.0,582.0,11.0,240.0,1.0,815.0,30.0,907.0,30.0,0.0002506398,24.31502,2174500.0,25358040.0,67.3167,29.0363
886.0,755.0,1.0,1.0,795.0,91.0,828.0,21.0,769.0,43.0,167.0,45.0,530.0,26.0,6.935525e-05,38.65525,238315.2,19841090.0,68.3854,63.1789
650.0,858.0,2.0,1.0,878.0,93.0,853.0,32.0,576.0,52.0,377.0,91.0,956.0,47.0,3.818558e-05,62.26636,10785.12,12750420.0,62.7827,13.9103
777.0,880.0,1.0,6.0,999.0,11.0,954.0,56.0,305.0,51.0,228.0,33.0,660.0,17.0,2.068046e-05,57.18464,26117.46,12750420.0,60.3299,22.3524
508.0,907.0,1.0,2.0,497.0,6.0,800.0,61.0,695.0,70.0,344.0,53.0,263.0,29.0,2.565491e-05,52.58713,40642.28,12750420.0,63.1351,19.0089
493.0,889.0,4.0,3.0,679.0,15.0,113.0,34.0,466.0,22.0,532.0,66.0,157.0,67.0,0.000106196,53.87002,26117.46,10472090.0,116.718,27.7331
396.0,842.0,1.0,2.0,978.0,26.0,531.0,45.0,493.0,61.0,303.0,82.0,994.0,86.0,9.668074e-05,60.73944,40642.28,39459980.0,77.2221,39.6414
527.0,742.0,6.0,1.0,611.0,76.0,317.0,26.0,349.0,66.0,824.0,83.0,806.0,21.0,0.0002080391,64.72455,16783.42,25358040.0,73.785,24.015
268.0,911.0,1.0,1.0,384.0,14.0,919.0,15.0,911.0,69.0,159.0,88.0,639.0,23.0,8.672447e-06,56.63173,6930.448,4324649.0,58.9357,15.4175
707.0,634.0,1.0,1.0,796.0,85.0,743.0,14.0,721.0,42.0,170.0,36.0,511.0,24.0,0.0001865551,38.68617,898000.8,61404200.0,83.0204,53.9978
628.0,838.0,1.0,3.0,968.0,68.0,833.0,13.0,578.0,37.0,353.0,96.0,180.0,4.0,2.2861e-05,48.80234,63244.55,12750420.0,54.3375,15.0944
726.0,747.0,1.0,1.0,201.0,15.0,621.0,9.0,221.0,39.0,322.0,74.0,695.0,24.0,5.737929e-05,30.00887,898000.8,19841090.0,78.6254,34.9107
366.0,833.0,1.0,1.0,559.0,15.0,934.0,18.0,827.0,74.0,146.0,88.0,609.0,32.0,4.676287e-05,56.46257,26117.46,16295760.0,67.8559,29.152
582.0,241.0,3.0,6.0,523.0,49.0,876.0,64.0,624.0,20.0,231.0,64.0,522.0,10.0,0.00112582,13.4758,3383769.0,116340400.0,-17.2698,-8.72714
888.0,786.0,1.0,1.0,794.0,88.0,877.0,9.0,577.0,43.0,140.0,36.0,962.0,20.0,2.806313e-05,40.65036,153147.4,10472090.0,63.3584,18.2341
354.0,852.0,1.0,1.0,399.0,18.0,929.0,17.0,882.0,74.0,170.0,89.0,557.0,23.0,2.907886e-05,57.70696,16783.42,12750420.0,61.306,20.5533
727.0,634.0,2.0,4.0,750.0,95.0,785.0,23.0,716.0,43.0,169.0,37.0,907.0,27.0,0.000247461,58.40313,98416.24,438383300.0,45.5838,28.8656
722.0,747.0,1.0,1.0,229.0,19.0,638.0,12.0,221.0,42.0,322.0,94.0,682.0,48.0,8.160614e-05,26.72935,1397391.0,19841090.0,86.6252,33.2492
620.0,793.0,1.0,1.0,955.0,70.0,801.0,11.0,500.0,43.0,205.0,95.0,155.0,6.0,5.32783e-05,57.94128,40642.28,19841090.0,67.2708,21.6029
924.0,347.0,6.0,7.0,627.0,71.0,358.0,33.0,990.0,4.0,692.0,68.0,496.0,89.0,0.0003329375,24.25052,98416.24,1785947.0,152.995,23.6334
660.0,859.0,2.0,1.0,923.0,95.0,871.0,28.0,537.0,51.0,477.0,83.0,926.0,47.0,3.42114e-05,55.67025,16783.42,10472090.0,65.1032,14.8043
791.0,687.0,1.0,2.0,383.0,67.0,476.0,75.0,985.0,12.0,559.0,48.0,104.0,41.0,0.0008676619,38.93852,1397391.0,360050100.0,22.2496,7.80952
529.0,727.0,4.0,1.0,616.0,83.0,295.0,22.0,412.0,97.0,753.0,96.0,805.0,9.0,0.0001885082,27.17369,898000.8,19841090.0,16.7379,2.51184
371.0,695.0,3.0,1.0,336.0,64.0,894.0,62.0,606.0,31.0,577.0,50.0,114.0,44.0,0.0004432581,22.47821,2174500.0,25358040.0,71.6764,18.5526
492.0,845.0,1.0,1.0,486.0,34.0,526.0,47.0,524.0,61.0,342.0,96.0,968.0,88.0,9.740557e-05,62.75733,40642.28,48044980.0,58.2001,20.2506
771.0,687.0,1.0,4.0,244.0,68.0,456.0,75.0,609.0,32.0,612.0,47.0,127.0,43.0,0.0004895794,24.18338,5265528.0,231377800.0,-9.69571,-5.7885
250.0,812.0,2.0,1.0,914.0,68.0,833.0,24.0,602.0,92.0,162.0,91.0,113.0,7.0,6.563688e-05,55.06107,40642.28,16295760.0,76.0652,46.564
473.0,910.0,1.0,2.0,555.0,4.0,787.0,60.0,613.0,71.0,338.0,48.0,310.0,29.0,2.255482e-05,50.8893,40642.28,10472090.0,63.9302,17.2692
653.0,884.0,1.0,1.0,947.0,66.0,655.0,15.0,630.0,44.0,389.0,87.0,192.0,19.0,2.39589e-05,50.67709,40642.28,8193759.0,67.4808,19.519
753.0,693.0,4.0,1.0,263.0,32.0,856.0,75.0,777.0,32.0,536.0,50.0,818.0,44.0,0.0003257622,63.5785,26117.46,48044980.0,107.622,20.28
717.0,803.0,1.0,2.0,902.0,89.0,753.0,28.0,734.0,18.0,592.0,82.0,928.0,77.0,0.0001254521,67.38265,26117.46,48044980.0,75.2493,28.5174
749.0,747.0,1.0,1.0,193.0,19.0,558.0,8.0,220.0,44.0,698.0,76.0,945.0,31.0,4.071476e-05,22.63038,898000.8,12750420.0,69.6096,23.9095
490.0,820.0,1.0,1.0,866.0,31.0,490.0,44.0,552.0,64.0,348.0,83.0,990.0,82.0,0.0001344113,62.2122,63244.55,61404200.0,64.0127,32.4745
718.0,682.0,1.0,1.0,952.0,93.0,824.0,22.0,186.0,42.0,104.0,37.0,544.0,26.0,0.0001526311,32.0496,1397391.0,48044980.0,87.4085,38.2176
299.0,902.0,2.0,5.0,290.0,82.0,890.0,73.0,337.0,91.0,323.0,82.0,337.0,16.0,2.466411e-05,58.63374,16783.42,12750420.0,62.1473,20.8314
791.0,701.0,1.0,1.0,400.0,8.0,524.0,68.0,925.0,12.0,557.0,47.0,819.0,33.0,0.0001674282,64.39619,26117.46,39459980.0,75.6831,29.5474
328.0,784.0,1.0,1.0,369.0,15.0,943.0,19.0,887.0,73.0,147.0,95.0,610.0,27.0,8.59262e-05,59.61202,40642.28,30874990.0,68.3858,47.5531
474.0,794.0,1.0,1.0,509.0,17.0,935.0,25.0,875.0,69.0,211.0,90.0,605.0,22.0,7.526904e-05,58.58819,40642.28,30874990.0,61.422,26.2204
701.0,855.0,2.0,1.0,878.0,95.0,823.0,26.0,713.0,51.0,506.0,83.0,926.0,47.0,3.667077e-05,57.84714,16783.42,10472090.0,64.2459,15.2185
705.0,632.0,1.0,1.0,796.0,89.0,742.0,21.0,787.0,42.0,167.0,34.0,915.0,24.0,0.0002435335,64.84516,98416.24,116340400.0,69.4643,52.4715
691.0,861.0,1.0,1.0,785.0,91.0,822.0,27.0,708.0,18.0,545.0,83.0,969.0,82.0,5.024345e-05,65.38554,10785.12,19841090.0,62.4872,17.9241
466.0,823.0,2.0,4.0,743.0,90.0,801.0,63.0,613.0,39.0,543.0,62.0,968.0,37.0,9.193484e-05,32.6396,577079.0,19841090.0,81.7891,21.927
574.0,696.0,8.0,3.0,476.0,99.0,429.0,61.0,887.0,54.0,546.0,62.0,749.0,51.0,0.000641858,31.47852,577079.0,281716800.0,5.86362,4.79366
571.0,860.0,3.0,3.0,502.0,82.0,804.0,63.0,617.0,65.0,386.0,47.0,924.0,36.0,4.961208e-05,64.94517,10785.12,16295760.0,72.0998,34.4056
255.0,858.0,5.0,6.0,953.0,83.0,847.0,38.0,854.0,51.0,326.0,71.0,363.0,80.0,6.831499e-05,34.8774,63244.55,4324649.0,144.483,35.8746
705.0,634.0,1.0,1.0,725.0,89.0,742.0,11.0,769.0,32.0,103.0,34.0,855.0,24.0,0.0002056914,62.23291,63244.55,74763430.0,77.2205,56.0368
622.0,686.0,1.0,3.0,989.0,64.0,823.0,10.0,509.0,39.0,385.0,87.0,272.0,5.0,0.0001034079,62.14902,40642.28,61404200.0,86.5424,25.8649
549.0,705.0,4.0,3.0,587.0,15.0,127.0,22.0,141.0,15.0,420.0,28.0,159.0,28.0,0.0003754269,18.00098,1397391.0,12750420.0,50.842,18.7248
489.0,844.0,1.0,1.0,471.0,40.0,572.0,40.0,588.0,59.0,303.0,22.0,998.0,83.0,5.248957e-05,26.469,898000.8,16295760.0,55.4052,17.3801
769.0,275.0,1.0,1.0,977.0,6.0,959.0,55.0,178.0,56.0,611.0,44.0,797.0,8.0,2.562507e-05,9.33839,898000.8,2174501.0,86.7807,34.094
465.0,813.0,2.0,1.0,534.0,81.0,804.0,66.0,617.0,70.0,373.0,46.0,907.0,38.0,0.0001104697,64.77848,26117.46,39459980.0,48.6245,11.4479
623.0,770.0,1.0,3.0,994.0,65.0,879.0,6.0,596.0,29.0,362.0,98.0,234.0,4.0,3.646415e-05,61.92916,16783.42,16295760.0,73.3033,41.6998
300.0,794.0,1.0,7.0,134.0,14.0,127.0,17.0,859.0,63.0,109.0,98.0,552.0,34.0,0.0001892276,13.7321,5265528.0,30874990.0,33.1276,19.4851
773.0,812.0,1.0,4.0,600.0,13.0,991.0,63.0,105.0,50.0,240.0,33.0,798.0,12.0,4.405392e-05,38.16815,370846.0,25358040.0,63.1036,32.9474
713.0,779.0,2.0,1.0,430.0,69.0,615.0,9.0,231.0,2.0,778.0,30.0,970.0,31.0,6.699379e-05,47.39912,63244.55,12750420.0,73.8241,19.2384
668.0,806.0,1.0,6.0,536.0,12.0,201.0,65.0,215.0,74.0,641.0,39.0,806.0,14.0,0.0001410941,57.9509,98416.24,61404200.0,63.6241,23.3058
269.0,845.0,7.0,2.0,238.0,84.0,173.0,73.0,230.0,94.0,359.0,92.0,338.0,86.0,0.0002688738,36.35334,370846.0,281716800.0,46.2135,14.8313
274.0,858.0,5.0,5.0,244.0,80.0,859.0,73.0,287.0,91.0,323.0,82.0,406.0,15.0,5.470809e-05,58.13236,16783.42,16295760.0,115.847,23.8298
768.0,812.0,1.0,5.0,495.0,13.0,991.0,59.0,179.0,50.0,195.0,52.0,798.0,1.0,3.656063e-05,3.643212,2174500.0,1785947.0,-59.3498,-9.25474
770.0,702.0,1.0,4.0,371.0,68.0,486.0,72.0,843.0,32.0,557.0,53.0,152.0,54.0,0.0004942158,28.34152,3383769.0,231377800.0,2.13278,-1.10116
282.0,718.0,8.0,1.0,631.0,69.0,294.0,17.0,351.0,60.0,807.0,99.0,808.0,26.0,0.0002241664,52.3454,63244.55,19841090.0,97.9694,29.4462
707.0,637.0,4.0,1.0,147.0,70.0,638.0,3.0,200.0,1.0,386.0,81.0,962.0,92.0,0.000526968,55.64922,16783.42,8193759.0,99.0024,24.3995
730.0,960.0,1.0,4.0,371.0,68.0,518.0,71.0,921.0,14.0,538.0,45.0,102.0,51.0,2.391266e-05,54.08709,26117.46,10472090.0,75.8092,36.4775
660.0,678.0,1.0,3.0,991.0,66.0,821.0,9.0,491.0,37.0,385.0,87.0,270.0,4.0,9.419771e-05,63.04601,40642.28,48044980.0,83.1126,26.7399
911.0,710.0,1.0,1.0,717.0,90.0,874.0,25.0,659.0,26.0,101.0,34.0,889.0,24.0,8.988862e-05,51.54749,98416.24,25358040.0,70.6292,65.1084
494.0,801.0,1.0,2.0,342.0,34.0,489.0,43.0,540.0,63.0,485.0,92.0,986.0,87.0,0.0001728242,54.56194,238315.2,95551890.0,74.3411,21.5524
333.0,808.0,1.0,1.0,386.0,92.0,973.0,19.0,882.0,82.0,147.0,93.0,684.0,28.0,5.891916e-05,60.04488,40642.28,25358040.0,57.3958,25.0256
230.0,574.0,2.0,2.0,920.0,71.0,642.0,15.0,602.0,92.0,175.0,87.0,821.0,10.0,0.0002700901,29.52701,1397391.0,48044980.0,87.23,30.4473
686.0,696.0,1.0,1.0,425.0,3.0,749.0,8.0,233.0,8.0,720.0,81.0,906.0,32.0,8.606572e-05,30.84727,370846.0,10472090.0,85.4452,38.9429
911.0,747.0,1.0,1.0,789.0,91.0,881.0,21.0,752.0,27.0,101.0,36.0,984.0,25.0,6.741166e-05,61.10229,26117.46,25358040.0,65.0287,25.3031
753.0,267.0,1.0,1.0,978.0,6.0,947.0,56.0,184.0,76.0,212.0,42.0,729.0,1.0,3.386766e-05,30.93544,370846.0,12750420.0,75.3167,20.7407
543.0,887.0,1.0,3.0,624.0,12.0,101.0,31.0,445.0,12.0,542.0,54.0,235.0,24.0,6.348518e-05,19.87218,898000.8,6729644.0,66.6872,31.3727
673.0,355.0,1.0,1.0,215.0,77.0,541.0,3.0,223.0,1.0,744.0,81.0,998.0,94.0,0.00103052,34.28562,1397391.0,61404200.0,104.942,17.5643
701.0,831.0,2.0,2.0,965.0,86.0,823.0,28.0,688.0,18.0,563.0,83.0,971.0,80.0,8.118789e-05,66.63126,10785.12,16295760.0,87.8835,38.5806
789.0,429.0,3.0,1.0,239.0,14.0,650.0,12.0,179.0,2.0,422.0,82.0,716.0,48.0,0.0007179705,39.09318,238315.2,16295760.0,107.598,23.7372
348.0,833.0,1.0,1.0,372.0,15.0,935.0,20.0,872.0,76.0,148.0,94.0,610.0,32.0,4.901338e-05,57.89666,26117.46,16295760.0,65.3925,27.9623
725.0,734.0,1.0,1.0,188.0,15.0,622.0,8.0,233.0,36.0,419.0,89.0,893.0,19.0,5.981253e-05,36.61366,370846.0,25358040.0,70.2576,22.8136
753.0,694.0,4.0,1.0,206.0,32.0,862.0,63.0,915.0,32.0,536.0,50.0,829.0,44.0,0.0003210723,63.90952,26117.46,48044980.0,106.128,23.191
748.0,908.0,1.0,6.0,996.0,5.0,996.0,54.0,344.0,56.0,207.0,32.0,737.0,12.0,1.073971e-05,56.30463,10785.12,6729644.0,34.5859,7.412
712.0,744.0,1.0,1.0,716.0,90.0,943.0,9.0,633.0,41.0,158.0,33.0,983.0,21.0,4.782908e-05,40.97078,238315.2,19841090.0,64.0863,22.823
347.0,873.0,5.0,6.0,251.0,82.0,845.0,73.0,350.0,94.0,323.0,90.0,338.0,26.0,5.073618e-05,55.83473,16783.42,39459980.0,99.0964,19.8988
709.0,678.0,2.0,1.0,706.0,52.0,854.0,22.0,185.0,43.0,108.0,36.0,545.0,55.0,0.0001423905,22.1132,1397391.0,16295760.0,108.129,41.176
772.0,703.0,1.0,1.0,252.0,17.0,527.0,64.0,918.0,42.0,720.0,47.0,518.0,50.0,0.0002020535,27.61865,2174500.0,39459980.0,66.7,23.2781
332.0,815.0,1.0,1.0,383.0,18.0,999.0,9.0,819.0,75.0,386.0,91.0,629.0,29.0,3.241701e-05,34.77216,153147.4,8193759.0,70.2805,34.3931
826.0,699.0,1.0,1.0,381.0,8.0,506.0,67.0,621.0,11.0,560.0,36.0,103.0,39.0,8.955346e-05,15.08692,898000.8,3383770.0,90.0478,32.6936
345.0,862.0,1.0,1.0,404.0,13.0,935.0,18.0,924.0,66.0,179.0,93.0,605.0,23.0,2.436392e-05,60.01891,16783.42,10472090.0,59.9953,18.1374
655.0,698.0,2.0,1.0,835.0,15.0,291.0,35.0,471.0,4.0,705.0,87.0,562.0,87.0,0.0006385473,28.20012,577079.0,12750420.0,101.707,25.953
624.0,809.0,1.0,3.0,994.0,60.0,883.0,9.0,602.0,33.0,346.0,95.0,190.0,4.0,2.8625e-05,62.48735,10785.12,12750420.0,66.7311,25.5716
482.0,857.0,1.0,3.0,569.0,2.0,809.0,53.0,722.0,71.0,266.0,46.0,873.0,28.0,4.290592e-05,53.26312,40642.28,12750420.0,68.4603,24.0749
349.0,830.0,1.0,1.0,392.0,14.0,932.0,7.0,871.0,72.0,147.0,92.0,685.0,21.0,2.624866e-05,51.8571,26117.46,8193759.0,69.1054,27.3177
208.0,912.0,1.0,1.0,923.0,64.0,654.0,11.0,592.0,44.0,201.0,87.0,194.0,15.0,1.205425e-05,50.81717,16783.42,4324649.0,70.0371,19.3132
379.0,794.0,1.0,1.0,441.0,18.0,987.0,18.0,872.0,70.0,211.0,93.0,605.0,20.0,6.056499e-05,60.99661,26117.46,25358040.0,62.8973,26.6255
453.0,921.0,1.0,2.0,737.0,4.0,827.0,60.0,433.0,65.0,260.0,44.0,355.0,36.0,1.819606e-05,47.70497,40642.28,8193759.0,69.0231,18.0195
726.0,631.0,1.0,1.0,234.0,11.0,605.0,5.0,198.0,4.0,455.0,87.0,961.0,46.0,0.0002520759,45.11196,238315.2,30874990.0,92.2819,33.0585
855.0,677.0,1.0,1.0,797.0,89.0,829.0,21.0,186.0,46.0,186.0,46.0,617.0,17.0,6.636471e-05,28.76246,898000.8,25358040.0,77.4504,42.7241
609.0,751.0,1.0,1.0,936.0,67.0,834.0,14.0,600.0,38.0,363.0,91.0,180.0,5.0,8.330834e-05,62.76157,40642.28,39459980.0,59.4218,19.492
664.0,889.0,1.0,1.0,902.0,88.0,823.0,27.0,734.0,22.0,522.0,82.0,993.0,75.0,2.75531e-05,63.20541,10785.12,12750420.0,58.935,14.7645
706.0,718.0,1.0,1.0,881.0,94.0,937.0,15.0,718.0,29.0,170.0,34.0,604.0,14.0,0.0001022572,64.53756,40642.28,48044980.0,61.458,53.4293
731.0,913.0,1.0,3.0,335.0,62.0,829.0,74.0,609.0,14.0,536.0,81.0,128.0,52.0,5.716201e-05,56.84429,40642.28,19841090.0,82.8017,28.3363
503.0,690.0,8.0,1.0,208.0,69.0,295.0,23.0,362.0,60.0,754.0,91.0,279.0,24.0,0.0003637008,30.65262,577079.0,25358040.0,80.8125,17.5443
322.0,861.0,1.0,1.0,384.0,14.0,909.0,15.0,880.0,69.0,180.0,89.0,662.0,23.0,2.19456e-05,58.09765,16783.42,10472090.0,60.6007,18.238
474.0,794.0,1.0,1.0,509.0,25.0,984.0,25.0,875.0,77.0,206.0,88.0,603.0,26.0,7.958535e-05,61.57059,40642.28,30874990.0,62.7987,34.6176
686.0,864.0,1.0,5.0,977.0,86.0,967.0,48.0,321.0,56.0,250.0,33.0,783.0,17.0,2.755312e-05,61.22173,26117.46,19841090.0,40.765,15.3396
547.0,716.0,6.0,1.0,648.0,83.0,889.0,21.0,412.0,98.0,312.0,87.0,805.0,14.0,0.0001086815,60.55466,16783.42,12750420.0,82.2337,34.3605
623.0,757.0,1.0,1.0,340.0,13.0,748.0,11.0,226.0,5.0,702.0,25.0,960.0,17.0,5.693631e-05,61.99838,26117.46,30874990.0,58.0394,14.4078
501.0,851.0,2.0,3.0,507.0,90.0,803.0,66.0,592.0,66.0,390.0,49.0,911.0,36.0,6.068839e-05,64.72142,16783.42,25358040.0,67.3403,33.2907
705.0,691.0,1.0,1.0,796.0,89.0,738.0,20.0,787.0,41.0,170.0,36.0,916.0,24.0,0.000168112,64.14924,63244.55,74763430.0,61.2579,53.3033
696.0,798.0,1.0,2.0,891.0,84.0,826.0,28.0,711.0,16.0,463.0,69.0,971.0,84.0,0.0001353319,66.8328,26117.46,48044980.0,83.0781,33.2275
544.0,885.0,2.0,3.0,635.0,13.0,113.0,23.0,149.0,14.0,528.0,26.0,190.0,25.0,4.562736e-05,37.51493,153147.4,10472090.0,89.0647,41.2253
717.0,710.0,1.0,1.0,775.0,89.0,860.0,13.0,740.0,47.0,146.0,26.0,855.0,25.0,8.269674e-05,38.61946,577079.0,30874990.0,66.1423,59.1661
791.0,703.0,1.0,1.0,273.0,8.0,526.0,62.0,600.0,38.0,732.0,47.0,500.0,50.0,8.963933e-05,18.74237,1397391.0,10472090.0,78.6884,24.7886
330.0,806.0,1.0,6.0,548.0,81.0,996.0,64.0,173.0,57.0,132.0,33.0,797.0,18.0,8.760197e-05,57.04205,153147.4,116340400.0,71.5378,24.259
753.0,956.0,1.0,1.0,307.0,31.0,815.0,63.0,605.0,13.0,478.0,42.0,138.0,44.0,1.552394e-05,52.63583,16783.42,6729644.0,70.2091,16.9023
649.0,734.0,1.0,2.0,936.0,65.0,834.0,14.0,582.0,38.0,425.0,86.0,112.0,5.0,0.0001038785,55.50154,98416.24,48044980.0,81.6991,37.2469
762.0,913.0,1.0,4.0,194.0,68.0,594.0,74.0,660.0,13.0,625.0,92.0,109.0,51.0,7.750822e-05,56.03187,40642.28,30874990.0,88.3051,19.3682
500.0,717.0,3.0,1.0,640.0,83.0,295.0,22.0,357.0,99.0,755.0,95.0,793.0,16.0,0.0002325699,64.49221,40642.28,48044980.0,54.9875,17.6337
510.0,896.0,1.0,5.0,273.0,76.0,872.0,76.0,373.0,86.0,310.0,85.0,369.0,18.0,2.914848e-05,59.92563,40642.28,25358040.0,45.1854,16.96
467.0,880.0,1.0,2.0,947.0,35.0,601.0,43.0,492.0,57.0,340.0,24.0,997.0,85.0,2.841703e-05,25.20825,577079.0,8193759.0,62.3312,23.1424
726.0,620.0,3.0,1.0,208.0,78.0,623.0,12.0,252.0,38.0,277.0,74.0,922.0,47.0,0.0001992691,31.81113,898000.8,25358040.0,117.254,22.7105
490.0,821.0,1.0,2.0,877.0,33.0,526.0,41.0,533.0,58.0,549.0,18.0,943.0,84.0,6.887452e-05,18.43013,1397391.0,10472090.0,70.0961,49.3196
206.0,793.0,1.0,1.0,379.0,64.0,492.0,59.0,521.0,66.0,345.0,19.0,639.0,86.0,0.0001732324,20.48848,5265528.0,39459980.0,65.7009,41.7067
336.0,814.0,1.0,1.0,423.0,13.0,935.0,18.0,917.0,70.0,119.0,93.0,606.0,23.0,5.257134e-05,56.7532,40642.28,19841090.0,63.8031,25.3337
870.0,786.0,1.0,1.0,827.0,91.0,887.0,8.0,703.0,43.0,140.0,36.0,897.0,20.0,3.012464e-05,42.21805,98416.24,10472090.0,63.5677,20.1456
696.0,625.0,2.0,1.0,429.0,82.0,623.0,19.0,222.0,43.0,763.0,74.0,921.0,19.0,0.000186413,35.18412,898000.8,48044980.0,76.5895,25.847
571.0,615.0,8.0,2.0,617.0,63.0,929.0,87.0,382.0,93.0,873.0,14.0,699.0,11.0,0.000436482,23.21723,898000.8,16295760.0,102.773,23.1534
726.0,440.0,3.0,1.0,207.0,13.0,611.0,12.0,221.0,11.0,326.0,84.0,912.0,48.0,0.0004210412,33.82492,577079.0,25358040.0,116.895,18.5464
302.0,662.0,2.0,4.0,365.0,51.0,565.0,91.0,996.0,13.0,693.0,38.0,860.0,12.0,0.0007266915,-14.54215,-10.0,-10.0,33.8041,14.2538
515.0,899.0,1.0,2.0,496.0,4.0,823.0,59.0,434.0,65.0,260.0,48.0,225.0,38.0,2.865228e-05,32.01885,238315.2,8193759.0,78.31,38.9029
756.0,654.0,4.0,1.0,246.0,32.0,876.0,62.0,923.0,25.0,528.0,91.0,838.0,42.0,0.0003865045,27.6947,898000.8,16295760.0,115.187,16.8257
404.0,754.0,2.0,1.0,585.0,75.0,969.0,87.0,876.0,80.0,109.0,12.0,371.0,2.0,0.0001774019,20.5983,2174500.0,39459980.0,-69.4227,-9.99635
691.0,732.0,1.0,1.0,781.0,88.0,720.0,9.0,716.0,41.0,141.0,34.0,983.0,20.0,7.198603e-05,56.37597,63244.55,39459980.0,59.7458,22.857
484.0,921.0,1.0,2.0,964.0,30.0,587.0,34.0,492.0,57.0,338.0,81.0,988.0,80.0,1.729513e-05,55.04907,26117.46,10472090.0,59.0428,14.5366
396.0,794.0,1.0,1.0,452.0,28.0,986.0,26.0,872.0,73.0,184.0,92.0,603.0,26.0,8.261233e-05,61.44867,40642.28,30874990.0,62.2576,34.416
332.0,791.0,1.0,1.0,373.0,12.0,979.0,18.0,880.0,76.0,148.0,93.0,746.0,31.0,7.300439e-05,58.90393,40642.28,25358040.0,67.9939,40.8301
268.0,861.0,1.0,1.0,372.0,14.0,934.0,15.0,911.0,68.0,162.0,88.0,663.0,16.0,1.783939e-05,50.47038,40642.28,8193759.0,53.1558,13.4468
393.0,817.0,4.0,3.0,495.0,64.0,786.0,67.0,599.0,70.0,280.0,51.0,920.0,68.0,0.0001307222,59.78565,26117.46,95551890.0,106.568,30.9296
522.0,841.0,1.0,2.0,484.0,31.0,510.0,45.0,635.0,59.0,342.0,83.0,993.0,80.0,9.750216e-05,63.26502,40642.28,48044980.0,69.771,35.1413
757.0,288.0,1.0,1.0,983.0,9.0,999.0,57.0,310.0,74.0,610.0,44.0,796.0,3.0,4.12779e-05,23.30963,898000.8,10472090.0,75.8815,23.7379
696.0,777.0,2.0,1.0,167.0,6.0,606.0,9.0,237.0,42.0,290.0,87.0,946.0,17.0,4.455828e-05,54.72508,26117.46,12750420.0,74.9799,18.3111
706.0,693.0,1.0,1.0,797.0,91.0,740.0,21.0,716.0,38.0,167.0,34.0,927.0,24.0,0.0001678421,63.79649,63244.55,95551890.0,61.1408,53.0927
671.0,380.0,8.0,1.0,386.0,79.0,191.0,7.0,221.0,5.0,385.0,25.0,933.0,92.0,0.0007580309,27.94625,898000.8,19841090.0,69.044,16.3257
625.0,770.0,1.0,3.0,993.0,65.0,790.0,8.0,608.0,31.0,427.0,86.0,235.0,7.0,5.371651e-05,57.15229,40642.28,19841090.0,80.0384,42.2076
723.0,626.0,7.0,1.0,440.0,82.0,623.0,22.0,222.0,43.0,323.0,74.0,921.0,22.0,0.0002466281,48.30127,98416.24,25358040.0,116.7,25.7157
732.0,836.0,1.0,1.0,903.0,91.0,821.0,26.0,735.0,18.0,519.0,83.0,971.0,75.0,7.121008e-05,67.05175,16783.42,25358040.0,62.9245,19.692
792.0,617.0,8.0,1.0,622.0,16.0,262.0,6.0,200.0,1.0,773.0,29.0,701.0,40.0,0.0001947047,31.49349,63244.55,2174501.0,96.2795,40.059
888.0,767.0,1.0,1.0,730.0,92.0,886.0,9.0,580.0,41.0,121.0,37.0,861.0,18.0,3.597811e-05,42.68852,153147.4,12750420.0,65.0298,19.6975
346.0,856.0,5.0,6.0,953.0,83.0,846.0,75.0,356.0,88.0,323.0,88.0,339.0,16.0,6.191655e-05,60.46974,10785.12,61404200.0,99.3174,21.8546
446.0,633.0,1.0,3.0,262.0,54.0,492.0,10.0,701.0,17.0,795.0,79.0,454.0,26.0,0.000339576,42.86692,898000.8,231377800.0,28.2952,11.9073
563.0,291.0,3.0,2.0,599.0,66.0,298.0,34.0,481.0,88.0,627.0,65.0,174.0,50.0,0.001106359,12.4053,5265528.0,19841090.0,11.9631,6.32515
488.0,806.0,1.0,1.0,459.0,11.0,953.0,18.0,829.0,60.0,238.0,88.0,634.0,26.0,5.87574e-05,59.28976,26117.46,19841090.0,68.3154,29.081
684.0,488.0,1.0,6.0,300.0,86.0,809.0,28.0,646.0,57.0,482.0,26.0,892.0,95.0,0.0003202582,18.68575,5265528.0,148689600.0,0.0,0.0
732.0,901.0,1.0,1.0,903.0,91.0,821.0,26.0,735.0,18.0,519.0,83.0,971.0,75.0,2.215622e-05,65.4373,6930.448,10472090.0,60.3254,14.642
757.0,350.0,6.0,3.0,160.0,11.0,890.0,95.0,899.0,63.0,724.0,29.0,290.0,43.0,0.00022377,6.873646,898000.8,1785947.0,87.1099,10.4208
530.0,838.0,1.0,1.0,380.0,35.0,530.0,46.0,522.0,59.0,311.0,18.0,990.0,83.0,6.434833e-05,24.32089,1397391.0,19841090.0,52.8584,16.3675
379.0,858.0,5.0,1.0,929.0,66.0,173.0,68.0,246.0,51.0,320.0,74.0,342.0,87.0,0.000215837,55.99008,40642.28,25358040.0,102.68,32.0224
268.0,687.0,8.0,2.0,960.0,79.0,984.0,33.0,716.0,15.0,973.0,78.0,979.0,46.0,0.0002909726,36.09238,153147.4,12750420.0,86.5456,16.777
718.0,829.0,1.0,1.0,536.0,6.0,947.0,55.0,173.0,74.0,209.0,25.0,779.0,18.0,3.675267e-05,25.12728,898000.8,12750420.0,50.3404,10.1394
683.0,826.0,1.0,1.0,807.0,15.0,255.0,35.0,477.0,13.0,943.0,71.0,562.0,83.0,0.0001634796,59.84706,63244.55,39459980.0,69.3684,26.8718
291.0,747.0,2.0,1.0,327.0,17.0,289.0,64.0,417.0,33.0,716.0,92.0,847.0,42.0,0.0004961833,11.25066,5265528.0,12750420.0,77.0052,25.1114
323.0,691.0,1.0,1.0,386.0,31.0,919.0,15.0,883.0,69.0,171.0,91.0,663.0,21.0,0.0001656062,61.1429,63244.55,61404200.0,73.0282,47.5045
812.0,913.0,1.0,4.0,334.0,63.0,829.0,75.0,606.0,41.0,554.0,83.0,126.0,52.0,3.825072e-05,46.84075,98416.24,16295760.0,83.1002,27.8671
499.0,873.0,1.0,2.0,944.0,33.0,520.0,45.0,585.0,58.0,400.0,77.0,997.0,97.0,5.846764e-05,59.33037,40642.28,30874990.0,65.0563,36.7579
517.0,868.0,1.0,1.0,419.0,4.0,796.0,60.0,424.0,76.0,260.0,48.0,959.0,36.0,4.050384e-05,57.65865,40642.28,19841090.0,48.4856,9.8998
517.0,742.0,5.0,1.0,646.0,77.0,288.0,21.0,414.0,87.0,831.0,83.0,806.0,15.0,0.0001741612,65.27906,16783.42,25358040.0,52.5164,9.73908
268.0,807.0,1.0,1.0,372.0,18.0,934.0,15.0,971.0,68.0,162.0,88.0,665.0,20.0,4.677111e-05,59.84399,26117.46,19841090.0,60.7486,23.1329
474.0,887.0,1.0,2.0,964.0,30.0,521.0,35.0,492.0,44.0,305.0,85.0,993.0,85.0,3.928208e-05,61.58116,16783.42,19841090.0,66.2393,22.8722
726.0,726.0,2.0,1.0,200.0,14.0,597.0,9.0,194.0,43.0,323.0,74.0,691.0,24.0,6.418295e-05,28.10201,577079.0,10472090.0,88.6551,35.9397
697.0,854.0,2.0,1.0,901.0,85.0,878.0,29.0,715.0,18.0,520.0,83.0,910.0,81.0,5.880594e-05,65.57224,6930.448,10472090.0,76.8274,24.6
675.0,412.0,1.0,1.0,984.0,9.0,947.0,60.0,178.0,72.0,603.0,44.0,798.0,3.0,7.711908e-05,24.37528,1397391.0,19841090.0,69.1866,21.4736
663.0,900.0,1.0,1.0,903.0,91.0,822.0,27.0,708.0,18.0,519.0,83.0,945.0,88.0,2.571488e-05,61.87586,10785.12,10472090.0,63.2623,16.1219
393.0,854.0,4.0,3.0,509.0,89.0,804.0,64.0,600.0,67.0,281.0,50.0,920.0,38.0,5.863534e-05,60.24527,16783.42,12750420.0,87.3518,40.1082
709.0,632.0,2.0,1.0,430.0,76.0,629.0,9.0,245.0,2.0,371.0,30.0,925.0,30.0,0.0002400555,28.55332,898000.8,16295760.0,95.171,33.2478
268.0,808.0,1.0,1.0,384.0,14.0,911.0,15.0,855.0,68.0,145.0,88.0,664.0,21.0,4.779673e-05,59.28537,26117.46,19841090.0,63.3396,23.5042
483.0,213.0,3.0,3.0,608.0,15.0,853.0,88.0,471.0,21.0,638.0,66.0,315.0,76.0,0.00103383,14.13594,2174500.0,12750420.0,39.641,9.1984
330.0,279.0,3.0,6.0,206.0,79.0,536.0,81.0,818.0,9.0,906.0,45.0,516.0,67.0,0.005167736,-16.86575,-10.0,-10.0,0.0,36.3076
514.0,896.0,3.0,5.0,248.0,76.0,880.0,76.0,373.0,88.0,310.0,85.0,369.0,18.0,2.89158e-05,59.82007,10785.12,10472090.0,76.3933,30.601
493.0,887.0,4.0,3.0,622.0,15.0,121.0,33.0,466.0,22.0,532.0,66.0,158.0,64.0,0.0001040953,53.911,26117.46,10472090.0,116.96,27.1029
721.0,762.0,2.0,1.0,428.0,5.0,612.0,7.0,241.0,42.0,327.0,25.0,956.0,11.0,2.107156e-05,24.28999,238315.2,3383770.0,73.7164,16.2602
389.0,535.0,8.0,3.0,426.0,15.0,797.0,39.0,472.0,44.0,686.0,15.0,399.0,2.0,0.0004139017,56.53921,40642.28,74763430.0,117.121,26.0076
430.0,870.0,4.0,3.0,550.0,90.0,815.0,63.0,618.0,66.0,338.0,49.0,936.0,35.0,4.178084e-05,62.78284,10785.12,10472090.0,70.1801,21.242
791.0,700.0,1.0,1.0,381.0,10.0,506.0,68.0,876.0,11.0,560.0,50.0,810.0,40.0,0.0002118793,64.10631,40642.28,48044980.0,77.3926,26.683
209.0,816.0,1.0,2.0,865.0,30.0,486.0,51.0,520.0,59.0,351.0,86.0,985.0,87.0,0.0001673067,60.27646,98416.24,74763430.0,83.2467,27.8688
623.0,770.0,1.0,3.0,994.0,63.0,879.0,6.0,596.0,29.0,362.0,97.0,235.0,4.0,3.631811e-05,61.8481,16783.42,16295760.0,73.4213,41.9251
677.0,855.0,1.0,6.0,967.0,7.0,978.0,56.0,305.0,51.0,228.0,32.0,657.0,17.0,3.44168e-05,55.95673,26117.46,16295760.0,76.5267,35.3166
672.0,711.0,6.0,5.0,991.0,99.0,359.0,90.0,797.0,61.0,520.0,68.0,548.0,6.0,0.0004085146,8.233269,1397391.0,2174501.0,30.1524,13.1571
506.0,392.0,1.0,2.0,881.0,33.0,427.0,51.0,136.0,63.0,562.0,86.0,994.0,87.0,0.0007172444,14.2962,12750420.0,61404200.0,22.333,10.3516
465.0,857.0,3.0,3.0,534.0,82.0,790.0,64.0,617.0,68.0,374.0,48.0,907.0,38.0,5.526406e-05,64.53947,10785.12,16295760.0,77.8225,38.5707
727.0,854.0,7.0,1.0,687.0,14.0,789.0,83.0,270.0,92.0,505.0,49.0,322.0,63.0,4.986784e-05,12.68449,238315.2,898001.8,90.829,44.3309
680.0,732.0,2.0,3.0,540.0,55.0,752.0,25.0,949.0,18.0,810.0,34.0,465.0,94.0,0.0001582219,23.55356,898000.8,10472090.0,55.6608,17.7826
492.0,913.0,3.0,3.0,623.0,13.0,101.0,27.0,459.0,13.0,541.0,66.0,200.0,68.0,6.909855e-05,59.74846,10785.12,8193759.0,99.7385,33.0297
474.0,870.0,1.0,2.0,964.0,32.0,522.0,40.0,492.0,48.0,326.0,27.0,993.0,85.0,3.933157e-05,29.40333,577079.0,12750420.0,66.6983,49.3075
520.0,839.0,1.0,2.0,472.0,31.0,572.0,40.0,587.0,59.0,303.0,80.0,993.0,83.0,9.067757e-05,61.97557,40642.28,48044980.0,74.7625,38.708
717.0,867.0,1.0,2.0,273.0,19.0,536.0,57.0,585.0,6.0,724.0,84.0,497.0,45.0,7.020774e-05,13.55263,898000.8,3383770.0,58.5027,23.2408
726.0,970.0,1.0,2.0,356.0,66.0,519.0,74.0,598.0,14.0,527.0,83.0,113.0,42.0,2.051604e-05,57.95631,10785.12,8193759.0,63.5934,15.302
946.0,754.0,1.0,1.0,841.0,95.0,868.0,21.0,755.0,27.0,118.0,40.0,990.0,21.0,4.846882e-05,58.13803,26117.46,16295760.0,65.4299,21.7573
755.0,856.0,1.0,6.0,978.0,11.0,982.0,62.0,172.0,58.0,209.0,33.0,802.0,18.0,2.932014e-05,46.24731,98416.24,16295760.0,69.2537,28.5927
632.0,758.0,2.0,1.0,904.0,86.0,821.0,22.0,749.0,18.0,534.0,83.0,971.0,82.0,0.0001962983,65.46155,16783.42,30874990.0,88.1788,43.9383
485.0,906.0,1.0,3.0,603.0,13.0,135.0,27.0,623.0,20.0,542.0,52.0,215.0,68.0,5.913262e-05,56.00283,40642.28,25358040.0,86.0244,35.8877
697.0,785.0,2.0,1.0,900.0,99.0,857.0,27.0,725.0,18.0,525.0,82.0,928.0,82.0,0.0001561116,66.65608,16783.42,25358040.0,84.4072,44.9581
704.0,829.0,1.0,6.0,910.0,87.0,954.0,50.0,318.0,56.0,250.0,33.0,758.0,17.0,5.096324e-05,61.6069,40642.28,48044980.0,67.0533,28.5532
601.0,836.0,1.0,3.0,994.0,65.0,829.0,9.0,587.0,33.0,284.0,97.0,273.0,4.0,1.640738e-05,35.62885,153147.4,6729644.0,53.8932,14.1202
521.0,858.0,1.0,3.0,625.0,13.0,113.0,21.0,156.0,6.0,532.0,66.0,201.0,24.0,9.396078e-05,20.11913,1397391.0,10472090.0,88.3889,33.337
791.0,700.0,1.0,1.0,371.0,7.0,847.0,66.0,914.0,12.0,600.0,47.0,835.0,34.0,0.0001491155,48.75241,153147.4,30874990.0,76.4786,26.7614
333.0,809.0,1.0,1.0,372.0,16.0,973.0,14.0,860.0,75.0,386.0,93.0,649.0,47.0,4.661437e-05,31.51285,370846.0,10472090.0,71.4458,50.0987
473.0,911.0,1.0,1.0,569.0,4.0,809.0,60.0,590.0,71.0,332.0,52.0,310.0,29.0,2.21313e-05,51.39721,40642.28,10472090.0,60.8988,14.0977
493.0,887.0,4.0,3.0,495.0,14.0,101.0,32.0,459.0,21.0,519.0,66.0,267.0,68.0,0.0001036208,60.42246,10785.12,12750420.0,115.392,26.5056
543.0,714.0,5.0,1.0,632.0,82.0,897.0,22.0,362.0,92.0,294.0,81.0,805.0,14.0,0.0001129571,59.68686,26117.46,16295760.0,81.1476,34.0032
767.0,911.0,1.0,3.0,371.0,6.0,513.0,74.0,924.0,19.0,556.0,46.0,134.0,39.0,5.02965e-05,57.29294,26117.46,16295760.0,77.6303,33.3024
709.0,835.0,1.0,1.0,908.0,92.0,752.0,28.0,734.0,18.0,592.0,82.0,928.0,77.0,7.923974e-05,67.41722,16783.42,30874990.0,60.2903,20.0895
618.0,886.0,1.0,1.0,926.0,63.0,652.0,15.0,611.0,44.0,172.0,91.0,179.0,12.0,2.065026e-05,57.73366,16783.42,8193759.0,62.7193,15.5755
610.0,793.0,1.0,2.0,925.0,70.0,800.0,14.0,527.0,42.0,205.0,90.0,183.0,9.0,6.819679e-05,58.74299,40642.28,25358040.0,77.7205,49.259
528.0,720.0,4.0,4.0,597.0,82.0,321.0,69.0,296.0,87.0,322.0,89.0,341.0,15.0,0.0006010104,24.25046,2174500.0,360050100.0,12.9671,6.70511
742.0,619.0,4.0,1.0,337.0,32.0,892.0,92.0,588.0,33.0,556.0,49.0,829.0,55.0,0.0003695322,33.40267,577079.0,30874990.0,125.482,18.2274
466.0,865.0,1.0,2.0,814.0,34.0,523.0,43.0,524.0,61.0,552.0,18.0,997.0,80.0,3.549578e-05,19.30219,898000.8,8193759.0,55.0678,19.7966
251.0,765.0,1.0,3.0,921.0,62.0,794.0,10.0,610.0,38.0,386.0,97.0,236.0,8.0,6.897363e-05,58.08631,40642.28,30874990.0,84.3085,36.7684
758.0,635.0,2.0,1.0,798.0,86.0,948.0,17.0,721.0,37.0,187.0,39.0,895.0,19.0,0.0001599674,55.90197,63244.55,39459980.0,84.8075,56.2885
723.0,631.0,2.0,1.0,430.0,72.0,611.0,9.0,259.0,4.0,763.0,30.0,933.0,27.0,0.0001635466,38.62613,370846.0,30874990.0,85.3122,33.9797
654.0,809.0,1.0,2.0,944.0,65.0,626.0,13.0,581.0,43.0,325.0,96.0,195.0,2.0,2.870087e-05,24.8007,577079.0,6729644.0,22.9665,4.80077
543.0,913.0,1.0,3.0,573.0,12.0,122.0,21.0,156.0,13.0,530.0,54.0,216.0,24.0,2.986777e-05,57.88457,26117.46,16295760.0,64.8658,22.2198
490.0,893.0,1.0,2.0,877.0,33.0,526.0,41.0,533.0,58.0,549.0,21.0,943.0,84.0,2.084675e-05,20.39271,577079.0,5265529.0,54.5888,15.3122
269.0,858.0,5.0,5.0,924.0,83.0,846.0,73.0,286.0,94.0,323.0,74.0,338.0,17.0,5.753676e-05,57.87054,16783.42,16295760.0,123.165,25.4418
291.0,739.0,2.0,3.0,913.0,63.0,834.0,15.0,595.0,44.0,179.0,88.0,113.0,20.0,0.0001740187,36.35869,370846.0,19841090.0,132.213,35.856
740.0,693.0,2.0,4.0,834.0,17.0,523.0,73.0,600.0,14.0,533.0,92.0,119.0,80.0,0.0003901388,21.49823,577079.0,6729644.0,48.8302,11.267
531.0,913.0,1.0,3.0,626.0,15.0,112.0,21.0,190.0,19.0,537.0,65.0,220.0,24.0,3.056171e-05,58.51765,26117.46,16295760.0,61.515,20.1085
888.0,694.0,2.0,1.0,822.0,16.0,542.0,64.0,882.0,32.0,396.0,93.0,119.0,76.0,9.161229e-05,14.55317,153147.4,737540.9,86.1906,0.0
582.0,241.0,4.0,6.0,523.0,9.0,516.0,44.0,444.0,20.0,591.0,64.0,162.0,30.0,0.0005067182,14.00538,898000.8,5265529.0,33.0209,7.48123
771.0,694.0,3.0,1.0,245.0,67.0,862.0,63.0,931.0,7.0,536.0,50.0,817.0,42.0,0.0003312342,14.01248,1397391.0,6729644.0,104.735,18.4891
261.0,861.0,1.0,1.0,422.0,14.0,934.0,17.0,911.0,60.0,215.0,87.0,659.0,23.0,2.310451e-05,59.86767,16783.42,10472090.0,59.9255,17.3263
504.0,844.0,7.0,1.0,647.0,78.0,273.0,72.0,282.0,91.0,839.0,75.0,793.0,16.0,0.0001285698,24.32026,577079.0,19841090.0,0.0,0.0
493.0,917.0,2.0,1.0,599.0,14.0,147.0,33.0,465.0,14.0,467.0,64.0,180.0,69.0,6.429118e-05,59.34138,16783.42,10472090.0,81.7569,26.9479
509.0,744.0,8.0,5.0,961.0,69.0,276.0,22.0,376.0,60.0,760.0,96.0,806.0,23.0,0.0002024227,53.37331,40642.28,181038800.0,44.1253,11.913
247.0,851.0,4.0,5.0,588.0,84.0,302.0,24.0,426.0,91.0,831.0,83.0,785.0,15.0,4.570184e-05,61.04672,10785.12,12750420.0,68.1851,24.6923
626.0,855.0,2.0,1.0,918.0,78.0,868.0,21.0,692.0,51.0,474.0,66.0,944.0,47.0,3.004323e-05,44.91193,40642.28,6729644.0,69.1666,17.3189
522.0,839.0,1.0,2.0,961.0,30.0,479.0,51.0,625.0,58.0,309.0,81.0,972.0,84.0,0.0001140034,55.98189,98416.24,48044980.0,74.4153,39.6272
551.0,912.0,1.0,2.0,624.0,11.0,113.0,21.0,162.0,24.0,520.0,50.0,316.0,70.0,2.860902e-05,25.43758,577079.0,8193759.0,77.12,33.7611
321.0,859.0,1.0,1.0,384.0,15.0,909.0,23.0,884.0,66.0,169.0,88.0,663.0,25.0,2.871731e-05,54.10472,40642.28,12750420.0,55.3513,15.2872
848.0,839.0,2.0,2.0,882.0,99.0,823.0,26.0,537.0,51.0,465.0,68.0,944.0,46.0,3.772768e-05,40.61895,98416.24,8193759.0,75.438,38.7204
208.0,934.0,1.0,1.0,929.0,64.0,651.0,15.0,588.0,37.0,311.0,76.0,235.0,15.0,7.359873e-06,53.03374,10785.12,3383770.0,62.05,15.0843
700.0,764.0,1.0,2.0,900.0,63.0,788.0,6.0,604.0,33.0,384.0,96.0,235.0,4.0,3.928067e-05,61.14853,16783.42,16295760.0,66.8678,24.4337
655.0,827.0,1.0,1.0,902.0,64.0,788.0,7.0,610.0,29.0,439.0,88.0,225.0,3.0,1.630743e-05,52.13521,26117.46,8193759.0,47.8636,10.0411
696.0,899.0,1.0,1.0,900.0,91.0,822.0,27.0,715.0,18.0,541.0,83.0,969.0,81.0,2.444377e-05,63.73557,6930.448,10472090.0,60.9977,15.1171
353.0,833.0,1.0,1.0,371.0,15.0,934.0,20.0,882.0,70.0,171.0,89.0,598.0,17.0,3.465996e-05,49.16345,63244.55,16295760.0,53.6066,15.1017
393.0,870.0,4.0,3.0,736.0,85.0,784.0,68.0,599.0,78.0,286.0,47.0,945.0,38.0,4.596903e-05,63.11607,10785.12,10472090.0,72.9928,29.1228
727.0,956.0,1.0,3.0,336.0,63.0,415.0,74.0,609.0,14.0,539.0,82.0,112.0,52.0,3.404955e-05,57.92502,16783.42,12750420.0,70.708,24.3358
723.0,747.0,1.0,1.0,189.0,19.0,597.0,8.0,347.0,2.0,696.0,76.0,912.0,35.0,0.0001066004,17.83639,898000.8,5265529.0,75.8679,31.5368
491.0,710.0,7.0,8.0,865.0,81.0,625.0,55.0,374.0,82.0,477.0,7.0,376.0,60.0,0.0002505609,3.046623,898000.8,737540.9,11.8025,5.43231
268.0,860.0,1.0,1.0,372.0,15.0,934.0,15.0,911.0,68.0,155.0,88.0,665.0,23.0,2.233892e-05,58.51027,16783.42,10472090.0,60.5328,18.47
696.0,804.0,2.0,1.0,188.0,11.0,585.0,11.0,235.0,37.0,326.0,86.0,989.0,17.0,3.561416e-05,58.70988,16783.42,10472090.0,65.7971,13.0535
543.0,889.0,5.0,1.0,278.0,74.0,872.0,20.0,341.0,92.0,354.0,90.0,363.0,18.0,1.466438e-05,44.77427,16783.42,2174501.0,75.3435,15.0738
208.0,886.0,1.0,1.0,946.0,64.0,654.0,15.0,598.0,44.0,344.0,75.0,183.0,15.0,2.050905e-05,51.43108,26117.46,8193759.0,66.4926,17.841
345.0,862.0,1.0,1.0,470.0,13.0,976.0,18.0,923.0,66.0,224.0,96.0,606.0,26.0,2.553305e-05,57.98419,16783.42,10472090.0,62.9249,20.717
290.0,739.0,2.0,3.0,915.0,63.0,834.0,15.0,722.0,44.0,179.0,88.0,126.0,20.0,0.0001912718,39.9652,238315.2,25358040.0,129.421,37.2329
531.0,925.0,1.0,3.0,565.0,15.0,122.0,20.0,156.0,12.0,525.0,50.0,241.0,27.0,2.307975e-05,58.65169,16783.42,12750420.0,61.1046,17.5968
707.0,640.0,2.0,1.0,430.0,72.0,616.0,20.0,220.0,43.0,352.0,85.0,921.0,22.0,0.0002316173,54.00736,153147.4,74763430.0,93.9052,25.7076
206.0,793.0,2.0,2.0,379.0,64.0,492.0,59.0,521.0,66.0,345.0,19.0,639.0,86.0,0.0001732324,20.48848,2174500.0,19841090.0,90.3936,30.8926
706.0,854.0,5.0,4.0,618.0,67.0,168.0,83.0,567.0,92.0,501.0,49.0,322.0,89.0,0.0001776138,29.36112,577079.0,61404200.0,28.5403,12.681
707.0,747.0,2.0,1.0,202.0,19.0,638.0,12.0,221.0,42.0,323.0,87.0,943.0,59.0,7.894498e-05,26.67213,577079.0,10472090.0,92.7379,35.8903
502.0,844.0,1.0,2.0,887.0,39.0,528.0,47.0,489.0,59.0,332.0,79.0,952.0,86.0,9.580341e-05,61.30225,40642.28,48044980.0,73.7461,37.3728
724.0,638.0,4.0,1.0,430.0,71.0,211.0,7.0,200.0,1.0,760.0,29.0,681.0,92.0,0.0005937131,35.69404,370846.0,19841090.0,117.692,25.228
533.0,858.0,5.0,1.0,239.0,64.0,173.0,22.0,247.0,98.0,298.0,92.0,342.0,16.0,5.814282e-05,58.15785,16783.42,12750420.0,52.6605,7.13336
760.0,968.0,1.0,3.0,244.0,67.0,456.0,75.0,609.0,13.0,669.0,44.0,127.0,42.0,1.646952e-05,55.9595,16783.42,10472090.0,59.435,14.66
466.0,880.0,1.0,2.0,270.0,30.0,563.0,43.0,492.0,61.0,342.0,24.0,997.0,83.0,2.941716e-05,23.5678,898000.8,10472090.0,59.1637,21.1486
903.0,755.0,1.0,1.0,764.0,92.0,878.0,6.0,715.0,43.0,112.0,38.0,976.0,13.0,3.080584e-05,52.74477,40642.28,12750420.0,62.0105,18.9061
727.0,694.0,4.0,1.0,244.0,32.0,862.0,63.0,915.0,32.0,539.0,50.0,829.0,44.0,0.0003374762,62.64667,40642.28,48044980.0,106.923,20.5113
347.0,862.0,1.0,1.0,444.0,19.0,977.0,18.0,860.0,77.0,179.0,91.0,621.0,20.0,2.143217e-05,59.58465,16783.42,10472090.0,55.7376,15.6001
320.0,872.0,1.0,1.0,273.0,70.0,493.0,72.0,527.0,42.0,758.0,84.0,519.0,49.0,8.199076e-05,53.69843,153147.4,48044980.0,28.5297,7.29277
627.0,877.0,2.0,2.0,921.0,95.0,884.0,25.0,536.0,53.0,465.0,82.0,937.0,43.0,2.246383e-05,54.6791,16783.42,6729644.0,68.5288,17.9281
704.0,632.0,1.0,1.0,796.0,89.0,730.0,14.0,742.0,29.0,169.0,34.0,609.0,16.0,0.0002149119,64.56452,63244.55,95551890.0,74.3702,53.8886
753.0,856.0,1.0,5.0,996.0,11.0,996.0,56.0,343.0,51.0,186.0,33.0,749.0,14.0,2.800159e-05,58.03776,26117.46,16295760.0,56.1516,19.0246
513.0,852.0,3.0,3.0,491.0,90.0,880.0,64.0,592.0,66.0,390.0,48.0,936.0,38.0,5.517328e-05,64.31624,10785.12,16295760.0,79.9309,37.7733
733.0,758.0,2.0,1.0,193.0,75.0,499.0,11.0,161.0,43.0,329.0,87.0,970.0,24.0,7.313838e-05,43.31598,238315.2,25358040.0,73.8089,23.0873
624.0,820.0,1.0,3.0,897.0,65.0,879.0,9.0,602.0,33.0,369.0,87.0,188.0,4.0,2.393302e-05,61.12193,10785.12,12750420.0,64.3535,21.0201
626.0,843.0,2.0,2.0,901.0,89.0,866.0,32.0,715.0,18.0,525.0,83.0,971.0,82.0,7.212004e-05,63.01531,10785.12,16295760.0,85.8038,41.0661
499.0,821.0,1.0,2.0,872.0,33.0,526.0,40.0,533.0,58.0,549.0,18.0,655.0,92.0,6.711351e-05,14.33615,1397391.0,6729644.0,79.912,50.1734
742.0,761.0,3.0,6.0,613.0,89.0,930.0,96.0,246.0,70.0,942.0,59.0,936.0,71.0,0.0001675778,21.49545,1397391.0,39459980.0,10.6874,6.70285
437.0,459.0,6.0,9.0,440.0,12.0,895.0,58.0,346.0,5.0,364.0,63.0,168.0,26.0,0.002461852,35.17262,370846.0,871857100.0,6.06564,3.10122
750.0,768.0,1.0,1.0,771.0,89.0,937.0,11.0,580.0,40.0,139.0,33.0,873.0,18.0,4.546353e-05,48.02029,98416.24,25358040.0,59.0677,16.3891
730.0,821.0,1.0,1.0,903.0,93.0,817.0,25.0,735.0,18.0,594.0,82.0,971.0,75.0,8.644119e-05,66.24194,16783.42,30874990.0,62.6642,21.1867
258.0,727.0,6.0,5.0,904.0,78.0,891.0,25.0,287.0,93.0,306.0,93.0,379.0,15.0,0.000120605,34.73414,238315.2,148689600.0,26.4805,11.6219
679.0,389.0,8.0,1.0,242.0,78.0,212.0,7.0,276.0,1.0,744.0,78.0,999.0,92.0,0.001865733,16.24579,1397391.0,6729644.0,34.333,15.2734
919.0,786.0,1.0,1.0,794.0,88.0,877.0,9.0,577.0,43.0,140.0,34.0,962.0,20.0,2.330347e-05,37.12151,153147.4,8193759.0,65.5264,19.5483
470.0,857.0,3.0,3.0,509.0,84.0,858.0,67.0,589.0,65.0,397.0,53.0,926.0,38.0,5.412082e-05,64.57273,10785.12,16295760.0,77.2932,36.2564
572.0,852.0,1.0,2.0,494.0,41.0,495.0,49.0,551.0,59.0,400.0,81.0,998.0,84.0,8.564812e-05,63.6411,40642.28,48044980.0,63.8096,30.7494
324.0,786.0,1.0,1.0,603.0,83.0,935.0,71.0,205.0,72.0,168.0,28.0,850.0,13.0,0.0001189685,57.20674,153147.4,74763430.0,4.25588,738.744
477.0,837.0,1.0,2.0,816.0,31.0,557.0,43.0,524.0,58.0,400.0,77.0,998.0,85.0,9.505091e-05,56.82779,98416.24,48044980.0,74.4224,36.36
666.0,830.0,1.0,6.0,969.0,8.0,982.0,56.0,305.0,48.0,331.0,31.0,693.0,15.0,4.575681e-05,53.96876,63244.55,19841090.0,81.2134,30.7077
593.0,839.0,1.0,2.0,484.0,31.0,479.0,48.0,601.0,58.0,405.0,80.0,979.0,84.0,0.0001071847,63.92413,40642.28,61404200.0,69.7846,31.201
492.0,849.0,4.0,2.0,181.0,15.0,907.0,33.0,467.0,24.0,531.0,68.0,970.0,67.0,5.191828e-05,54.25254,16783.42,6729644.0,91.1417,40.23
460.0,831.0,3.0,5.0,613.0,83.0,876.0,72.0,397.0,91.0,818.0,89.0,806.0,21.0,7.438005e-05,65.30452,16783.42,39459980.0,77.7754,19.9848
562.0,872.0,1.0,1.0,484.0,28.0,479.0,44.0,601.0,59.0,400.0,82.0,992.0,83.0,5.757716e-05,62.84785,26117.46,30874990.0,49.692,12.9595
698.0,830.0,2.0,2.0,922.0,97.0,823.0,35.0,537.0,54.0,465.0,83.0,936.0,83.0,6.679788e-05,36.96115,238315.2,12750420.0,88.7204,43.0753
597.0,593.0,2.0,9.0,746.0,68.0,655.0,55.0,603.0,72.0,719.0,89.0,113.0,71.0,0.0006005387,14.06779,3383769.0,39459980.0,219.502,868.934
709.0,627.0,2.0,1.0,788.0,92.0,736.0,20.0,707.0,34.0,101.0,16.0,903.0,16.0,0.0001999785,61.85224,63244.55,61404200.0,79.893,57.5879
723.0,834.0,1.0,1.0,903.0,95.0,822.0,27.0,734.0,18.0,586.0,81.0,929.0,77.0,7.628786e-05,65.98579,16783.42,30874990.0,62.0936,21.0543
701.0,845.0,1.0,1.0,901.0,78.0,823.0,28.0,708.0,19.0,544.0,84.0,971.0,77.0,6.376995e-05,66.73624,16783.42,25358040.0,62.4382,18.9753
371.0,966.0,1.0,1.0,357.0,63.0,405.0,73.0,944.0,38.0,546.0,46.0,121.0,43.0,1.666739e-05,52.55121,40642.28,10472090.0,53.694,13.2081
718.0,743.0,2.0,1.0,439.0,78.0,648.0,9.0,222.0,2.0,705.0,21.0,691.0,32.0,9.199093e-05,36.37975,238315.2,12750420.0,80.7296,33.678
732.0,483.0,2.0,5.0,465.0,94.0,482.0,62.0,349.0,46.0,385.0,88.0,119.0,35.0,0.0008624261,23.79946,3383769.0,438383300.0,-10.8901,-12.3496
494.0,800.0,1.0,2.0,863.0,59.0,486.0,49.0,540.0,63.0,561.0,86.0,988.0,88.0,0.000183311,48.22482,370846.0,95551890.0,66.8759,21.1616
447.0,885.0,1.0,2.0,419.0,4.0,827.0,57.0,440.0,65.0,260.0,48.0,306.0,36.0,3.533486e-05,34.78931,238315.2,12750420.0,76.5007,38.651
493.0,887.0,4.0,2.0,634.0,15.0,113.0,28.0,466.0,23.0,530.0,66.0,174.0,67.0,9.377736e-05,52.82069,26117.46,8193759.0,101.837,34.0665
207.0,886.0,1.0,1.0,927.0,68.0,631.0,15.0,610.0,45.0,202.0,99.0,194.0,15.0,2.332853e-05,56.59357,16783.42,10472090.0,65.8745,18.5296
493.0,887.0,4.0,3.0,628.0,11.0,113.0,33.0,462.0,14.0,530.0,67.0,201.0,69.0,0.0001204627,58.31497,10785.12,10472090.0,113.704,24.1137
489.0,865.0,1.0,2.0,468.0,30.0,520.0,43.0,492.0,51.0,326.0,83.0,997.0,85.0,6.456686e-05,62.29509,40642.28,39459980.0,67.1912,33.101
276.0,796.0,1.0,3.0,925.0,67.0,830.0,14.0,602.0,98.0,179.0,89.0,113.0,10.0,5.854222e-05,40.26905,238315.2,19841090.0,89.0334,46.4662
668.0,332.0,3.0,1.0,451.0,78.0,161.0,12.0,200.0,1.0,400.0,78.0,933.0,94.0,0.002575908,8.909344,5265528.0,8193759.0,26.4224,12.2378
530.0,717.0,4.0,1.0,634.0,82.0,286.0,22.0,357.0,97.0,754.0,82.0,804.0,16.0,0.0002322262,63.6407,40642.28,39459980.0,61.6524,20.0209
555.0,733.0,1.0,5.0,620.0,79.0,927.0,75.0,285.0,88.0,313.0,89.0,432.0,17.0,0.0002725568,59.93776,238315.2,360050100.0,14.7863,7.18794
799.0,682.0,1.0,1.0,952.0,92.0,830.0,22.0,198.0,39.0,176.0,37.0,544.0,54.0,9.373963e-05,19.23291,2174500.0,16295760.0,93.7427,39.2067
671.0,625.0,3.0,1.0,212.0,82.0,580.0,13.0,239.0,51.0,289.0,71.0,921.0,29.0,0.0002003468,35.38297,898000.8,39459980.0,113.892,25.0461
735.0,548.0,3.0,1.0,442.0,79.0,579.0,7.0,218.0,1.0,745.0,26.0,999.0,94.0,0.0003746405,29.45428,577079.0,12750420.0,107.839,30.6691
739.0,694.0,4.0,1.0,337.0,32.0,892.0,92.0,927.0,33.0,556.0,50.0,829.0,45.0,0.0003521745,63.04301,40642.28,48044980.0,105.418,21.4641
208.0,882.0,1.0,1.0,946.0,64.0,799.0,10.0,606.0,44.0,228.0,75.0,206.0,15.0,1.845115e-05,49.37672,26117.46,6729644.0,72.812,23.845
746.0,626.0,7.0,1.0,440.0,82.0,623.0,22.0,222.0,43.0,352.0,74.0,921.0,22.0,0.0002204822,42.99319,153147.4,19841090.0,114.089,26.3557
509.0,745.0,6.0,1.0,612.0,78.0,337.0,26.0,352.0,66.0,824.0,83.0,807.0,21.0,0.0001948276,64.76865,16783.42,25358040.0,72.7897,22.0663
526.0,727.0,6.0,1.0,647.0,78.0,897.0,25.0,362.0,88.0,306.0,93.0,808.0,15.0,0.0001134747,62.42167,10785.12,12750420.0,81.6939,30.9234
864.0,743.0,1.0,1.0,789.0,89.0,932.0,21.0,764.0,27.0,100.0,40.0,984.0,26.0,8.268936e-05,60.54919,40642.28,30874990.0,62.8871,30.2653
861.0,326.0,6.0,3.0,882.0,13.0,623.0,94.0,899.0,64.0,199.0,54.0,704.0,39.0,4.927457e-05,18.55101,63244.55,473963.5,99.5604,0.0
854.0,862.0,1.0,1.0,793.0,99.0,870.0,22.0,636.0,14.0,483.0,82.0,640.0,84.0,5.932957e-05,56.13926,26117.46,16295760.0,73.9925,25.1578
698.0,900.0,1.0,1.0,911.0,97.0,818.0,34.0,708.0,18.0,508.0,83.0,986.0,80.0,2.586201e-05,49.53672,40642.28,10472090.0,55.6327,13.4593
446.0,877.0,2.0,2.0,466.0,79.0,835.0,60.0,591.0,66.0,268.0,49.0,301.0,37.0,4.583494e-05,43.17063,98416.24,12750420.0,80.3653,49.1541
492.0,921.0,1.0,3.0,558.0,17.0,141.0,20.0,607.0,12.0,542.0,50.0,210.0,27.0,2.729297e-05,33.16595,238315.2,8193759.0,64.0349,19.2504
518.0,828.0,6.0,5.0,638.0,76.0,870.0,71.0,357.0,88.0,313.0,74.0,259.0,14.0,9.03482e-05,59.49845,16783.42,116340400.0,69.6972,18.9889
332.0,791.0,1.0,1.0,374.0,15.0,978.0,26.0,873.0,76.0,148.0,69.0,652.0,32.0,9.002177e-05,59.02791,40642.28,30874990.0,67.2802,49.1529
463.0,848.0,8.0,1.0,117.0,15.0,776.0,93.0,652.0,43.0,539.0,16.0,399.0,84.0,7.740961e-05,11.22222,577079.0,1785947.0,89.2915,50.1603
561.0,853.0,3.0,2.0,496.0,81.0,816.0,64.0,716.0,68.0,389.0,50.0,925.0,38.0,5.74568e-05,65.19341,10785.12,16295760.0,62.1865,16.328
912.0,768.0,1.0,1.0,787.0,91.0,888.0,7.0,716.0,42.0,140.0,31.0,976.0,11.0,2.269137e-05,46.93988,63244.55,10472090.0,56.7365,14.5705
268.0,874.0,1.0,1.0,372.0,13.0,934.0,15.0,911.0,65.0,155.0,89.0,603.0,23.0,1.846598e-05,57.69013,10785.12,8193759.0,62.1154,18.6121
701.0,841.0,2.0,1.0,876.0,85.0,854.0,28.0,703.0,49.0,523.0,69.0,971.0,47.0,4.396658e-05,52.8882,40642.28,12750420.0,64.4363,15.4587
534.0,894.0,4.0,5.0,612.0,75.0,279.0,76.0,394.0,58.0,861.0,75.0,362.0,21.0,6.066024e-05,35.11317,238315.2,10472090.0,79.743,25.8857
735.0,832.0,1.0,1.0,998.0,7.0,947.0,64.0,178.0,73.0,647.0,37.0,797.0,13.0,2.598439e-05,21.25382,577079.0,6729644.0,42.8587,8.55875
364.0,950.0,1.0,3.0,267.0,61.0,533.0,63.0,573.0,42.0,724.0,85.0,114.0,33.0,1.801278e-05,49.03923,63244.55,10472090.0,65.0974,21.6968
670.0,580.0,8.0,1.0,438.0,71.0,253.0,7.0,200.0,1.0,763.0,29.0,945.0,94.0,0.0007646461,42.02435,153147.4,19841090.0,129.582,23.7303
882.0,754.0,2.0,1.0,789.0,92.0,948.0,14.0,709.0,40.0,188.0,35.0,890.0,13.0,4.070982e-05,54.94359,26117.46,10472090.0,66.511,16.305
481.0,610.0,8.0,3.0,186.0,93.0,111.0,73.0,762.0,83.0,549.0,26.0,632.0,85.0,0.003170003,30.31467,3383769.0,1356708000.0,-2.65234,-6.71307
885.0,720.0,2.0,1.0,756.0,89.0,883.0,11.0,697.0,37.0,138.0,20.0,905.0,17.0,3.499272e-05,34.79338,153147.4,6729644.0,76.0684,30.2986
570.0,319.0,4.0,7.0,800.0,10.0,401.0,1.0,485.0,53.0,969.0,82.0,381.0,63.0,5.701119e-05,1.147007,238315.2,125782.8,133.277,50.9226
221.0,841.0,2.0,1.0,910.0,70.0,586.0,93.0,653.0,92.0,194.0,79.0,870.0,10.0,9.871313e-05,8.542578,1397391.0,3383770.0,-53.9337,-7.60596
837.0,673.0,2.0,6.0,836.0,18.0,295.0,84.0,153.0,82.0,899.0,89.0,563.0,90.0,3.57003e-05,-1.751956,-10.0,-10.0,31.4011,11.3989
720.0,735.0,2.0,1.0,183.0,3.0,620.0,9.0,237.0,41.0,327.0,86.0,946.0,16.0,5.428305e-05,39.31031,153147.4,10472090.0,81.2483,25.6937
528.0,896.0,2.0,1.0,273.0,79.0,878.0,82.0,287.0,65.0,325.0,83.0,430.0,20.0,3.039186e-05,51.25145,40642.28,16295760.0,25.1076,3.80407
424.0,258.0,1.0,1.0,799.0,9.0,726.0,80.0,886.0,52.0,633.0,56.0,309.0,73.0,0.0005411442,8.565159,5265528.0,8193759.0,96.8621,25.0778
729.0,812.0,1.0,5.0,540.0,13.0,988.0,68.0,152.0,74.0,130.0,38.0,798.0,14.0,6.238548e-05,55.04676,98416.24,39459980.0,72.8508,28.323
350.0,885.0,3.0,3.0,484.0,81.0,952.0,64.0,589.0,66.0,365.0,48.0,944.0,38.0,2.9518e-05,62.68067,6930.448,10472090.0,62.3811,14.0913
338.0,630.0,2.0,4.0,376.0,15.0,625.0,88.0,555.0,82.0,401.0,17.0,387.0,1.0,0.000660674,5.17241,5265528.0,8193759.0,63.9815,29.1776
753.0,694.0,4.0,1.0,245.0,26.0,528.0,76.0,877.0,32.0,535.0,43.0,858.0,41.0,0.0003479211,50.29666,153147.4,48044980.0,103.922,25.8107
544.0,870.0,1.0,1.0,611.0,13.0,109.0,26.0,114.0,17.0,411.0,53.0,196.0,24.0,7.93826e-05,53.62258,98416.24,30874990.0,64.3529,18.4975
519.0,853.0,3.0,3.0,497.0,81.0,816.0,65.0,691.0,66.0,388.0,47.0,925.0,38.0,5.817562e-05,65.0734,10785.12,16295760.0,78.9202,39.1554
670.0,667.0,1.0,5.0,535.0,10.0,190.0,70.0,174.0,73.0,111.0,38.0,765.0,16.0,0.0002097476,37.53909,898000.8,281716800.0,60.5046,15.7775
493.0,887.0,4.0,3.0,599.0,15.0,113.0,33.0,466.0,23.0,532.0,66.0,174.0,67.0,0.0001053075,54.56962,26117.46,10472090.0,117.585,26.7347
732.0,673.0,1.0,1.0,790.0,93.0,829.0,23.0,198.0,43.0,169.0,39.0,545.0,27.0,0.0001390657,28.67002,2174500.0,48044980.0,88.4832,36.1139
465.0,870.0,1.0,3.0,734.0,8.0,836.0,61.0,598.0,39.0,286.0,51.0,881.0,39.0,4.235166e-05,33.39223,370846.0,12750420.0,65.7748,26.3074
515.0,843.0,2.0,3.0,495.0,81.0,804.0,60.0,721.0,71.0,388.0,49.0,893.0,27.0,6.001651e-05,52.03012,98416.24,25358040.0,58.9594,29.3411
721.0,742.0,2.0,1.0,439.0,76.0,492.0,9.0,239.0,3.0,710.0,28.0,956.0,32.0,0.0001060638,64.53396,16783.42,25358040.0,75.1589,24.6764
673.0,356.0,8.0,1.0,603.0,76.0,245.0,17.0,207.0,36.0,765.0,24.0,701.0,40.0,0.0004417542,13.58103,1397391.0,6729644.0,89.6345,20.0139
522.0,899.0,3.0,1.0,260.0,76.0,876.0,21.0,313.0,88.0,310.0,94.0,369.0,14.0,1.125944e-05,48.6489,10785.12,2779135.0,65.4259,11.4368
379.0,956.0,1.0,2.0,267.0,61.0,536.0,63.0,585.0,42.0,724.0,85.0,120.0,38.0,1.637779e-05,48.51332,40642.28,10472090.0,62.1331,17.2643
699.0,775.0,1.0,1.0,193.0,10.0,576.0,8.0,220.0,41.0,711.0,87.0,960.0,17.0,3.373778e-05,31.89936,370846.0,16295760.0,56.6598,14.6024
494.0,921.0,1.0,1.0,498.0,6.0,135.0,20.0,186.0,16.0,519.0,69.0,211.0,16.0,2.065952e-05,31.19382,238315.2,8193759.0,47.7018,9.72744
459.0,902.0,1.0,1.0,909.0,30.0,521.0,36.0,483.0,57.0,273.0,81.0,987.0,84.0,2.889256e-05,58.89059,26117.46,16295760.0,56.5931,13.2182
475.0,888.0,3.0,3.0,599.0,13.0,151.0,32.0,455.0,18.0,467.0,66.0,253.0,61.0,9.030186e-05,59.73669,16783.42,12750420.0,107.225,29.7563
365.0,807.0,1.0,1.0,388.0,18.0,955.0,19.0,882.0,70.0,156.0,89.0,592.0,23.0,5.837584e-05,60.2852,26117.46,25358040.0,63.4154,27.1459
702.0,951.0,1.0,4.0,206.0,14.0,467.0,63.0,607.0,43.0,498.0,65.0,102.0,54.0,2.042616e-05,45.21092,63244.55,10472090.0,80.9393,36.071
495.0,800.0,1.0,1.0,863.0,31.0,491.0,45.0,552.0,63.0,342.0,84.0,990.0,86.0,0.00018414,62.02903,63244.55,74763430.0,69.9942,40.0481
515.0,753.0,1.0,2.0,498.0,3.0,788.0,60.0,434.0,65.0,261.0,45.0,307.0,38.0,0.0001487189,19.11915,2174500.0,12750420.0,99.6999,21.1849
320.0,839.0,1.0,2.0,273.0,17.0,506.0,63.0,527.0,42.0,726.0,85.0,519.0,50.0,0.0001306333,61.5221,63244.55,74763430.0,62.9459,22.4461
484.0,535.0,1.0,8.0,437.0,34.0,438.0,50.0,472.0,41.0,561.0,15.0,361.0,87.0,0.0007964812,7.775199,12750420.0,48044980.0,48.9864,13.753
347.0,807.0,1.0,1.0,442.0,16.0,977.0,18.0,855.0,75.0,170.0,93.0,606.0,20.0,5.125144e-05,60.40855,26117.46,19841090.0,61.9233,23.6733
676.0,973.0,1.0,1.0,336.0,64.0,470.0,58.0,488.0,39.0,575.0,64.0,111.0,43.0,1.131743e-05,46.87845,40642.28,6729644.0,63.2494,14.6481
466.0,912.0,2.0,3.0,603.0,13.0,101.0,27.0,461.0,20.0,542.0,65.0,300.0,67.0,5.627456e-05,61.30756,10785.12,12750420.0,91.1459,34.6502
268.0,860.0,1.0,1.0,372.0,15.0,934.0,14.0,911.0,68.0,155.0,89.0,665.0,26.0,2.345781e-05,56.61095,16783.42,8193759.0,63.5676,21.1981
708.0,835.0,2.0,1.0,890.0,86.0,855.0,28.0,711.0,18.0,526.0,68.0,952.0,47.0,5.465378e-05,42.16812,98416.24,10472090.0,68.1249,18.2051
693.0,757.0,1.0,1.0,177.0,12.0,612.0,8.0,240.0,31.0,376.0,89.0,954.0,19.0,5.580037e-05,52.10923,98416.24,25358040.0,68.1942,21.2047
864.0,743.0,1.0,1.0,789.0,91.0,929.0,21.0,718.0,27.0,116.0,35.0,893.0,25.0,8.40145e-05,62.95402,26117.46,30874990.0,64.3595,29.5403
771.0,909.0,1.0,3.0,283.0,67.0,527.0,75.0,609.0,15.0,592.0,43.0,110.0,42.0,5.468707e-05,54.04994,63244.55,30874990.0,79.212,28.3445
204.0,810.0,1.0,1.0,919.0,57.0,654.0,15.0,592.0,46.0,197.0,96.0,208.0,15.0,7.798571e-05,57.86212,40642.28,25358040.0,72.8028,47.4291
698.0,864.0,1.0,1.0,901.0,91.0,821.0,27.0,724.0,18.0,544.0,84.0,969.0,76.0,4.578889e-05,66.89712,10785.12,19841090.0,60.6281,16.7024
550.0,856.0,5.0,5.0,614.0,75.0,888.0,74.0,293.0,89.0,869.0,83.0,405.0,15.0,4.957902e-05,45.92005,63244.55,10472090.0,103.194,24.3671
831.0,925.0,5.0,4.0,233.0,72.0,305.0,85.0,212.0,60.0,394.0,84.0,260.0,83.0,4.069004e-05,35.07051,98416.24,5265529.0,113.275,24.4416
706.0,632.0,2.0,1.0,797.0,91.0,756.0,21.0,716.0,46.0,185.0,34.0,905.0,24.0,0.0002285273,53.05622,153147.4,61404200.0,89.3583,52.7079
701.0,855.0,2.0,1.0,878.0,78.0,798.0,26.0,692.0,51.0,486.0,83.0,957.0,47.0,3.65774e-05,58.63222,16783.42,10472090.0,64.6258,14.9294
393.0,853.0,3.0,2.0,494.0,64.0,622.0,59.0,600.0,73.0,293.0,63.0,379.0,67.0,9.139106e-05,36.23746,238315.2,12750420.0,106.758,43.8143
392.0,870.0,1.0,2.0,748.0,6.0,830.0,55.0,609.0,69.0,614.0,47.0,342.0,39.0,3.555542e-05,23.91711,577079.0,6729644.0,73.6858,37.0537
996.0,330.0,6.0,2.0,312.0,46.0,480.0,61.0,411.0,62.0,427.0,21.0,695.0,10.0,7.970346e-06,4.583343,63244.55,63245.55,92.2755,42.1085
371.0,956.0,1.0,1.0,316.0,62.0,393.0,58.0,912.0,44.0,577.0,57.0,112.0,49.0,1.92348e-05,49.05593,63244.55,10472090.0,61.3902,18.4852
502.0,852.0,3.0,3.0,493.0,81.0,815.0,59.0,692.0,66.0,387.0,47.0,925.0,38.0,5.540399e-05,64.90596,10785.12,16295760.0,80.1454,40.312
642.0,820.0,2.0,1.0,870.0,94.0,854.0,29.0,726.0,18.0,495.0,82.0,937.0,47.0,7.052546e-05,32.63885,238315.2,8193759.0,69.7583,19.6656
696.0,758.0,2.0,1.0,207.0,11.0,499.0,11.0,220.0,41.0,328.0,87.0,977.0,17.0,6.603207e-05,59.10542,26117.46,19841090.0,70.4848,17.1636
671.0,581.0,8.0,1.0,440.0,71.0,211.0,7.0,200.0,1.0,763.0,29.0,945.0,92.0,0.000846389,59.00552,26117.46,30874990.0,132.406,23.3544
493.0,932.0,2.0,3.0,609.0,13.0,101.0,27.0,461.0,21.0,542.0,65.0,298.0,67.0,3.639748e-05,61.70053,10785.12,8193759.0,82.9656,38.1851
308.0,735.0,1.0,3.0,957.0,63.0,561.0,15.0,601.0,44.0,179.0,88.0,198.0,5.0,0.0001203356,29.23765,1397391.0,30874990.0,85.9775,32.4449
668.0,808.0,7.0,6.0,536.0,11.0,978.0,65.0,214.0,74.0,647.0,39.0,796.0,23.0,6.481975e-05,22.85111,238315.2,2779135.0,110.381,19.6141
323.0,877.0,4.0,5.0,200.0,82.0,889.0,67.0,286.0,93.0,321.0,94.0,340.0,14.0,3.648971e-05,57.48539,16783.42,10472090.0,93.5531,31.1343
907.0,823.0,1.0,1.0,794.0,89.0,898.0,16.0,757.0,32.0,141.0,35.0,986.0,23.0,2.759752e-05,61.80509,16783.42,12750420.0,53.9772,12.9458
732.0,824.0,1.0,2.0,900.0,91.0,821.0,26.0,733.0,18.0,519.0,83.0,971.0,76.0,8.606423e-05,67.22579,16783.42,30874990.0,73.3649,35.6858
719.0,681.0,2.0,1.0,934.0,92.0,831.0,21.0,723.0,42.0,102.0,37.0,528.0,26.0,0.0002295312,51.89037,98416.24,39459980.0,93.6951,55.072
493.0,887.0,1.0,3.0,603.0,13.0,101.0,26.0,465.0,19.0,542.0,64.0,217.0,73.0,9.707292e-05,55.98415,63244.55,39459980.0,95.8955,27.7483
211.0,800.0,2.0,2.0,379.0,64.0,484.0,56.0,541.0,64.0,346.0,86.0,998.0,86.0,0.000220359,54.47368,153147.4,181038800.0,80.9293,20.3983
707.0,625.0,2.0,1.0,179.0,12.0,605.0,5.0,198.0,4.0,386.0,87.0,961.0,60.0,0.0003240383,42.45794,153147.4,19841090.0,99.0866,30.2562
439.0,885.0,2.0,3.0,481.0,84.0,858.0,64.0,589.0,66.0,399.0,47.0,925.0,38.0,3.121917e-05,63.19688,10785.12,12750420.0,51.5176,12.7304
695.0,755.0,2.0,1.0,202.0,15.0,618.0,12.0,221.0,41.0,436.0,79.0,969.0,18.0,6.189885e-05,43.57839,153147.4,19841090.0,70.8859,17.8816
887.0,766.0,1.0,1.0,795.0,88.0,934.0,14.0,717.0,44.0,141.0,36.0,505.0,15.0,4.220441e-05,39.52616,238315.2,16295760.0,64.715,28.3761
509.0,711.0,8.0,1.0,648.0,69.0,295.0,22.0,358.0,60.0,754.0,96.0,805.0,23.0,0.0002709636,62.41562,16783.42,25358040.0,97.8218,29.5195
696.0,735.0,2.0,1.0,188.0,3.0,655.0,9.0,237.0,41.0,327.0,86.0,946.0,19.0,5.715673e-05,35.74353,153147.4,10472090.0,83.3275,30.5995
673.0,818.0,1.0,6.0,900.0,87.0,937.0,55.0,323.0,76.0,243.0,38.0,796.0,16.0,6.369201e-05,61.51678,63244.55,61404200.0,64.3325,25.1272
757.0,912.0,1.0,1.0,341.0,62.0,559.0,92.0,642.0,40.0,555.0,84.0,101.0,51.0,5.774421e-05,51.51075,98416.24,30874990.0,62.4473,19.6647
706.0,634.0,2.0,1.0,794.0,91.0,717.0,21.0,716.0,42.0,167.0,35.0,925.0,24.0,0.0002421561,64.63861,40642.28,61404200.0,89.7285,52.3025
498.0,876.0,1.0,1.0,741.0,4.0,798.0,66.0,583.0,65.0,280.0,49.0,942.0,38.0,3.86707e-05,56.02018,26117.46,16295760.0,53.6284,11.1877
791.0,692.0,1.0,1.0,363.0,8.0,506.0,69.0,887.0,13.0,557.0,47.0,850.0,43.0,0.0001822609,43.55875,238315.2,30874990.0,78.2989,26.9466
347.0,805.0,1.0,1.0,444.0,18.0,977.0,12.0,860.0,75.0,178.0,93.0,606.0,20.0,4.454286e-05,56.31821,26117.46,16295760.0,65.9236,28.1178
656.0,809.0,1.0,3.0,808.0,60.0,834.0,13.0,543.0,37.0,317.0,87.0,213.0,3.0,2.811053e-05,33.65898,238315.2,10472090.0,49.0776,13.4587
656.0,679.0,2.0,2.0,919.0,18.0,291.0,34.0,564.0,2.0,997.0,89.0,553.0,87.0,0.0007458479,20.94503,898000.8,8193759.0,125.659,19.7157
802.0,856.0,1.0,5.0,978.0,7.0,994.0,62.0,172.0,54.0,247.0,33.0,695.0,18.0,1.664873e-05,25.89087,370846.0,5265529.0,75.253,33.5155
654.0,729.0,1.0,3.0,937.0,65.0,788.0,10.0,610.0,38.0,381.0,87.0,217.0,4.0,7.407554e-05,63.62629,26117.46,39459980.0,76.3209,34.5734
624.0,737.0,1.0,2.0,941.0,64.0,793.0,10.0,604.0,33.0,425.0,88.0,218.0,4.0,6.937262e-05,62.46148,26117.46,30874990.0,65.3084,32.52
701.0,846.0,1.0,1.0,901.0,86.0,823.0,28.0,708.0,19.0,544.0,84.0,971.0,78.0,6.323567e-05,66.62859,16783.42,25358040.0,61.8631,18.5438
885.0,756.0,2.0,1.0,755.0,89.0,800.0,21.0,759.0,35.0,113.0,20.0,906.0,16.0,5.195196e-05,57.5698,26117.46,16295760.0,63.7147,15.2219
490.0,787.0,1.0,1.0,866.0,31.0,490.0,44.0,518.0,64.0,544.0,83.0,597.0,82.0,0.0001890783,30.6717,1397391.0,39459980.0,75.6472,32.9243
654.0,742.0,1.0,2.0,941.0,64.0,788.0,10.0,610.0,39.0,424.0,96.0,218.0,9.0,8.821666e-05,50.0948,98416.24,30874990.0,80.6817,42.9217
473.0,911.0,1.0,1.0,541.0,4.0,797.0,60.0,623.0,71.0,338.0,42.0,325.0,29.0,2.104113e-05,47.84951,63244.55,10472090.0,58.9173,13.3937
727.0,959.0,1.0,2.0,336.0,64.0,400.0,79.0,604.0,14.0,539.0,84.0,103.0,52.0,3.552122e-05,56.85523,26117.46,12750420.0,67.0953,18.7311
268.0,674.0,7.0,2.0,956.0,79.0,819.0,34.0,523.0,15.0,973.0,78.0,979.0,46.0,0.0003525075,37.36581,238315.2,30874990.0,53.7019,16.0261
484.0,816.0,1.0,2.0,863.0,34.0,427.0,50.0,540.0,63.0,561.0,86.0,998.0,93.0,0.0001644901,56.58278,153147.4,74763430.0,72.5402,23.6479
653.0,866.0,1.0,1.0,900.0,94.0,753.0,29.0,695.0,18.0,592.0,82.0,928.0,77.0,4.798603e-05,66.94867,10785.12,19841090.0,57.9973,15.9854
696.0,776.0,2.0,1.0,193.0,13.0,588.0,13.0,203.0,36.0,323.0,86.0,983.0,18.0,5.686102e-05,58.90424,26117.46,16295760.0,68.1995,15.3359
697.0,866.0,1.0,1.0,903.0,94.0,679.0,29.0,682.0,18.0,524.0,80.0,919.0,81.0,5.166769e-05,64.47241,16783.42,19841090.0,59.0561,16.4992
746.0,720.0,1.0,1.0,198.0,13.0,622.0,8.0,221.0,43.0,449.0,29.0,700.0,31.0,3.573214e-05,12.54789,1397391.0,5265529.0,80.8449,40.694
474.0,836.0,1.0,1.0,964.0,34.0,499.0,48.0,492.0,59.0,299.0,89.0,993.0,84.0,0.0001130554,61.25322,63244.55,48044980.0,62.2917,23.5356
492.0,917.0,2.0,1.0,599.0,14.0,111.0,26.0,465.0,14.0,466.0,64.0,180.0,60.0,5.959692e-05,59.90116,10785.12,10472090.0,80.2592,23.8166
443.0,494.0,1.0,3.0,799.0,8.0,783.0,67.0,646.0,40.0,529.0,12.0,352.0,9.0,0.0002699616,18.14571,3383769.0,19841090.0,107.707,15.5468
331.0,683.0,8.0,1.0,805.0,79.0,986.0,71.0,177.0,58.0,223.0,25.0,966.0,26.0,0.000328644,36.69566,370846.0,19841090.0,110.479,33.9551
697.0,876.0,1.0,1.0,903.0,91.0,825.0,27.0,724.0,18.0,563.0,84.0,969.0,78.0,3.719927e-05,65.72176,10785.12,16295760.0,60.4687,15.2421
767.0,911.0,1.0,3.0,365.0,73.0,456.0,68.0,609.0,42.0,535.0,47.0,115.0,38.0,3.72193e-05,42.5186,238315.2,19841090.0,71.4529,32.5435
666.0,807.0,5.0,5.0,603.0,11.0,173.0,69.0,179.0,73.0,621.0,28.0,851.0,14.0,0.0001282224,38.48729,153147.4,10472090.0,110.142,30.4715
330.0,675.0,7.0,1.0,523.0,11.0,987.0,71.0,178.0,57.0,126.0,28.0,955.0,14.0,0.0003235127,39.8859,153147.4,12750420.0,89.7487,44.5077
709.0,610.0,1.0,1.0,549.0,14.0,652.0,93.0,655.0,65.0,195.0,77.0,849.0,41.0,0.0003423838,42.09766,577079.0,61404200.0,85.607,23.2987
695.0,735.0,1.0,1.0,425.0,69.0,516.0,14.0,239.0,41.0,323.0,35.0,681.0,29.0,8.297733e-05,26.54092,2174500.0,30874990.0,72.5906,36.062
501.0,856.0,3.0,3.0,506.0,81.0,798.0,66.0,532.0,71.0,397.0,53.0,937.0,38.0,5.603259e-05,64.32422,10785.12,16295760.0,77.2743,35.1981
717.0,812.0,1.0,2.0,906.0,89.0,753.0,28.0,750.0,18.0,577.0,82.0,928.0,77.0,0.0001115464,66.21968,26117.46,39459980.0,73.9188,30.6411
705.0,726.0,2.0,1.0,794.0,91.0,763.0,21.0,788.0,41.0,167.0,36.0,905.0,24.0,0.0001295618,63.50362,26117.46,39459980.0,73.1726,54.5977
391.0,970.0,1.0,1.0,357.0,67.0,550.0,73.0,604.0,38.0,546.0,45.0,127.0,42.0,1.155326e-05,48.57112,40642.28,8193759.0,59.0993,13.6683
702.0,743.0,2.0,1.0,202.0,16.0,613.0,12.0,221.0,42.0,279.0,85.0,941.0,58.0,8.887984e-05,28.09602,577079.0,12750420.0,93.6286,36.3011
592.0,810.0,1.0,3.0,983.0,62.0,818.0,8.0,612.0,43.0,305.0,94.0,209.0,3.0,2.267055e-05,58.24668,16783.42,12750420.0,57.385,17.1365
753.0,920.0,1.0,4.0,371.0,68.0,838.0,72.0,843.0,12.0,535.0,49.0,845.0,43.0,1.787723e-05,20.69345,370846.0,2779135.0,34.8667,8.21025
654.0,389.0,1.0,2.0,836.0,89.0,683.0,22.0,167.0,83.0,985.0,72.0,622.0,50.0,0.0002840813,9.981226,8193758.0,16295760.0,23.461,8.85909
336.0,862.0,1.0,1.0,434.0,30.0,935.0,17.0,873.0,63.0,179.0,93.0,602.0,22.0,2.331661e-05,60.31574,16783.42,10472090.0,57.9111,17.2637
332.0,743.0,1.0,1.0,367.0,15.0,935.0,15.0,903.0,70.0,143.0,93.0,614.0,32.0,0.0001366013,56.25301,63244.55,30874990.0,75.7511,52.3049
274.0,847.0,7.0,2.0,628.0,67.0,173.0,70.0,235.0,92.0,740.0,96.0,338.0,87.0,0.0002127799,24.34957,898000.8,10472090.0,61.116,16.0575
755.0,854.0,1.0,6.0,957.0,27.0,981.0,61.0,172.0,58.0,271.0,28.0,801.0,16.0,3.349317e-05,43.59236,238315.2,19841090.0,57.2581,33.312
489.0,804.0,1.0,1.0,468.0,40.0,560.0,40.0,560.0,59.0,344.0,24.0,998.0,83.0,9.501075e-05,26.28063,1397391.0,30874990.0,61.5972,48.8281
725.0,747.0,1.0,1.0,193.0,16.0,597.0,8.0,152.0,43.0,679.0,76.0,906.0,24.0,3.775068e-05,22.68724,898000.8,12750420.0,67.662,21.3825
709.0,634.0,2.0,1.0,747.0,53.0,787.0,21.0,710.0,43.0,169.0,37.0,929.0,27.0,0.0002184233,50.02677,153147.4,39459980.0,92.7366,54.4751
446.0,913.0,1.0,3.0,624.0,11.0,159.0,20.0,156.0,20.0,542.0,50.0,217.0,24.0,2.375068e-05,51.42178,40642.28,12750420.0,67.6972,23.0404
731.0,293.0,1.0,1.0,987.0,7.0,964.0,66.0,153.0,68.0,626.0,29.0,779.0,1.0,3.762983e-05,22.85098,898000.8,10472090.0,64.3202,15.6108
762.0,856.0,1.0,6.0,996.0,6.0,999.0,60.0,344.0,51.0,250.0,34.0,774.0,12.0,2.119488e-05,57.51927,16783.42,10472090.0,61.5551,20.4138
493.0,913.0,2.0,3.0,603.0,13.0,101.0,27.0,546.0,20.0,542.0,65.0,318.0,68.0,5.434957e-05,56.11969,26117.46,12750420.0,89.6032,36.1532
332.0,817.0,6.0,6.0,953.0,83.0,846.0,73.0,287.0,51.0,288.0,74.0,338.0,15.0,0.0001116802,36.72862,153147.4,148689600.0,51.9591,15.6934
753.0,694.0,4.0,1.0,333.0,31.0,860.0,69.0,919.0,33.0,557.0,49.0,792.0,51.0,0.0002987003,43.55956,238315.2,30874990.0,105.371,24.2773
217.0,821.0,1.0,2.0,927.0,64.0,486.0,51.0,520.0,59.0,560.0,86.0,985.0,87.0,0.0001497935,61.69774,98416.24,74763430.0,63.7296,22.2226
460.0,826.0,1.0,2.0,963.0,31.0,478.0,40.0,500.0,59.0,397.0,27.0,996.0,85.0,7.745933e-05,25.19283,1397391.0,19841090.0,76.2861,48.2596
775.0,865.0,1.0,6.0,996.0,1.0,999.0,60.0,362.0,56.0,225.0,33.0,691.0,17.0,8.762007e-06,27.40023,98416.24,1397392.0,82.7334,31.9452
640.0,809.0,1.0,3.0,995.0,63.0,836.0,8.0,610.0,33.0,352.0,96.0,234.0,4.0,2.528453e-05,59.88458,16783.42,12750420.0,62.8658,20.3809
543.0,913.0,1.0,3.0,624.0,13.0,113.0,21.0,156.0,24.0,520.0,54.0,201.0,24.0,2.727454e-05,52.11694,63244.55,16295760.0,65.2851,22.9456
791.0,708.0,1.0,1.0,381.0,7.0,524.0,69.0,925.0,33.0,557.0,47.0,109.0,33.0,9.238982e-05,16.65867,898000.8,5265529.0,80.2107,35.6641
493.0,917.0,1.0,1.0,599.0,14.0,147.0,33.0,465.0,14.0,425.0,65.0,180.0,69.0,6.607527e-05,59.61345,26117.46,19841090.0,74.5593,23.4801
756.0,846.0,1.0,6.0,536.0,12.0,201.0,65.0,152.0,74.0,695.0,38.0,795.0,14.0,6.372631e-05,41.56595,370846.0,25358040.0,44.1662,23.1963
709.0,821.0,1.0,2.0,900.0,95.0,760.0,28.0,713.0,18.0,591.0,82.0,928.0,77.0,9.716484e-05,67.40349,16783.42,39459980.0,71.7394,30.5209
725.0,688.0,3.0,1.0,206.0,13.0,623.0,12.0,221.0,37.0,284.0,86.0,952.0,47.0,0.0001228885,30.13216,370846.0,12750420.0,99.6519,27.5045
726.0,970.0,1.0,2.0,336.0,67.0,415.0,74.0,598.0,14.0,496.0,84.0,169.0,52.0,1.850853e-05,35.58822,98416.24,5265529.0,55.3626,12.5069
627.0,737.0,1.0,1.0,930.0,68.0,836.0,10.0,610.0,38.0,381.0,98.0,217.0,4.0,6.812394e-05,62.65857,26117.46,30874990.0,56.1708,16.2703
679.0,886.0,1.0,1.0,932.0,65.0,631.0,15.0,610.0,44.0,209.0,97.0,194.0,5.0,1.24675e-05,32.83089,153147.4,4324649.0,36.0468,6.94054
506.0,879.0,1.0,2.0,937.0,31.0,550.0,50.0,580.0,58.0,395.0,79.0,998.0,84.0,5.11635e-05,62.28902,26117.46,25358040.0,59.3893,22.1803
290.0,752.0,1.0,3.0,932.0,71.0,572.0,9.0,626.0,46.0,204.0,88.0,195.0,8.0,9.937973e-05,59.57717,40642.28,48044980.0,93.5231,40.4778
509.0,829.0,8.0,1.0,685.0,65.0,325.0,22.0,363.0,90.0,754.0,73.0,796.0,22.0,5.579761e-05,40.97621,63244.55,6729644.0,54.3253,7.04236
704.0,634.0,2.0,1.0,797.0,91.0,826.0,21.0,716.0,42.0,167.0,35.0,905.0,24.0,0.000229196,61.55637,63244.55,61404200.0,89.9927,53.0123
527.0,738.0,8.0,1.0,642.0,71.0,295.0,22.0,356.0,63.0,793.0,98.0,825.0,19.0,0.0001958812,42.73156,153147.4,16295760.0,77.3618,24.7356
788.0,631.0,1.0,1.0,428.0,11.0,203.0,5.0,198.0,1.0,455.0,87.0,962.0,46.0,0.0002977838,20.14018,898000.8,6729644.0,92.0868,35.1678
883.0,650.0,2.0,1.0,796.0,89.0,973.0,5.0,783.0,37.0,112.0,25.0,866.0,20.0,3.65382e-05,31.38652,153147.4,4324649.0,83.4799,70.1819
730.0,912.0,1.0,3.0,336.0,63.0,522.0,75.0,919.0,21.0,537.0,47.0,102.0,54.0,5.898849e-05,53.09379,63244.55,25358040.0,82.933,33.5056
250.0,797.0,1.0,1.0,914.0,67.0,641.0,99.0,602.0,92.0,179.0,89.0,113.0,10.0,0.0002730252,31.53523,2174500.0,74763430.0,60.2364,37.567
521.0,727.0,5.0,1.0,612.0,82.0,317.0,25.0,376.0,66.0,831.0,83.0,807.0,22.0,0.0002380265,64.87113,26117.46,30874990.0,77.574,28.4734
480.0,805.0,1.0,1.0,863.0,35.0,489.0,44.0,521.0,62.0,354.0,84.0,990.0,91.0,0.0001733174,61.1651,63244.55,74763430.0,69.3124,38.9421
771.0,955.0,1.0,3.0,288.0,67.0,560.0,75.0,592.0,8.0,663.0,48.0,127.0,42.0,2.482353e-05,59.30723,16783.42,10472090.0,65.0378,17.4387
753.0,694.0,4.0,1.0,263.0,32.0,862.0,63.0,873.0,32.0,536.0,50.0,834.0,44.0,0.0003047709,64.15387,26117.46,39459980.0,104.672,23.8613
647.0,751.0,1.0,1.0,936.0,68.0,834.0,14.0,602.0,38.0,363.0,90.0,180.0,5.0,8.262206e-05,62.80375,40642.28,39459980.0,59.1223,19.4523
387.0,982.0,1.0,1.0,396.0,15.0,405.0,62.0,604.0,40.0,546.0,46.0,103.0,40.0,9.685287e-06,46.74231,40642.28,5265529.0,68.4332,17.2109
526.0,737.0,8.0,1.0,642.0,68.0,323.0,22.0,362.0,56.0,797.0,96.0,796.0,23.0,0.0002002676,64.34926,10785.12,16295760.0,87.5618,32.5925
368.0,834.0,1.0,1.0,376.0,23.0,977.0,26.0,872.0,78.0,162.0,89.0,661.0,32.0,5.006255e-05,60.17098,26117.46,19841090.0,59.7498,22.8447
494.0,800.0,1.0,2.0,863.0,34.0,489.0,50.0,540.0,63.0,349.0,86.0,989.0,87.0,0.0001974774,62.19204,63244.55,95551890.0,85.5209,26.8661
776.0,875.0,1.0,6.0,969.0,7.0,982.0,56.0,305.0,51.0,226.0,32.0,693.0,17.0,1.926991e-05,54.44356,26117.46,10472090.0,66.0707,25.0284
706.0,634.0,2.0,1.0,797.0,91.0,724.0,21.0,716.0,42.0,167.0,35.0,933.0,23.0,0.0002355763,64.56359,40642.28,61404200.0,88.4836,52.3868
324.0,605.0,5.0,8.0,302.0,30.0,294.0,9.0,917.0,18.0,988.0,32.0,996.0,62.0,0.0003451092,27.86434,577079.0,231377800.0,-1.02716,454.813
260.0,810.0,1.0,1.0,387.0,90.0,973.0,16.0,884.0,82.0,109.0,93.0,638.0,29.0,5.854827e-05,57.65083,40642.28,19841090.0,61.3829,29.8775
619.0,835.0,1.0,1.0,921.0,99.0,823.0,22.0,533.0,52.0,472.0,72.0,556.0,82.0,4.099852e-05,25.54554,577079.0,8193759.0,72.2305,52.6016
479.0,770.0,1.0,1.0,483.0,28.0,980.0,26.0,875.0,77.0,184.0,90.0,613.0,29.0,0.0001152668,61.84915,40642.28,39459980.0,67.1001,49.1805
466.0,863.0,1.0,2.0,967.0,33.0,524.0,45.0,532.0,59.0,560.0,78.0,999.0,86.0,6.268315e-05,49.06628,153147.4,30874990.0,61.4172,26.5434
730.0,900.0,1.0,1.0,933.0,91.0,822.0,26.0,733.0,17.0,518.0,81.0,971.0,79.0,2.340306e-05,64.97902,6930.448,10472090.0,61.5723,15.188
456.0,886.0,1.0,1.0,541.0,12.0,111.0,24.0,397.0,19.0,625.0,65.0,206.0,53.0,8.015563e-05,55.3453,63244.55,30874990.0,71.059,23.6308
493.0,906.0,1.0,3.0,570.0,13.0,147.0,23.0,579.0,20.0,519.0,64.0,374.0,69.0,4.796193e-05,62.13007,16783.42,19841090.0,79.0057,35.8347
522.0,841.0,1.0,2.0,484.0,31.0,494.0,45.0,625.0,59.0,390.0,83.0,993.0,80.0,9.806639e-05,63.87268,40642.28,48044980.0,68.0812,32.9479
474.0,854.0,1.0,2.0,472.0,32.0,548.0,40.0,588.0,59.0,386.0,82.0,998.0,83.0,7.111999e-05,60.84978,40642.28,39459980.0,67.081,35.7592
731.0,772.0,8.0,8.0,977.0,62.0,304.0,81.0,195.0,61.0,303.0,36.0,854.0,49.0,0.0002272731,32.23799,370846.0,281716800.0,30.3842,10.5455
713.0,638.0,2.0,1.0,374.0,72.0,615.0,9.0,240.0,2.0,827.0,30.0,926.0,31.0,0.0002218765,55.98265,63244.55,39459980.0,86.2345,33.3389
717.0,695.0,1.0,1.0,794.0,94.0,739.0,23.0,723.0,43.0,238.0,34.0,895.0,27.0,0.0001769121,61.52494,98416.24,95551890.0,61.0009,52.5402
527.0,865.0,1.0,2.0,484.0,32.0,494.0,50.0,576.0,59.0,482.0,25.0,998.0,85.0,4.744621e-05,26.12927,898000.8,16295760.0,56.5991,28.253
662.0,851.0,1.0,2.0,899.0,90.0,823.0,27.0,708.0,18.0,591.0,83.0,967.0,76.0,5.669475e-05,66.28868,16783.42,25358040.0,67.5036,28.5355
670.0,787.0,2.0,2.0,829.0,99.0,823.0,50.0,536.0,50.0,524.0,73.0,654.0,87.0,0.0001439765,32.00316,577079.0,25358040.0,108.55,23.685
320.0,875.0,4.0,1.0,685.0,77.0,836.0,69.0,301.0,87.0,302.0,89.0,374.0,14.0,3.952013e-05,53.08573,26117.46,10472090.0,37.3947,4.55249
713.0,694.0,4.0,1.0,237.0,37.0,495.0,73.0,929.0,29.0,557.0,50.0,829.0,42.0,0.0004517198,23.55736,1397391.0,19841090.0,109.946,21.3037
888.0,768.0,1.0,1.0,727.0,95.0,863.0,11.0,580.0,41.0,139.0,21.0,951.0,18.0,2.637996e-05,34.50245,238315.2,10472090.0,59.2343,16.2177
494.0,800.0,1.0,2.0,411.0,34.0,489.0,43.0,591.0,56.0,348.0,92.0,993.0,89.0,0.0001885049,62.54385,98416.24,116340400.0,83.4105,24.4951
705.0,633.0,1.0,1.0,789.0,90.0,742.0,21.0,722.0,44.0,172.0,36.0,907.0,24.0,0.0002411911,64.16501,98416.24,116340400.0,70.2443,51.7893
721.0,752.0,2.0,1.0,439.0,13.0,517.0,9.0,221.0,3.0,729.0,28.0,956.0,32.0,8.422394e-05,47.60933,63244.55,12750420.0,80.8562,27.934
714.0,484.0,3.0,1.0,173.0,14.0,628.0,12.0,225.0,43.0,397.0,82.0,692.0,48.0,0.0001847364,19.50283,1397391.0,10472090.0,118.647,17.3531
349.0,833.0,6.0,1.0,620.0,77.0,824.0,70.0,341.0,87.0,321.0,74.0,362.0,22.0,9.090194e-05,58.12062,16783.42,12750420.0,77.2165,19.628
335.0,862.0,1.0,1.0,434.0,11.0,935.0,16.0,923.0,63.0,179.0,93.0,606.0,23.0,2.329897e-05,59.35083,10785.12,8193759.0,62.6776,19.4643
626.0,673.0,2.0,2.0,857.0,17.0,291.0,34.0,647.0,4.0,663.0,89.0,563.0,84.0,0.0007684119,19.62813,898000.8,8193759.0,134.463,14.7606
512.0,874.0,1.0,2.0,599.0,11.0,138.0,26.0,103.0,17.0,543.0,50.0,190.0,23.0,6.265133e-05,49.44114,98416.24,30874990.0,72.4583,35.7536
251.0,451.0,4.0,2.0,227.0,9.0,515.0,12.0,176.0,1.0,394.0,82.0,690.0,42.0,0.001142907,-15.38612,-10.0,-10.0,134.222,28.5936
452.0,864.0,1.0,3.0,591.0,11.0,159.0,20.0,156.0,22.0,540.0,43.0,209.0,23.0,5.444188e-05,34.57478,577079.0,19841090.0,84.3323,33.907
485.0,842.0,1.0,2.0,432.0,41.0,491.0,49.0,522.0,64.0,538.0,86.0,985.0,93.0,0.0001008141,48.47036,238315.2,48044980.0,65.0448,25.8495
761.0,687.0,2.0,1.0,183.0,13.0,623.0,12.0,221.0,42.0,285.0,85.0,888.0,26.0,0.0001008836,33.79811,577079.0,19841090.0,91.3543,33.5531
306.0,391.0,4.0,1.0,788.0,91.0,778.0,99.0,586.0,34.0,824.0,12.0,347.0,4.0,0.001779858,50.96103,370846.0,116340400.0,74.0246,28.5393
414.0,996.0,7.0,7.0,656.0,20.0,815.0,42.0,527.0,10.0,536.0,42.0,569.0,51.0,3.116888e-06,60.90568,312.7152,304581.6,78.5517,15.8864
673.0,389.0,4.0,1.0,239.0,78.0,581.0,7.0,228.0,1.0,744.0,83.0,999.0,94.0,0.001733525,56.89584,63244.55,74763430.0,141.23,16.2188
207.0,886.0,1.0,1.0,926.0,62.0,653.0,15.0,610.0,45.0,308.0,83.0,206.0,13.0,1.910179e-05,54.72225,26117.46,8193759.0,62.3989,16.347
848.0,849.0,2.0,2.0,924.0,99.0,823.0,27.0,536.0,54.0,505.0,83.0,928.0,44.0,3.637328e-05,51.16815,40642.28,10472090.0,71.7807,24.4145
324.0,429.0,6.0,5.0,996.0,82.0,986.0,65.0,174.0,57.0,168.0,28.0,851.0,3.0,0.0008565422,10.76511,3383769.0,61404200.0,52.1518,20.3072
864.0,944.0,9.0,6.0,869.0,53.0,662.0,94.0,151.0,70.0,208.0,57.0,820.0,82.0,1.525882e-05,48.42787,6930.448,1397392.0,86.9251,42.4491
736.0,807.0,1.0,6.0,492.0,86.0,996.0,64.0,179.0,57.0,213.0,33.0,810.0,18.0,7.986265e-05,60.02948,98416.24,116340400.0,69.5802,21.203
737.0,798.0,4.0,1.0,492.0,77.0,992.0,74.0,178.0,62.0,623.0,33.0,798.0,2.0,7.814093e-05,17.83496,898000.8,61404200.0,-82.4259,-14.2115
791.0,700.0,1.0,1.0,381.0,10.0,523.0,68.0,876.0,11.0,560.0,46.0,810.0,40.0,0.000207912,64.52457,40642.28,48044980.0,77.265,27.2756
763.0,590.0,4.0,9.0,469.0,74.0,502.0,10.0,358.0,17.0,795.0,59.0,839.0,46.0,0.000163725,28.40908,370846.0,116340400.0,3.27523,-1.73743
729.0,346.0,4.0,2.0,665.0,14.0,626.0,36.0,730.0,99.0,582.0,79.0,316.0,37.0,0.0001384657,12.03192,577079.0,1785947.0,119.383,28.8817
888.0,674.0,1.0,1.0,793.0,94.0,835.0,13.0,490.0,26.0,100.0,35.0,905.0,15.0,7.997155e-05,52.92029,98416.24,30874990.0,70.6153,57.8041
727.0,760.0,2.0,1.0,435.0,76.0,749.0,8.0,272.0,2.0,726.0,28.0,924.0,32.0,7.81499e-05,64.18456,10785.12,12750420.0,79.0199,24.3735
521.0,862.0,5.0,4.0,646.0,74.0,317.0,73.0,414.0,86.0,831.0,83.0,408.0,17.0,9.495986e-05,36.15277,238315.2,12750420.0,88.2837,23.7879
770.0,445.0,4.0,2.0,236.0,14.0,568.0,12.0,169.0,3.0,387.0,82.0,791.0,48.0,0.0006618406,39.81805,153147.4,19841090.0,147.982,17.8529
726.0,747.0,2.0,1.0,130.0,11.0,623.0,11.0,221.0,47.0,341.0,80.0,693.0,14.0,6.182436e-05,37.18738,238315.2,16295760.0,76.7046,22.9023
727.0,651.0,5.0,1.0,201.0,82.0,573.0,17.0,221.0,48.0,318.0,74.0,947.0,22.0,0.0002005873,44.95348,153147.4,30874990.0,108.148,25.8325
698.0,804.0,1.0,5.0,965.0,87.0,944.0,36.0,461.0,52.0,250.0,33.0,760.0,14.0,5.60283e-05,63.16435,40642.28,48044980.0,64.9087,33.8911
694.0,820.0,1.0,1.0,903.0,91.0,720.0,25.0,708.0,18.0,590.0,83.0,980.0,79.0,9.470524e-05,67.21259,16783.42,39459980.0,62.2895,21.7074
260.0,821.0,1.0,1.0,578.0,85.0,973.0,16.0,858.0,82.0,109.0,91.0,638.0,31.0,5.206522e-05,57.53487,40642.28,19841090.0,61.9386,28.7112
298.0,901.0,4.0,5.0,323.0,83.0,913.0,73.0,374.0,87.0,327.0,82.0,812.0,15.0,2.008197e-05,25.69876,153147.4,2779135.0,0.0,0.0
507.0,828.0,1.0,1.0,653.0,12.0,132.0,31.0,149.0,19.0,528.0,66.0,202.0,63.0,0.0001918441,26.60543,2174500.0,30874990.0,88.5548,33.5048
386.0,287.0,7.0,7.0,108.0,1.0,441.0,65.0,696.0,97.0,993.0,10.0,160.0,46.0,0.0003182379,-23.63313,-10.0,-10.0,0.0,126.02
736.0,678.0,1.0,1.0,840.0,94.0,829.0,18.0,130.0,41.0,172.0,34.0,895.0,45.0,9.896381e-05,22.50663,2174500.0,30874990.0,87.9587,33.8839
770.0,912.0,1.0,1.0,371.0,12.0,507.0,72.0,843.0,11.0,557.0,49.0,898.0,49.0,2.68984e-05,15.74394,577079.0,2174501.0,23.428,4.27954
210.0,690.0,1.0,2.0,916.0,61.0,653.0,15.0,610.0,45.0,385.0,84.0,273.0,13.0,0.0002094186,50.35634,238315.2,95551890.0,92.2108,25.962
732.0,753.0,1.0,3.0,934.0,67.0,834.0,10.0,596.0,43.0,363.0,97.0,189.0,4.0,5.766287e-05,61.41169,26117.46,30874990.0,73.4112,39.0907
227.0,340.0,4.0,1.0,637.0,8.0,638.0,33.0,728.0,44.0,363.0,65.0,254.0,28.0,0.001133286,22.94901,1397391.0,16295760.0,117.334,19.602
708.0,652.0,2.0,1.0,201.0,80.0,609.0,19.0,221.0,38.0,347.0,84.0,946.0,18.0,0.0002105347,56.35477,153147.4,74763430.0,85.1547,26.5589
655.0,764.0,1.0,3.0,902.0,66.0,788.0,10.0,644.0,38.0,431.0,97.0,235.0,3.0,4.307294e-05,37.36405,238315.2,16295760.0,55.9562,23.2899
709.0,676.0,1.0,1.0,842.0,54.0,739.0,20.0,740.0,43.0,104.0,38.0,891.0,47.0,0.0002388547,46.95023,370846.0,61404200.0,83.1125,55.3079
322.0,861.0,1.0,1.0,384.0,14.0,909.0,15.0,884.0,69.0,171.0,90.0,663.0,23.0,2.201447e-05,58.45559,16783.42,10472090.0,60.5284,18.1998
484.0,873.0,1.0,2.0,915.0,31.0,477.0,45.0,625.0,59.0,396.0,82.0,989.0,84.0,5.848513e-05,63.28735,26117.46,30874990.0,60.4688,26.8855
493.0,906.0,2.0,3.0,603.0,13.0,146.0,27.0,616.0,17.0,542.0,65.0,318.0,71.0,5.851738e-05,61.00729,10785.12,10472090.0,92.7049,36.3584
454.0,855.0,2.0,2.0,479.0,82.0,829.0,66.0,586.0,65.0,390.0,49.0,313.0,38.0,6.317434e-05,34.41126,370846.0,16295760.0,86.9678,44.5782
775.0,855.0,1.0,5.0,907.0,11.0,980.0,64.0,172.0,58.0,185.0,30.0,654.0,16.0,2.739145e-05,36.05309,238315.2,12750420.0,67.1224,33.4058
888.0,786.0,1.0,1.0,793.0,92.0,877.0,6.0,579.0,43.0,139.0,36.0,955.0,20.0,2.302047e-05,37.26823,153147.4,8193759.0,67.7539,21.021
753.0,698.0,4.0,1.0,244.0,31.0,862.0,63.0,915.0,31.0,536.0,50.0,829.0,51.0,0.0003200967,59.56754,40642.28,39459980.0,106.767,23.2485
490.0,821.0,1.0,2.0,376.0,33.0,526.0,47.0,533.0,59.0,549.0,18.0,967.0,84.0,7.925e-05,19.49977,2174500.0,16295760.0,66.8782,39.1122
706.0,718.0,1.0,1.0,796.0,88.0,929.0,18.0,696.0,45.0,113.0,33.0,549.0,17.0,0.0001220338,56.25876,98416.24,61404200.0,65.7455,56.8974
240.0,836.0,1.0,3.0,994.0,66.0,879.0,6.0,593.0,28.0,362.0,91.0,196.0,3.0,1.405159e-05,61.79104,6930.448,6729644.0,63.6247,17.0256
725.0,747.0,1.0,1.0,193.0,75.0,597.0,8.0,152.0,43.0,649.0,78.0,906.0,24.0,4.027726e-05,24.5205,898000.8,16295760.0,61.9661,18.5898
492.0,921.0,1.0,2.0,967.0,30.0,477.0,35.0,492.0,49.0,349.0,69.0,977.0,95.0,2.063379e-05,55.73066,26117.46,10472090.0,60.5467,15.6618
708.0,860.0,1.0,1.0,900.0,98.0,846.0,28.0,734.0,18.0,590.0,85.0,928.0,77.0,5.052237e-05,65.98378,10785.12,19841090.0,60.2388,17.2369
254.0,830.0,1.0,1.0,498.0,85.0,987.0,16.0,878.0,81.0,148.0,90.0,651.0,31.0,4.353287e-05,56.003,40642.28,16295760.0,61.1714,26.1791
422.0,260.0,1.0,1.0,732.0,10.0,787.0,67.0,905.0,51.0,700.0,92.0,308.0,41.0,0.0007603742,18.52629,3383769.0,25358040.0,94.8706,21.2267
509.0,891.0,1.0,2.0,863.0,32.0,572.0,46.0,588.0,59.0,350.0,87.0,993.0,88.0,3.966587e-05,61.53259,26117.46,19841090.0,59.4638,19.8362
697.0,785.0,2.0,1.0,900.0,99.0,802.0,28.0,725.0,18.0,525.0,82.0,928.0,82.0,0.0001627126,67.24301,16783.42,30874990.0,84.1947,43.544
471.0,891.0,2.0,1.0,599.0,15.0,101.0,30.0,449.0,20.0,530.0,61.0,224.0,62.0,9.342788e-05,59.30783,26117.46,19841090.0,80.3825,30.3904
675.0,869.0,1.0,1.0,901.0,94.0,821.0,27.0,700.0,18.0,503.0,82.0,975.0,76.0,4.189266e-05,66.52135,10785.12,16295760.0,60.9017,16.2563
720.0,747.0,2.0,1.0,513.0,68.0,669.0,9.0,239.0,2.0,710.0,26.0,960.0,24.0,7.853322e-05,39.68409,153147.4,12750420.0,72.5762,19.2463
716.0,874.0,2.0,1.0,869.0,83.0,804.0,28.0,590.0,47.0,559.0,80.0,928.0,77.0,3.260339e-05,42.19312,63244.55,6729644.0,71.9031,18.9601
472.0,852.0,1.0,3.0,479.0,82.0,689.0,62.0,578.0,66.0,390.0,49.0,934.0,38.0,6.37124e-05,64.28278,40642.28,48044980.0,44.6998,22.5662
767.0,911.0,1.0,3.0,365.0,73.0,456.0,68.0,609.0,14.0,535.0,47.0,159.0,39.0,5.37086e-05,61.66769,26117.46,30874990.0,69.145,28.3855
723.0,949.0,1.0,1.0,241.0,30.0,534.0,76.0,915.0,13.0,525.0,47.0,828.0,44.0,1.229601e-05,16.15126,370846.0,1785947.0,6.29741,1.12836
705.0,774.0,2.0,1.0,796.0,89.0,724.0,20.0,703.0,39.0,164.0,31.0,984.0,24.0,7.590069e-05,64.05325,16783.42,25358040.0,62.1331,15.6801
508.0,856.0,5.0,1.0,953.0,81.0,822.0,75.0,335.0,88.0,321.0,78.0,339.0,16.0,6.102539e-05,60.89087,10785.12,10472090.0,55.2765,8.25058
624.0,809.0,1.0,3.0,900.0,58.0,860.0,9.0,612.0,34.0,387.0,94.0,235.0,4.0,2.605588e-05,60.53818,16783.42,12750420.0,61.2889,19.5832
670.0,822.0,1.0,2.0,910.0,96.0,813.0,25.0,707.0,18.0,519.0,83.0,978.0,79.0,8.955369e-05,66.7368,16783.42,30874990.0,74.4307,34.9154
717.0,610.0,1.0,2.0,549.0,6.0,638.0,98.0,603.0,66.0,179.0,88.0,109.0,41.0,0.0001893022,15.19423,1397391.0,6729644.0,98.4176,25.1244
882.0,686.0,1.0,1.0,879.0,89.0,931.0,21.0,592.0,24.0,139.0,29.0,601.0,21.0,7.900351e-05,37.15298,370846.0,19841090.0,77.0745,66.499
520.0,740.0,2.0,1.0,273.0,80.0,888.0,73.0,287.0,86.0,302.0,81.0,405.0,15.0,0.0002552103,59.35557,153147.4,95551890.0,77.7993,25.5181
631.0,770.0,1.0,3.0,977.0,64.0,572.0,9.0,612.0,53.0,179.0,89.0,198.0,9.0,8.049291e-05,57.72282,40642.28,30874990.0,88.5915,46.4997
493.0,863.0,4.0,3.0,516.0,15.0,102.0,33.0,439.0,17.0,531.0,67.0,174.0,25.0,0.000122462,24.07105,370846.0,5265529.0,120.666,25.6225
790.0,469.0,2.0,1.0,790.0,53.0,743.0,21.0,142.0,44.0,103.0,38.0,903.0,27.0,0.0001487314,26.16138,1397391.0,19841090.0,107.476,30.4801
573.0,865.0,1.0,2.0,484.0,31.0,494.0,46.0,576.0,59.0,398.0,84.0,992.0,84.0,6.635418e-05,63.0666,40642.28,39459980.0,61.6617,29.8895
509.0,711.0,8.0,1.0,638.0,69.0,234.0,22.0,358.0,59.0,754.0,99.0,805.0,23.0,0.0003082398,36.97597,370846.0,19841090.0,99.0611,28.5849
696.0,758.0,2.0,1.0,207.0,15.0,499.0,11.0,220.0,41.0,323.0,87.0,970.0,17.0,6.697737e-05,59.38206,26117.46,19841090.0,69.4217,16.7431
582.0,826.0,1.0,2.0,512.0,33.0,480.0,45.0,585.0,44.0,322.0,82.0,997.0,97.0,0.0001394796,58.86313,98416.24,74763430.0,83.0179,30.4444
679.0,829.0,1.0,5.0,970.0,87.0,956.0,38.0,398.0,55.0,251.0,35.0,759.0,17.0,4.262284e-05,62.01871,40642.28,30874990.0,61.6527,35.1372
707.0,634.0,2.0,1.0,796.0,91.0,818.0,23.0,716.0,42.0,167.0,34.0,905.0,10.0,0.0001641622,33.75823,898000.8,30874990.0,62.5743,46.4341
422.0,696.0,6.0,1.0,440.0,12.0,879.0,75.0,719.0,5.0,370.0,74.0,168.0,24.0,0.0007420795,3.879124,898000.8,1147697.0,124.299,16.8407
540.0,913.0,1.0,3.0,626.0,14.0,113.0,21.0,187.0,19.0,520.0,65.0,201.0,24.0,3.091203e-05,57.59259,26117.46,16295760.0,64.8028,22.9895
726.0,768.0,2.0,1.0,201.0,15.0,597.0,9.0,196.0,43.0,323.0,74.0,691.0,24.0,4.55898e-05,28.71797,370846.0,8193759.0,84.1148,38.78
217.0,886.0,1.0,1.0,932.0,65.0,631.0,15.0,592.0,44.0,188.0,87.0,173.0,14.0,2.313922e-05,55.45966,16783.42,10472090.0,67.0762,18.1809
347.0,784.0,1.0,1.0,444.0,19.0,976.0,18.0,879.0,70.0,168.0,93.0,648.0,20.0,6.728177e-05,60.27031,40642.28,25358040.0,62.6199,27.5705
491.0,863.0,1.0,2.0,909.0,28.0,524.0,42.0,524.0,58.0,307.0,16.0,954.0,84.0,3.835876e-05,21.92902,898000.8,8193759.0,66.4419,56.6447
678.0,806.0,1.0,6.0,536.0,12.0,186.0,65.0,179.0,74.0,616.0,39.0,798.0,14.0,0.0001359258,57.74614,98416.24,61404200.0,65.3217,24.1308
705.0,620.0,1.0,1.0,796.0,88.0,742.0,21.0,787.0,38.0,167.0,32.0,915.0,24.0,0.0002597174,64.80364,98416.24,116340400.0,71.5474,52.571
776.0,856.0,1.0,6.0,969.0,7.0,982.0,56.0,308.0,58.0,226.0,32.0,693.0,17.0,2.213223e-05,38.65371,153147.4,10472090.0,74.7084,33.1963
331.0,795.0,1.0,1.0,371.0,20.0,927.0,19.0,782.0,75.0,148.0,92.0,646.0,31.0,7.759811e-05,58.27373,40642.28,25358040.0,68.2894,45.1107
505.0,724.0,4.0,1.0,613.0,83.0,266.0,23.0,440.0,65.0,831.0,83.0,807.0,22.0,0.0002598815,62.44897,40642.28,48044980.0,72.0109,26.3661
729.0,619.0,1.0,1.0,788.0,92.0,743.0,15.0,723.0,42.0,102.0,38.0,985.0,25.0,0.000222784,62.05889,98416.24,95551890.0,74.4956,54.2857
888.0,694.0,1.0,1.0,792.0,87.0,899.0,14.0,630.0,42.0,141.0,36.0,964.0,21.0,5.338255e-05,37.66182,238315.2,19841090.0,68.9214,62.4303
484.0,800.0,1.0,2.0,863.0,24.0,410.0,50.0,515.0,63.0,569.0,86.0,993.0,86.0,0.0002031607,58.09164,98416.24,74763430.0,78.1793,23.5264
707.0,634.0,2.0,1.0,788.0,92.0,743.0,21.0,717.0,42.0,164.0,38.0,890.0,25.0,0.00024985,64.56184,40642.28,61404200.0,91.7555,51.9047
437.0,814.0,1.0,2.0,465.0,34.0,440.0,50.0,503.0,60.0,529.0,86.0,998.0,93.0,0.0001708084,59.97531,98416.24,95551890.0,71.6994,21.7303
245.0,851.0,4.0,5.0,565.0,84.0,918.0,72.0,407.0,92.0,819.0,88.0,810.0,22.0,5.383187e-05,63.965,10785.12,16295760.0,89.6036,22.3136
792.0,330.0,3.0,1.0,449.0,12.0,681.0,34.0,225.0,1.0,368.0,77.0,689.0,94.0,0.001403448,34.59159,238315.2,10472090.0,103.317,23.1018
528.0,914.0,1.0,3.0,627.0,15.0,118.0,26.0,461.0,20.0,552.0,44.0,376.0,61.0,3.931026e-05,59.99702,26117.46,19841090.0,71.4451,33.4941
671.0,797.0,1.0,5.0,489.0,13.0,962.0,66.0,179.0,55.0,213.0,33.0,797.0,18.0,9.000338e-05,56.51592,98416.24,61404200.0,90.9438,23.6801
549.0,911.0,1.0,3.0,578.0,10.0,120.0,21.0,156.0,14.0,522.0,50.0,201.0,24.0,3.047079e-05,56.19784,26117.46,16295760.0,68.4021,25.6896
697.0,840.0,2.0,1.0,919.0,99.0,823.0,28.0,537.0,52.0,465.0,69.0,944.0,47.0,4.317481e-05,44.22348,98416.24,12750420.0,65.4907,15.9706
507.0,921.0,1.0,2.0,964.0,30.0,586.0,34.0,406.0,56.0,338.0,66.0,997.0,96.0,1.82697e-05,50.56813,40642.28,10472090.0,64.0615,16.8324
777.0,327.0,7.0,2.0,447.0,16.0,641.0,12.0,201.0,5.0,407.0,82.0,690.0,47.0,0.0003911779,29.53811,153147.4,4324649.0,126.039,18.3358
576.0,901.0,1.0,2.0,908.0,28.0,627.0,49.0,484.0,57.0,237.0,81.0,999.0,79.0,3.066817e-05,60.97412,16783.42,16295760.0,58.5611,16.0219
297.0,955.0,1.0,1.0,336.0,67.0,400.0,58.0,603.0,42.0,530.0,64.0,112.0,44.0,1.89836e-05,48.65002,63244.55,12750420.0,63.7255,17.0484
771.0,911.0,1.0,4.0,371.0,68.0,456.0,75.0,609.0,14.0,535.0,47.0,127.0,43.0,6.242332e-05,58.86045,40642.28,39459980.0,84.3794,25.584
653.0,813.0,1.0,2.0,938.0,67.0,842.0,14.0,582.0,43.0,324.0,96.0,154.0,5.0,3.988277e-05,60.50751,26117.46,19841090.0,62.1123,21.194
726.0,747.0,2.0,1.0,202.0,13.0,623.0,12.0,221.0,38.0,328.0,87.0,681.0,47.0,8.027935e-05,26.12606,577079.0,10472090.0,93.271,42.0445
526.0,737.0,8.0,1.0,642.0,68.0,323.0,14.0,362.0,56.0,797.0,96.0,796.0,23.0,0.0001399011,45.74367,63244.55,10472090.0,88.009,33.9925
331.0,678.0,7.0,1.0,737.0,78.0,971.0,71.0,149.0,30.0,146.0,24.0,941.0,15.0,0.0003358293,26.85287,898000.8,16295760.0,89.0813,39.7999
393.0,853.0,3.0,1.0,560.0,64.0,622.0,59.0,577.0,73.0,293.0,63.0,379.0,67.0,9.035381e-05,35.80915,238315.2,12750420.0,86.7003,51.15
799.0,680.0,2.0,1.0,930.0,91.0,830.0,19.0,745.0,34.0,100.0,36.0,913.0,50.0,0.0001871679,43.46431,238315.2,25358040.0,92.0029,59.6819
275.0,845.0,7.0,1.0,623.0,70.0,173.0,72.0,231.0,58.0,272.0,92.0,810.0,15.0,0.0001836233,3.918214,1397391.0,1397392.0,0.0,0.0
332.0,809.0,1.0,1.0,384.0,15.0,994.0,14.0,820.0,75.0,386.0,91.0,629.0,30.0,4.306187e-05,36.8361,238315.2,12750420.0,67.8821,32.652
668.0,806.0,1.0,6.0,536.0,12.0,201.0,65.0,214.0,74.0,647.0,39.0,798.0,23.0,0.0001440061,32.35623,1397391.0,61404200.0,61.1265,19.2102
466.0,880.0,1.0,2.0,959.0,34.0,563.0,43.0,492.0,57.0,343.0,26.0,997.0,85.0,3.06729e-05,26.62749,577079.0,10472090.0,62.0481,23.2528
683.0,686.0,1.0,3.0,989.0,64.0,673.0,9.0,540.0,39.0,385.0,97.0,272.0,4.0,9.7341e-05,55.11702,98416.24,48044980.0,78.822,26.8633
753.0,776.0,1.0,1.0,958.0,8.0,999.0,57.0,325.0,57.0,207.0,43.0,796.0,1.0,2.635888e-05,12.09152,898000.8,3383770.0,-30.8868,-4.61648
475.0,870.0,4.0,3.0,555.0,91.0,790.0,64.0,618.0,71.0,376.0,50.0,936.0,40.0,4.412313e-05,64.41314,6930.448,10472090.0,75.1529,32.2664
701.0,830.0,1.0,2.0,882.0,86.0,823.0,28.0,712.0,18.0,526.0,81.0,971.0,86.0,8.665688e-05,66.34019,16783.42,30874990.0,74.721,35.6771
545.0,896.0,2.0,5.0,273.0,84.0,318.0,21.0,312.0,98.0,325.0,83.0,827.0,17.0,1.673233e-05,59.56166,10785.12,8193759.0,31.1132,5.43372
323.0,805.0,1.0,5.0,556.0,16.0,985.0,64.0,178.0,74.0,147.0,28.0,853.0,15.0,8.293192e-05,55.70389,98416.24,48044980.0,78.2881,30.7444
255.0,807.0,1.0,1.0,397.0,15.0,935.0,18.0,882.0,70.0,205.0,89.0,746.0,28.0,5.64034e-05,59.6031,26117.46,19841090.0,64.0385,27.611
273.0,846.0,4.0,5.0,200.0,82.0,889.0,66.0,286.0,89.0,317.0,94.0,401.0,16.0,6.260065e-05,57.44818,26117.46,48044980.0,108.04,20.8644
653.0,809.0,1.0,3.0,944.0,61.0,847.0,14.0,582.0,43.0,343.0,96.0,180.0,5.0,3.950471e-05,61.95139,16783.42,19841090.0,66.0789,34.3134
753.0,694.0,4.0,1.0,236.0,31.0,877.0,66.0,910.0,31.0,555.0,50.0,829.0,44.0,0.0003156786,64.52664,26117.46,48044980.0,104.892,21.1858
509.0,852.0,1.0,2.0,449.0,87.0,798.0,64.0,592.0,69.0,390.0,49.0,925.0,38.0,5.89663e-05,64.50236,40642.28,39459980.0,33.727,10.4879
789.0,392.0,6.0,4.0,161.0,14.0,607.0,12.0,156.0,3.0,382.0,86.0,274.0,48.0,0.0007142102,25.18251,370846.0,12750420.0,42.0527,14.143
726.0,628.0,3.0,1.0,148.0,13.0,623.0,4.0,199.0,42.0,278.0,83.0,959.0,46.0,6.588909e-05,20.16314,577079.0,4324649.0,97.5007,36.3016
344.0,856.0,4.0,6.0,953.0,83.0,327.0,75.0,357.0,88.0,301.0,88.0,339.0,23.0,0.0001224499,31.27918,370846.0,95551890.0,47.2821,15.3792
758.0,634.0,1.0,1.0,726.0,84.0,948.0,15.0,583.0,25.0,187.0,20.0,895.0,20.0,0.0001175332,40.37942,577079.0,48044980.0,72.4915,59.0091
883.0,651.0,1.0,1.0,734.0,91.0,855.0,14.0,787.0,29.0,169.0,21.0,631.0,14.0,5.933803e-05,35.968,370846.0,19841090.0,70.1079,66.3248
320.0,842.0,2.0,2.0,271.0,33.0,533.0,60.0,939.0,26.0,707.0,84.0,525.0,51.0,0.0001219944,23.36883,898000.8,10472090.0,85.7626,27.3965
648.0,751.0,1.0,3.0,933.0,68.0,834.0,8.0,602.0,38.0,367.0,97.0,180.0,4.0,5.590699e-05,59.96875,26117.46,25358040.0,77.2616,41.0005
528.0,829.0,5.0,4.0,613.0,82.0,849.0,25.0,397.0,90.0,831.0,87.0,799.0,21.0,3.148672e-05,34.71431,98416.24,4324649.0,94.7955,30.8158
514.0,896.0,3.0,5.0,273.0,75.0,872.0,76.0,373.0,88.0,310.0,89.0,369.0,18.0,2.918833e-05,59.74243,10785.12,10472090.0,76.3185,30.3306
621.0,799.0,2.0,2.0,882.0,98.0,823.0,28.0,712.0,17.0,566.0,70.0,664.0,82.0,0.0001458403,47.43816,98416.24,25358040.0,102.12,31.1299
663.0,901.0,1.0,1.0,903.0,86.0,751.0,26.0,734.0,16.0,519.0,82.0,990.0,76.0,2.309772e-05,52.05372,26117.46,8193759.0,59.3122,15.4253
697.0,855.0,1.0,1.0,898.0,84.0,870.0,27.0,689.0,17.0,444.0,68.0,971.0,82.0,5.430658e-05,64.46779,16783.42,19841090.0,66.1537,19.7513
453.0,922.0,1.0,2.0,278.0,59.0,404.0,68.0,610.0,40.0,689.0,46.0,104.0,41.0,3.299123e-05,37.01392,370846.0,19841090.0,67.8797,29.9899
528.0,737.0,4.0,1.0,592.0,82.0,889.0,22.0,390.0,64.0,303.0,83.0,804.0,23.0,0.0001133179,55.11542,40642.28,16295760.0,87.153,43.094
466.0,864.0,1.0,2.0,821.0,32.0,456.0,43.0,465.0,60.0,238.0,13.0,996.0,80.0,4.264569e-05,22.93639,898000.8,12750420.0,62.7069,55.0911
526.0,724.0,7.0,1.0,641.0,76.0,323.0,21.0,336.0,56.0,309.0,94.0,830.0,16.0,0.0001973011,22.76346,577079.0,6729644.0,83.105,32.2946
767.0,911.0,1.0,3.0,365.0,69.0,456.0,72.0,608.0,10.0,538.0,47.0,157.0,39.0,5.847099e-05,39.5437,238315.2,19841090.0,69.8206,28.3791
649.0,825.0,1.0,6.0,932.0,4.0,982.0,37.0,385.0,52.0,195.0,30.0,709.0,17.0,3.704347e-05,43.45072,98416.24,12750420.0,88.6019,34.2392
726.0,628.0,3.0,1.0,148.0,13.0,623.0,12.0,195.0,42.0,278.0,83.0,940.0,27.0,0.0001467419,32.67565,577079.0,19841090.0,102.116,28.2626
251.0,295.0,8.0,7.0,798.0,64.0,326.0,67.0,742.0,93.0,153.0,15.0,849.0,51.0,0.002991588,28.74385,1397391.0,1356708000.0,4.01179,4.65304
565.0,883.0,1.0,3.0,589.0,13.0,113.0,20.0,156.0,8.0,532.0,26.0,229.0,20.0,4.67178e-05,57.62928,40642.28,25358040.0,68.6562,39.5267
332.0,816.0,1.0,1.0,383.0,18.0,997.0,13.0,868.0,75.0,386.0,91.0,629.0,30.0,3.93136e-05,37.70689,153147.4,10472090.0,67.1637,31.697
753.0,694.0,4.0,1.0,250.0,31.0,862.0,63.0,914.0,13.0,519.0,50.0,829.0,44.0,0.0003182222,23.74985,898000.8,10472090.0,107.503,22.7217
393.0,857.0,4.0,3.0,738.0,86.0,804.0,63.0,601.0,71.0,316.0,50.0,920.0,40.0,5.541235e-05,63.91124,10785.12,12750420.0,86.0818,42.5095
706.0,725.0,1.0,1.0,184.0,82.0,611.0,18.0,221.0,43.0,323.0,89.0,947.0,19.0,0.0001209036,58.02711,153147.4,74763430.0,51.3152,17.1575
325.0,675.0,6.0,1.0,990.0,11.0,992.0,71.0,178.0,57.0,124.0,28.0,959.0,18.0,0.0003087614,47.4508,63244.55,10472090.0,93.8424,43.6891
368.0,810.0,1.0,1.0,399.0,16.0,938.0,19.0,908.0,69.0,154.0,90.0,598.0,23.0,5.638094e-05,60.26147,26117.46,19841090.0,63.1146,26.0345
801.0,430.0,4.0,2.0,687.0,12.0,616.0,37.0,161.0,50.0,654.0,58.0,314.0,40.0,4.692935e-05,-2.587849,-10.0,-10.0,107.486,18.3391
673.0,551.0,9.0,2.0,451.0,79.0,204.0,5.0,165.0,1.0,711.0,29.0,906.0,89.0,0.000727676,36.20345,238315.2,281716800.0,33.8066,13.9632
530.0,717.0,6.0,1.0,632.0,83.0,295.0,22.0,358.0,99.0,754.0,96.0,805.0,16.0,0.000230082,64.58944,16783.42,30874990.0,72.5116,24.5201
790.0,559.0,6.0,1.0,454.0,13.0,227.0,15.0,185.0,4.0,764.0,85.0,690.0,47.0,0.0002768147,29.95769,153147.4,5265529.0,102.428,29.5771
208.0,886.0,1.0,1.0,930.0,61.0,654.0,15.0,595.0,44.0,188.0,87.0,194.0,14.0,2.176694e-05,56.23705,16783.42,10472090.0,66.011,17.53
676.0,823.0,1.0,1.0,900.0,91.0,822.0,27.0,708.0,18.0,519.0,83.0,971.0,78.0,9.036796e-05,67.00209,16783.42,30874990.0,64.2191,22.8416
454.0,900.0,1.0,2.0,685.0,6.0,829.0,63.0,586.0,65.0,249.0,49.0,300.0,36.0,3.191571e-05,52.10785,40642.28,12750420.0,71.5477,25.8586
696.0,761.0,2.0,1.0,207.0,74.0,620.0,11.0,236.0,40.0,329.0,87.0,988.0,17.0,5.918385e-05,60.24181,26117.46,19841090.0,65.3165,14.7975
731.0,293.0,1.0,1.0,987.0,7.0,964.0,67.0,153.0,67.0,626.0,27.0,779.0,1.0,3.740886e-05,22.3196,898000.8,10472090.0,64.1327,15.4762
692.0,764.0,2.0,1.0,136.0,13.0,620.0,9.0,210.0,40.0,323.0,87.0,966.0,15.0,4.827437e-05,55.92981,26117.46,16295760.0,71.1301,16.4673
335.0,812.0,1.0,5.0,603.0,14.0,196.0,65.0,174.0,74.0,647.0,39.0,797.0,17.0,0.0002392339,28.56091,2174500.0,61404200.0,64.1856,27.1084
235.0,886.0,1.0,1.0,926.0,63.0,652.0,15.0,611.0,44.0,188.0,87.0,194.0,12.0,2.018934e-05,58.001,16783.42,10472090.0,62.7452,15.943
465.0,886.0,1.0,2.0,997.0,34.0,524.0,42.0,493.0,61.0,303.0,21.0,997.0,85.0,2.689164e-05,24.81438,577079.0,8193759.0,59.8702,19.8745
237.0,798.0,1.0,8.0,182.0,15.0,985.0,12.0,880.0,72.0,347.0,96.0,557.0,49.0,4.695109e-05,24.78589,577079.0,8193759.0,113.363,27.5654
848.0,829.0,2.0,1.0,882.0,99.0,823.0,30.0,710.0,52.0,531.0,72.0,944.0,43.0,4.870029e-05,49.86933,63244.55,12750420.0,62.6432,15.035
717.0,758.0,1.0,1.0,207.0,78.0,499.0,11.0,216.0,41.0,329.0,87.0,969.0,17.0,6.835043e-05,60.60989,63244.55,48044980.0,47.4672,11.7052
465.0,424.0,1.0,3.0,785.0,8.0,783.0,95.0,636.0,40.0,529.0,12.0,347.0,1.0,0.000272388,48.84646,238315.2,61404200.0,74.0022,26.2059
406.0,374.0,4.0,1.0,507.0,87.0,158.0,24.0,928.0,13.0,325.0,49.0,142.0,3.0,0.001936766,-24.0414,-10.0,-10.0,133.504,0.0
272.0,916.0,1.0,1.0,370.0,15.0,934.0,24.0,912.0,67.0,162.0,91.0,665.0,23.0,9.210147e-06,38.32201,63244.55,4324649.0,48.1052,10.4455
619.0,873.0,1.0,2.0,944.0,33.0,480.0,45.0,585.0,44.0,400.0,82.0,997.0,97.0,6.190132e-05,63.91262,26117.46,30874990.0,65.7046,32.571
727.0,952.0,1.0,1.0,336.0,64.0,415.0,56.0,609.0,14.0,539.0,83.0,112.0,43.0,2.935481e-05,57.35377,16783.42,10472090.0,63.6199,14.9725
229.0,812.0,1.0,1.0,914.0,66.0,631.0,15.0,502.0,86.0,179.0,87.0,191.0,20.0,6.315629e-05,35.79746,370846.0,19841090.0,74.3835,51.3235
208.0,612.0,4.0,1.0,637.0,14.0,666.0,10.0,252.0,48.0,286.0,64.0,922.0,25.0,0.0001675301,30.4369,370846.0,10472090.0,101.07,37.2506
326.0,809.0,1.0,1.0,372.0,16.0,973.0,14.0,860.0,75.0,386.0,93.0,649.0,47.0,4.657046e-05,31.45318,370846.0,10472090.0,71.4536,50.0898
208.0,886.0,1.0,1.0,946.0,64.0,654.0,15.0,588.0,44.0,308.0,76.0,206.0,15.0,2.009541e-05,52.8743,26117.46,10472090.0,65.1264,17.2712
435.0,844.0,1.0,2.0,887.0,37.0,524.0,47.0,497.0,61.0,304.0,24.0,994.0,86.0,6.52686e-05,27.14032,898000.8,19841090.0,71.3698,51.5125
466.0,823.0,2.0,4.0,463.0,90.0,801.0,63.0,611.0,38.0,537.0,62.0,939.0,42.0,9.758406e-05,35.71023,577079.0,30874990.0,75.8934,19.8522
754.0,275.0,1.0,1.0,981.0,8.0,947.0,57.0,154.0,74.0,610.0,42.0,796.0,1.0,3.556592e-05,25.75962,898000.8,12750420.0,64.9638,16.0783
228.0,468.0,6.0,3.0,197.0,21.0,622.0,50.0,934.0,81.0,993.0,15.0,879.0,32.0,0.001036565,15.82505,3383769.0,95551890.0,87.5262,21.8449
680.0,818.0,1.0,6.0,968.0,86.0,920.0,50.0,357.0,53.0,251.0,34.0,800.0,16.0,6.058635e-05,61.38359,63244.55,61404200.0,66.9483,27.2873
479.0,615.0,7.0,2.0,618.0,63.0,944.0,87.0,150.0,93.0,108.0,14.0,699.0,1.0,0.0004963172,11.41709,2174500.0,74763430.0,-72.9389,-9.30993
335.0,569.0,3.0,1.0,914.0,34.0,290.0,14.0,942.0,46.0,124.0,66.0,992.0,43.0,0.0006754423,18.32739,2174500.0,12750420.0,124.306,42.1026
410.0,783.0,1.0,1.0,418.0,12.0,992.0,13.0,879.0,67.0,167.0,92.0,609.0,20.0,6.110479e-05,58.76438,26117.46,19841090.0,68.6458,34.7067
670.0,836.0,1.0,2.0,928.0,99.0,984.0,50.0,729.0,54.0,527.0,82.0,654.0,44.0,7.087044e-05,61.12399,40642.28,39459980.0,55.0713,32.6039
771.0,694.0,1.0,1.0,275.0,32.0,881.0,62.0,603.0,32.0,536.0,50.0,835.0,43.0,0.0002325603,39.58874,1397391.0,95551890.0,69.1778,19.4758
767.0,630.0,2.0,3.0,656.0,20.0,129.0,25.0,564.0,63.0,539.0,89.0,563.0,50.0,0.0001684023,24.6099,898000.8,12750420.0,49.7165,3.22101
490.0,799.0,1.0,2.0,365.0,33.0,488.0,47.0,533.0,62.0,549.0,20.0,629.0,87.0,0.0001160425,16.51557,3383769.0,16295760.0,82.918,31.7063
583.0,841.0,1.0,2.0,504.0,30.0,567.0,48.0,559.0,59.0,390.0,73.0,993.0,80.0,9.153616e-05,61.44235,63244.55,48044980.0,69.8506,33.6808
686.0,656.0,6.0,1.0,531.0,11.0,148.0,71.0,178.0,77.0,137.0,24.0,970.0,17.0,0.0001758217,27.57464,370846.0,8193759.0,94.1983,35.6266
468.0,886.0,3.0,1.0,598.0,14.0,114.0,33.0,480.0,20.0,532.0,25.0,171.0,62.0,7.343248e-05,29.28302,238315.2,6729644.0,85.1357,45.7368
357.0,535.0,8.0,3.0,426.0,65.0,815.0,39.0,472.0,44.0,686.0,14.0,399.0,84.0,0.0004826288,5.904787,1397391.0,2174501.0,102.767,0.0
721.0,742.0,1.0,1.0,450.0,76.0,415.0,6.0,239.0,2.0,710.0,28.0,963.0,32.0,0.0001010242,62.71461,40642.28,39459980.0,65.6139,20.5334
798.0,944.0,1.0,2.0,369.0,11.0,512.0,62.0,636.0,13.0,733.0,84.0,166.0,58.0,2.915305e-05,58.66061,16783.42,10472090.0,70.329,20.3256
693.0,637.0,1.0,1.0,360.0,77.0,578.0,19.0,221.0,42.0,323.0,74.0,956.0,16.0,0.0002196036,59.93891,153147.4,148689600.0,61.1225,24.5794
210.0,811.0,1.0,1.0,926.0,63.0,651.0,15.0,579.0,45.0,224.0,86.0,219.0,11.0,6.327184e-05,59.70079,40642.28,25358040.0,65.7074,23.3037
383.0,813.0,1.0,1.0,441.0,15.0,975.0,19.0,834.0,69.0,210.0,88.0,607.0,20.0,4.782688e-05,60.68206,26117.46,19841090.0,61.3603,21.4013
651.0,695.0,7.0,8.0,797.0,15.0,775.0,94.0,292.0,44.0,153.0,44.0,399.0,5.0,0.0001714308,23.53184,370846.0,148689600.0,53.5641,13.7102
597.0,590.0,2.0,9.0,746.0,68.0,655.0,55.0,603.0,41.0,708.0,89.0,350.0,74.0,0.0007679279,26.8992,2174500.0,231377800.0,-11.7173,-13.4804
255.0,830.0,1.0,1.0,408.0,15.0,935.0,14.0,878.0,75.0,148.0,94.0,610.0,35.0,4.812283e-05,53.03819,40642.28,12750420.0,69.9758,35.61
886.0,735.0,1.0,1.0,924.0,91.0,715.0,21.0,645.0,34.0,171.0,35.0,884.0,23.0,6.494562e-05,43.39919,238315.2,25358040.0,63.6081,52.5978
364.0,959.0,1.0,1.0,357.0,64.0,515.0,73.0,564.0,14.0,524.0,45.0,127.0,46.0,2.136452e-05,55.16274,26117.46,10472090.0,63.9968,14.7295
686.0,900.0,1.0,1.0,904.0,91.0,822.0,27.0,708.0,16.0,519.0,83.0,981.0,79.0,2.393651e-05,63.14527,6930.448,10472090.0,60.9266,14.8865
893.0,239.0,3.0,5.0,332.0,47.0,665.0,82.0,629.0,70.0,483.0,85.0,651.0,49.0,0.0001141969,18.38325,577079.0,4324649.0,82.7142,12.078
624.0,661.0,5.0,3.0,571.0,48.0,752.0,21.0,691.0,45.0,222.0,33.0,468.0,87.0,0.0002270579,24.35599,577079.0,8193759.0,56.7525,34.4226
308.0,732.0,1.0,1.0,545.0,78.0,987.0,67.0,166.0,56.0,152.0,28.0,928.0,14.0,0.0001967561,53.47569,370846.0,116340400.0,25.9166,7.14196
485.0,872.0,1.0,1.0,964.0,30.0,522.0,40.0,492.0,48.0,358.0,87.0,985.0,82.0,5.398557e-05,62.23311,26117.46,25358040.0,57.9763,15.2979
543.0,925.0,1.0,3.0,591.0,11.0,112.0,20.0,156.0,13.0,530.0,56.0,217.0,24.0,2.349065e-05,57.1778,26117.46,12750420.0,61.2407,17.4469
919.0,405.0,5.0,4.0,158.0,89.0,603.0,11.0,311.0,40.0,373.0,26.0,274.0,48.0,6.583625e-05,0.1685113,577079.0,98417.24,138.389,17.7086
494.0,701.0,5.0,4.0,142.0,15.0,938.0,22.0,145.0,15.0,413.0,28.0,938.0,30.0,0.0001200568,27.32543,577079.0,19841090.0,75.1375,22.2005
486.0,911.0,1.0,1.0,541.0,4.0,797.0,60.0,575.0,71.0,420.0,42.0,309.0,29.0,1.949515e-05,36.05037,153147.4,8193759.0,59.3101,13.4635
514.0,888.0,3.0,1.0,597.0,71.0,318.0,22.0,406.0,99.0,729.0,96.0,766.0,17.0,2.037432e-05,62.35537,6930.448,8193759.0,0.0,0.0
379.0,822.0,1.0,1.0,441.0,15.0,975.0,17.0,884.0,74.0,224.0,89.0,605.0,20.0,3.98752e-05,59.21662,26117.46,16295760.0,61.0223,21.402
260.0,809.0,1.0,1.0,387.0,90.0,973.0,16.0,884.0,82.0,109.0,93.0,638.0,32.0,6.311177e-05,57.10451,40642.28,19841090.0,63.0954,34.359
206.0,793.0,1.0,1.0,379.0,65.0,492.0,59.0,521.0,66.0,345.0,19.0,639.0,86.0,0.0001732535,20.50308,5265528.0,39459980.0,65.5612,41.6391
493.0,887.0,3.0,3.0,493.0,14.0,101.0,32.0,467.0,21.0,541.0,63.0,267.0,65.0,0.0001005242,60.55954,16783.42,16295760.0,111.983,26.9322
306.0,389.0,1.0,8.0,815.0,89.0,655.0,99.0,614.0,40.0,799.0,12.0,347.0,8.0,0.001969309,28.31379,12750420.0,682174000.0,23.5427,8.53431
709.0,677.0,2.0,1.0,842.0,54.0,791.0,24.0,219.0,34.0,104.0,37.0,553.0,47.0,0.0001858783,27.9138,898000.8,19841090.0,107.488,40.2413
441.0,916.0,1.0,1.0,599.0,14.0,113.0,32.0,478.0,13.0,518.0,64.0,206.0,26.0,4.123489e-05,19.79952,577079.0,5265529.0,43.1886,9.16783
754.0,275.0,1.0,1.0,979.0,9.0,947.0,57.0,178.0,74.0,611.0,44.0,697.0,1.0,4.035996e-05,27.08397,898000.8,12750420.0,65.1614,16.5168
645.0,745.0,7.0,3.0,847.0,61.0,834.0,15.0,595.0,43.0,179.0,12.0,107.0,20.0,5.067203e-05,15.23364,153147.4,898001.8,132.796,53.9789
651.0,828.0,1.0,3.0,900.0,66.0,788.0,2.0,612.0,38.0,386.0,88.0,235.0,6.0,1.635758e-05,44.75103,26117.46,3383770.0,78.8416,42.1354
755.0,856.0,1.0,5.0,978.0,11.0,980.0,62.0,172.0,58.0,178.0,32.0,693.0,17.0,2.980413e-05,44.10252,153147.4,16295760.0,66.8969,34.0357
513.0,731.0,3.0,1.0,273.0,83.0,875.0,21.0,342.0,88.0,227.0,85.0,846.0,17.0,0.0001032306,60.11588,26117.46,25358040.0,76.3368,29.086
726.0,592.0,3.0,1.0,236.0,13.0,618.0,10.0,222.0,42.0,757.0,83.0,689.0,46.0,9.357698e-05,15.38879,898000.8,4324649.0,103.037,21.5611
475.0,870.0,4.0,3.0,554.0,90.0,815.0,64.0,618.0,66.0,358.0,50.0,936.0,35.0,4.198343e-05,63.37354,6930.448,10472090.0,69.5658,21.2169
564.0,858.0,3.0,3.0,494.0,82.0,832.0,64.0,717.0,66.0,386.0,53.0,924.0,38.0,5.245582e-05,64.49957,10785.12,16295760.0,75.6385,38.4008
489.0,865.0,1.0,2.0,468.0,30.0,519.0,45.0,492.0,56.0,326.0,82.0,997.0,85.0,6.555926e-05,62.01988,40642.28,39459980.0,66.205,32.9833
770.0,914.0,1.0,2.0,329.0,16.0,507.0,63.0,602.0,18.0,743.0,89.0,124.0,52.0,5.385148e-05,53.85579,40642.28,19841090.0,74.478,28.1176
720.0,746.0,2.0,1.0,202.0,14.0,513.0,12.0,221.0,41.0,803.0,28.0,971.0,31.0,4.733672e-05,15.40819,898000.8,5265529.0,73.0738,21.053
650.0,859.0,2.0,1.0,876.0,83.0,854.0,28.0,704.0,48.0,445.0,68.0,971.0,47.0,3.400512e-05,58.70179,16783.42,10472090.0,63.7625,14.3395
210.0,815.0,1.0,2.0,916.0,32.0,454.0,59.0,545.0,61.0,541.0,18.0,960.0,85.0,0.0001279115,20.68655,2174500.0,19841090.0,69.4315,37.911
707.0,629.0,1.0,1.0,795.0,90.0,743.0,22.0,716.0,42.0,166.0,36.0,904.0,25.0,0.0002569787,64.44408,98416.24,116340400.0,72.2477,51.5563
754.0,421.0,1.0,1.0,984.0,9.0,947.0,60.0,178.0,73.0,611.0,44.0,796.0,3.0,3.982528e-05,21.0993,898000.8,10472090.0,72.537,21.2866
776.0,856.0,1.0,5.0,959.0,14.0,980.0,59.0,165.0,69.0,262.0,33.0,699.0,17.0,2.575687e-05,29.74888,577079.0,10472090.0,64.176,30.6106
491.0,863.0,1.0,2.0,386.0,28.0,524.0,47.0,523.0,58.0,307.0,18.0,954.0,85.0,4.433427e-05,23.80764,898000.8,12750420.0,64.3419,50.4489
744.0,807.0,1.0,6.0,527.0,86.0,996.0,64.0,179.0,58.0,213.0,33.0,809.0,18.0,7.922873e-05,59.88703,98416.24,95551890.0,69.8021,21.3031
249.0,827.0,3.0,4.0,588.0,81.0,898.0,72.0,414.0,95.0,818.0,79.0,783.0,22.0,7.939883e-05,61.98933,26117.46,30874990.0,82.4869,21.4634
517.0,913.0,1.0,3.0,632.0,8.0,122.0,20.0,156.0,29.0,504.0,50.0,201.0,22.0,2.345831e-05,47.64063,63244.55,12750420.0,67.0235,21.7802
479.0,770.0,1.0,1.0,483.0,28.0,983.0,26.0,875.0,77.0,184.0,86.0,613.0,26.0,0.0001082167,62.05574,40642.28,39459980.0,65.0225,48.1004
379.0,857.0,1.0,1.0,428.0,15.0,978.0,23.0,872.0,81.0,184.0,85.0,591.0,25.0,2.965634e-05,58.66628,16783.42,12750420.0,58.1288,18.3466
396.0,793.0,1.0,1.0,452.0,28.0,986.0,26.0,911.0,73.0,183.0,92.0,657.0,22.0,7.318005e-05,48.20714,153147.4,30874990.0,56.415,23.0709
530.0,913.0,1.0,3.0,624.0,16.0,112.0,24.0,413.0,20.0,465.0,67.0,309.0,61.0,4.597842e-05,61.3371,26117.46,19841090.0,77.6073,34.0501
726.0,747.0,1.0,1.0,203.0,74.0,612.0,9.0,195.0,36.0,371.0,28.0,691.0,24.0,3.858826e-05,19.57898,1397391.0,12750420.0,70.8615,26.9888
625.0,829.0,1.0,6.0,991.0,87.0,978.0,47.0,393.0,55.0,251.0,35.0,769.0,17.0,4.913254e-05,62.43415,40642.28,48044980.0,66.1342,28.2188
543.0,906.0,1.0,2.0,599.0,12.0,138.0,26.0,103.0,17.0,530.0,50.0,190.0,23.0,3.338059e-05,50.62907,63244.55,19841090.0,62.0055,17.8707
673.0,389.0,4.0,1.0,235.0,75.0,578.0,6.0,219.0,1.0,713.0,81.0,995.0,94.0,0.001611624,48.64081,153147.4,48044980.0,135.007,17.1568
709.0,821.0,1.0,2.0,902.0,89.0,753.0,30.0,734.0,18.0,584.0,82.0,928.0,77.0,0.0001006781,62.84447,40642.28,39459980.0,71.5526,30.4803
754.0,424.0,1.0,1.0,984.0,9.0,208.0,66.0,178.0,73.0,611.0,44.0,768.0,3.0,4.299782e-05,21.21449,898000.8,10472090.0,72.2858,21.224
585.0,840.0,1.0,2.0,484.0,31.0,477.0,45.0,625.0,58.0,364.0,82.0,986.0,82.0,0.0001020599,63.7971,40642.28,61404200.0,70.0568,33.6746
619.0,873.0,1.0,2.0,944.0,29.0,480.0,45.0,585.0,43.0,272.0,82.0,997.0,98.0,6.357649e-05,53.92312,63244.55,25358040.0,69.9837,43.0253
367.0,810.0,1.0,1.0,372.0,16.0,942.0,19.0,872.0,73.0,122.0,93.0,597.0,31.0,6.775583e-05,58.42859,40642.28,19841090.0,67.8626,37.7539
332.0,297.0,9.0,3.0,732.0,35.0,613.0,15.0,522.0,95.0,440.0,93.0,569.0,51.0,0.0006928776,22.96928,898000.8,181038800.0,3.56258,5.68522
372.0,791.0,1.0,1.0,375.0,15.0,987.0,18.0,871.0,69.0,171.0,89.0,598.0,23.0,6.877602e-05,59.88998,40642.28,25358040.0,66.4974,34.6407
888.0,768.0,1.0,1.0,731.0,92.0,797.0,21.0,595.0,41.0,145.0,21.0,896.0,18.0,3.996675e-05,39.16128,238315.2,19841090.0,50.8389,13.1424
743.0,794.0,1.0,4.0,533.0,15.0,984.0,69.0,297.0,74.0,150.0,40.0,695.0,14.0,7.564791e-05,57.84399,63244.55,48044980.0,76.3878,24.6826
696.0,828.0,1.0,2.0,925.0,91.0,901.0,25.0,719.0,18.0,563.0,84.0,969.0,81.0,7.971645e-05,63.53143,26117.46,25358040.0,74.0858,36.1448
709.0,392.0,2.0,1.0,747.0,93.0,787.0,19.0,156.0,43.0,210.0,37.0,929.0,58.0,0.0002532946,20.56036,3383769.0,25358040.0,133.438,18.4716
697.0,900.0,1.0,1.0,903.0,91.0,822.0,27.0,708.0,18.0,519.0,83.0,980.0,81.0,2.387722e-05,64.34636,6930.448,10472090.0,61.1149,15.0604
570.0,866.0,1.0,1.0,518.0,31.0,498.0,50.0,682.0,58.0,395.0,82.0,998.0,84.0,6.886662e-05,64.17409,26117.46,39459980.0,47.9773,13.118
553.0,697.0,6.0,1.0,614.0,78.0,889.0,22.0,360.0,93.0,306.0,90.0,805.0,14.0,0.0001323765,61.28317,16783.42,16295760.0,87.2334,39.4503
474.0,794.0,1.0,1.0,483.0,27.0,983.0,25.0,875.0,78.0,184.0,91.0,603.0,26.0,8.023118e-05,61.77944,40642.28,30874990.0,62.3927,34.6354
696.0,762.0,2.0,1.0,193.0,5.0,620.0,9.0,237.0,3.0,719.0,86.0,956.0,15.0,5.030758e-05,11.11574,577079.0,1397392.0,72.1661,17.8517
239.0,634.0,2.0,1.0,790.0,53.0,742.0,18.0,710.0,42.0,111.0,37.0,903.0,28.0,0.0002919239,57.69556,98416.24,61404200.0,99.4453,47.4816
735.0,407.0,6.0,2.0,230.0,14.0,625.0,36.0,720.0,94.0,381.0,52.0,307.0,44.0,0.0002423927,14.58859,898000.8,3383770.0,122.734,11.7218
692.0,874.0,1.0,1.0,871.0,90.0,797.0,26.0,708.0,18.0,508.0,83.0,986.0,81.0,3.925306e-05,65.86407,10785.12,16295760.0,62.1782,16.4352
726.0,945.0,1.0,1.0,335.0,68.0,418.0,73.0,603.0,38.0,539.0,45.0,103.0,41.0,2.175167e-05,48.43668,63244.55,16295760.0,56.5188,12.5659
776.0,857.0,1.0,6.0,930.0,10.0,982.0,56.0,305.0,53.0,251.0,32.0,692.0,12.0,2.408849e-05,57.78039,26117.46,12750420.0,58.7714,22.6162
531.0,925.0,1.0,3.0,579.0,17.0,122.0,20.0,156.0,12.0,543.0,50.0,219.0,27.0,2.363708e-05,58.0371,26117.46,12750420.0,62.6921,18.8624
861.0,376.0,4.0,6.0,160.0,68.0,177.0,93.0,300.0,50.0,514.0,74.0,105.0,22.0,0.0004222361,14.8791,2174500.0,116340400.0,0.0,0.0
767.0,911.0,1.0,1.0,365.0,72.0,405.0,72.0,603.0,14.0,535.0,47.0,156.0,39.0,5.922466e-05,59.54796,40642.28,30874990.0,49.2089,11.5589
886.0,735.0,1.0,1.0,762.0,91.0,743.0,15.0,175.0,44.0,180.0,45.0,540.0,26.0,3.890671e-05,22.07566,898000.8,10472090.0,80.7113,55.5269
708.0,821.0,1.0,2.0,901.0,82.0,748.0,28.0,734.0,18.0,601.0,93.0,970.0,76.0,9.537826e-05,50.05984,98416.24,30874990.0,70.8758,29.2581
367.0,831.0,1.0,1.0,371.0,17.0,990.0,24.0,868.0,72.0,144.0,92.0,599.0,23.0,4.47942e-05,56.64659,40642.28,19841090.0,58.0538,18.9149
671.0,798.0,1.0,6.0,587.0,76.0,992.0,68.0,179.0,57.0,220.0,27.0,798.0,18.0,9.494805e-05,55.53019,153147.4,116340400.0,66.9867,18.897
338.0,388.0,2.0,1.0,737.0,68.0,782.0,55.0,604.0,31.0,867.0,59.0,970.0,39.0,0.001567873,48.86805,898000.8,560278700.0,41.3065,13.1115
763.0,839.0,1.0,3.0,274.0,30.0,526.0,52.0,608.0,43.0,735.0,47.0,493.0,49.0,7.964069e-05,32.62695,898000.8,30874990.0,72.3227,22.6813
726.0,589.0,3.0,1.0,169.0,13.0,610.0,12.0,252.0,43.0,282.0,83.0,926.0,27.0,0.00016793,32.93572,577079.0,19841090.0,105.246,28.8278
857.0,837.0,1.0,1.0,921.0,95.0,823.0,35.0,506.0,54.0,465.0,83.0,556.0,82.0,5.118337e-05,28.52489,577079.0,10472090.0,68.7647,46.8049
756.0,698.0,1.0,1.0,344.0,7.0,506.0,69.0,925.0,9.0,557.0,50.0,819.0,52.0,0.0002740249,44.83815,238315.2,39459980.0,81.5684,29.6558
315.0,837.0,1.0,3.0,274.0,30.0,470.0,52.0,584.0,49.0,726.0,86.0,505.0,50.0,0.0001229049,60.3566,98416.24,95551890.0,61.8986,17.9446
470.0,909.0,1.0,2.0,782.0,2.0,802.0,58.0,586.0,53.0,285.0,49.0,259.0,36.0,2.678542e-05,48.11713,40642.28,6729644.0,78.6426,29.4962
502.0,844.0,1.0,2.0,882.0,34.0,525.0,47.0,490.0,59.0,332.0,84.0,952.0,86.0,9.677665e-05,61.63249,40642.28,48044980.0,74.6045,36.699
273.0,902.0,2.0,6.0,271.0,81.0,890.0,74.0,337.0,91.0,323.0,83.0,339.0,16.0,2.499194e-05,58.46114,16783.42,12750420.0,69.3768,27.7622
443.0,449.0,3.0,3.0,740.0,8.0,783.0,70.0,636.0,40.0,493.0,12.0,352.0,4.0,0.0002979312,26.18246,898000.8,16295760.0,132.633,20.3253
242.0,336.0,3.0,1.0,658.0,12.0,627.0,25.0,718.0,95.0,450.0,65.0,297.0,40.0,0.0007482037,15.16794,2174500.0,12750420.0,120.215,27.8754
357.0,955.0,1.0,2.0,336.0,64.0,400.0,74.0,603.0,13.0,577.0,63.0,112.0,43.0,3.339757e-05,56.82356,26117.46,16295760.0,66.947,19.7722
631.0,841.0,2.0,4.0,811.0,99.0,870.0,33.0,640.0,14.0,566.0,70.0,659.0,84.0,9.21599e-05,61.63774,16783.42,19841090.0,113.99,23.0693
509.0,844.0,1.0,2.0,472.0,33.0,573.0,40.0,588.0,59.0,344.0,92.0,998.0,83.0,8.407201e-05,62.53866,40642.28,39459980.0,71.287,35.9623
216.0,881.0,1.0,1.0,915.0,66.0,656.0,26.0,620.0,46.0,190.0,87.0,194.0,15.0,3.235247e-05,58.54345,26117.46,16295760.0,57.7275,14.469
206.0,795.0,1.0,1.0,379.0,65.0,492.0,59.0,521.0,66.0,355.0,19.0,639.0,86.0,0.0001679858,20.23597,5265528.0,39459980.0,64.4985,41.4541
708.0,747.0,1.0,1.0,197.0,11.0,612.0,5.0,148.0,33.0,382.0,89.0,888.0,19.0,3.716076e-05,30.45248,577079.0,12750420.0,76.321,25.4799
477.0,794.0,1.0,1.0,860.0,30.0,428.0,50.0,541.0,62.0,569.0,86.0,993.0,86.0,0.0002178149,60.02654,98416.24,74763430.0,62.1468,26.4369
530.0,717.0,6.0,1.0,646.0,83.0,295.0,22.0,286.0,99.0,663.0,96.0,805.0,16.0,0.0002292698,63.32511,26117.46,30874990.0,75.4361,26.7093
537.0,717.0,6.0,1.0,247.0,83.0,295.0,22.0,361.0,98.0,754.0,96.0,330.0,78.0,0.0002436302,16.77303,1397391.0,6729644.0,75.4645,17.4119
494.0,906.0,1.0,2.0,603.0,11.0,142.0,19.0,569.0,20.0,542.0,65.0,318.0,24.0,2.785817e-05,29.55255,238315.2,6729644.0,52.6208,12.6254
701.0,836.0,2.0,1.0,901.0,86.0,823.0,28.0,729.0,11.0,525.0,83.0,971.0,82.0,7.883853e-05,35.19585,153147.4,8193759.0,78.3196,28.3794
368.0,839.0,1.0,1.0,399.0,14.0,976.0,7.0,882.0,70.0,162.0,92.0,683.0,22.0,2.342934e-05,50.69004,26117.46,6729644.0,69.8494,27.739
592.0,976.0,1.0,3.0,605.0,6.0,128.0,23.0,173.0,17.0,549.0,65.0,219.0,27.0,7.438764e-06,55.8686,10785.12,4324649.0,53.8261,11.4725
447.0,898.0,1.0,2.0,480.0,81.0,861.0,60.0,589.0,67.0,287.0,49.0,288.0,34.0,2.982379e-05,47.14734,98416.24,19841090.0,57.5991,19.312
393.0,853.0,3.0,1.0,493.0,64.0,622.0,59.0,584.0,73.0,382.0,63.0,380.0,67.0,8.164604e-05,31.67628,370846.0,10472090.0,85.4463,49.7008
754.0,817.0,1.0,1.0,532.0,75.0,975.0,63.0,172.0,72.0,615.0,34.0,791.0,16.0,5.803934e-05,29.05431,1397391.0,30874990.0,6.57499,1.32827
350.0,847.0,1.0,1.0,364.0,10.0,935.0,20.0,883.0,67.0,109.0,93.0,610.0,32.0,4.062628e-05,57.0295,26117.46,12750420.0,65.9493,24.2578
325.0,267.0,1.0,1.0,991.0,78.0,997.0,71.0,171.0,57.0,102.0,28.0,797.0,3.0,0.001182089,11.68061,30874990.0,74763430.0,63.2716,30.2519
208.0,718.0,3.0,9.0,422.0,22.0,123.0,99.0,482.0,63.0,163.0,56.0,308.0,70.0,0.002030561,13.16658,8193758.0,682174000.0,-2.38543,-492.653
731.0,857.0,1.0,2.0,899.0,85.0,763.0,27.0,749.0,16.0,592.0,83.0,967.0,74.0,5.228323e-05,54.14374,40642.28,19841090.0,65.714,25.8151
241.0,915.0,2.0,6.0,289.0,84.0,948.0,73.0,336.0,87.0,308.0,82.0,363.0,17.0,1.82658e-05,58.11748,16783.42,8193759.0,61.0044,18.2457
548.0,856.0,6.0,5.0,612.0,72.0,316.0,26.0,352.0,67.0,824.0,83.0,807.0,21.0,4.334847e-05,64.67981,4453.334,8193759.0,93.0871,28.8091
554.0,913.0,1.0,3.0,626.0,14.0,113.0,15.0,187.0,19.0,545.0,65.0,201.0,24.0,2.423041e-05,53.80789,40642.28,12750420.0,68.8034,23.7037
334.0,358.0,5.0,9.0,296.0,30.0,519.0,81.0,347.0,23.0,986.0,32.0,479.0,51.0,0.002159922,15.48719,5265528.0,560278700.0,56.9992,15.4045
621.0,810.0,1.0,3.0,903.0,63.0,800.0,10.0,606.0,43.0,232.0,97.0,149.0,5.0,3.853607e-05,59.00283,26117.46,16295760.0,73.9785,47.381
794.0,681.0,2.0,1.0,780.0,90.0,743.0,23.0,212.0,43.0,197.0,37.0,895.0,23.0,0.0001058766,33.22245,577079.0,25358040.0,86.0225,41.0305
694.0,624.0,1.0,1.0,191.0,82.0,623.0,18.0,222.0,46.0,281.0,74.0,921.0,20.0,0.0002505979,58.5646,238315.2,181038800.0,74.7205,22.0102
473.0,911.0,1.0,2.0,541.0,4.0,797.0,60.0,575.0,71.0,306.0,40.0,310.0,29.0,2.093653e-05,44.64543,63244.55,10472090.0,64.2744,17.0736
749.0,847.0,1.0,4.0,536.0,76.0,996.0,63.0,103.0,57.0,195.0,33.0,671.0,18.0,4.192149e-05,35.33576,577079.0,25358040.0,53.3499,29.7419
367.0,838.0,1.0,1.0,398.0,14.0,994.0,13.0,879.0,75.0,149.0,92.0,598.0,21.0,2.961137e-05,56.30673,26117.46,10472090.0,64.4931,23.1772
647.0,751.0,1.0,3.0,936.0,68.0,834.0,12.0,596.0,38.0,188.0,85.0,180.0,6.0,8.792131e-05,61.14724,40642.28,39459980.0,89.0612,43.569
764.0,718.0,2.0,1.0,306.0,32.0,446.0,67.0,907.0,29.0,504.0,50.0,875.0,44.0,0.0003023907,30.99161,1397391.0,39459980.0,82.9455,25.4819
522.0,842.0,1.0,2.0,373.0,39.0,497.0,49.0,524.0,59.0,310.0,18.0,990.0,84.0,6.796358e-05,25.3447,1397391.0,19841090.0,67.3758,48.2464
325.0,675.0,6.0,1.0,990.0,11.0,987.0,71.0,178.0,57.0,149.0,28.0,831.0,18.0,0.0003168454,48.06931,63244.55,10472090.0,96.0332,41.397
481.0,210.0,8.0,3.0,186.0,93.0,560.0,24.0,312.0,83.0,999.0,26.0,182.0,85.0,0.0008807219,-7.121516,-10.0,-10.0,0.0,0.0
696.0,775.0,2.0,1.0,214.0,13.0,576.0,13.0,220.0,41.0,323.0,87.0,969.0,17.0,5.662369e-05,59.24343,26117.46,19841090.0,66.7914,14.6348
903.0,557.0,7.0,1.0,236.0,17.0,662.0,6.0,170.0,1.0,762.0,82.0,690.0,47.0,0.0002060169,28.75048,63244.55,1397392.0,94.3473,34.018
375.0,873.0,2.0,1.0,908.0,20.0,293.0,66.0,269.0,44.0,776.0,8.0,933.0,66.0,6.482396e-05,10.83453,1397391.0,4324649.0,25.6477,3.63078
439.0,883.0,3.0,3.0,509.0,80.0,817.0,64.0,579.0,66.0,413.0,50.0,925.0,38.0,3.356971e-05,63.88429,6930.448,10472090.0,60.9865,14.1594
635.0,859.0,2.0,1.0,874.0,99.0,732.0,27.0,537.0,53.0,465.0,82.0,919.0,47.0,3.631341e-05,57.09452,16783.42,10472090.0,62.9048,14.0019
297.0,794.0,8.0,2.0,916.0,19.0,995.0,35.0,638.0,56.0,994.0,84.0,660.0,44.0,7.306457e-05,28.74089,98416.24,2174501.0,102.517,35.6642
705.0,632.0,2.0,1.0,796.0,89.0,742.0,21.0,787.0,42.0,107.0,34.0,920.0,24.0,0.0002465953,60.6981,63244.55,61404200.0,90.2211,53.3468
766.0,749.0,5.0,6.0,782.0,52.0,979.0,58.0,171.0,93.0,668.0,76.0,578.0,70.0,9.155995e-05,12.26055,577079.0,2174501.0,5.43343,2.68342
732.0,798.0,2.0,1.0,822.0,16.0,523.0,65.0,882.0,27.0,386.0,93.0,119.0,81.0,0.0003176113,34.50415,370846.0,12750420.0,94.8038,39.1303
385.0,210.0,2.0,1.0,639.0,15.0,689.0,25.0,148.0,63.0,539.0,66.0,572.0,50.0,0.0005282578,7.662262,8193758.0,12750420.0,132.021,14.8318
505.0,900.0,1.0,3.0,735.0,3.0,891.0,61.0,598.0,65.0,284.0,51.0,881.0,39.0,2.22734e-05,58.20073,16783.42,8193759.0,62.0449,15.9406
508.0,887.0,3.0,3.0,658.0,13.0,101.0,34.0,459.0,23.0,541.0,62.0,317.0,68.0,9.551272e-05,60.59774,16783.42,12750420.0,107.932,29.1099
479.0,770.0,1.0,1.0,483.0,28.0,983.0,23.0,875.0,77.0,188.0,86.0,613.0,26.0,0.0001019646,61.49457,40642.28,39459980.0,65.8863,49.0803
726.0,854.0,4.0,1.0,687.0,67.0,158.0,83.0,568.0,92.0,483.0,49.0,322.0,62.0,0.0001758076,36.45921,370846.0,19841090.0,83.5809,43.5484
680.0,829.0,1.0,6.0,991.0,86.0,966.0,50.0,395.0,56.0,250.0,33.0,798.0,17.0,5.062525e-05,62.45951,40642.28,48044980.0,64.0313,29.9551
235.0,889.0,1.0,1.0,840.0,66.0,806.0,15.0,592.0,44.0,165.0,84.0,154.0,13.0,2.022716e-05,52.85926,26117.46,8193759.0,70.2774,20.8421
888.0,768.0,1.0,1.0,799.0,92.0,886.0,12.0,718.0,41.0,139.0,35.0,896.0,18.0,3.945673e-05,47.09012,98416.24,16295760.0,59.255,18.1924
751.0,856.0,1.0,6.0,978.0,11.0,982.0,56.0,318.0,58.0,226.0,33.0,793.0,17.0,2.909679e-05,57.57759,26117.46,16295760.0,66.2296,32.8553
227.0,341.0,4.0,1.0,637.0,12.0,627.0,34.0,743.0,44.0,363.0,60.0,315.0,40.0,0.001393844,23.14811,1397391.0,19841090.0,127.758,20.5216
208.0,886.0,1.0,1.0,931.0,61.0,654.0,4.0,592.0,44.0,188.0,86.0,194.0,15.0,1.63356e-05,44.57642,26117.46,2779135.0,78.409,32.9769
478.0,912.0,1.0,3.0,594.0,13.0,150.0,32.0,446.0,19.0,467.0,66.0,253.0,61.0,5.501563e-05,60.73058,26117.46,25358040.0,81.6083,33.19
650.0,828.0,2.0,1.0,774.0,85.0,854.0,28.0,538.0,49.0,465.0,84.0,969.0,47.0,5.55776e-05,57.07607,26117.46,16295760.0,68.2131,17.8315
771.0,958.0,1.0,3.0,277.0,67.0,456.0,75.0,609.0,15.0,687.0,44.0,127.0,42.0,1.951124e-05,55.33077,26117.46,10472090.0,60.1098,15.9278
762.0,856.0,1.0,6.0,918.0,3.0,999.0,56.0,427.0,51.0,268.0,34.0,774.0,11.0,1.556037e-05,54.77845,16783.42,6729644.0,66.4382,19.3702
754.0,856.0,1.0,6.0,996.0,6.0,996.0,50.0,339.0,57.0,247.0,39.0,748.0,10.0,2.011043e-05,57.54133,16783.42,10472090.0,56.1329,16.2132
761.0,687.0,3.0,1.0,206.0,13.0,623.0,12.0,221.0,42.0,285.0,85.0,952.0,26.0,9.844465e-05,34.76521,238315.2,12750420.0,93.2528,35.1477
345.0,858.0,4.0,6.0,953.0,83.0,846.0,76.0,288.0,88.0,323.0,89.0,336.0,15.0,5.896055e-05,59.91066,16783.42,48044980.0,104.251,22.1451
466.0,767.0,2.0,5.0,738.0,90.0,801.0,65.0,607.0,28.0,543.0,69.0,970.0,37.0,0.0001938394,22.98857,1397391.0,19841090.0,22.9028,10.4623
454.0,897.0,4.0,4.0,508.0,20.0,114.0,32.0,475.0,22.0,537.0,64.0,173.0,15.0,5.257431e-05,22.04284,238315.2,2779135.0,90.8128,32.9255
619.0,873.0,1.0,2.0,944.0,38.0,526.0,46.0,585.0,44.0,400.0,82.0,997.0,97.0,6.029152e-05,63.73252,26117.46,30874990.0,65.2157,32.5452
540.0,912.0,1.0,2.0,634.0,15.0,122.0,21.0,462.0,24.0,521.0,60.0,240.0,21.0,2.810371e-05,38.75731,153147.4,12750420.0,48.7691,11.3324
492.0,897.0,2.0,3.0,505.0,15.0,102.0,27.0,458.0,21.0,585.0,65.0,187.0,67.0,7.953859e-05,54.66839,40642.28,16295760.0,104.31,28.1387
799.0,681.0,1.0,1.0,694.0,75.0,832.0,22.0,233.0,43.0,168.0,36.0,545.0,27.0,9.419942e-05,25.68816,2174500.0,30874990.0,87.0258,43.5289
522.0,863.0,1.0,2.0,484.0,42.0,521.0,51.0,576.0,59.0,395.0,22.0,994.0,82.0,4.848587e-05,26.86809,898000.8,16295760.0,56.6233,36.7083
348.0,853.0,1.0,1.0,452.0,28.0,986.0,26.0,872.0,73.0,184.0,92.0,624.0,26.0,3.397626e-05,60.81015,16783.42,16295760.0,54.5112,16.3951
728.0,846.0,1.0,1.0,902.0,84.0,820.0,25.0,711.0,21.0,522.0,81.0,980.0,82.0,6.083533e-05,61.89585,26117.46,19841090.0,64.6749,20.268
414.0,857.0,4.0,3.0,738.0,86.0,785.0,64.0,603.0,78.0,309.0,49.0,912.0,38.0,5.568647e-05,63.89622,10785.12,12750420.0,83.7941,42.4796
775.0,856.0,1.0,6.0,942.0,6.0,996.0,49.0,343.0,50.0,207.0,33.0,737.0,16.0,2.115328e-05,53.64194,26117.46,10472090.0,73.1663,33.3284
445.0,916.0,2.0,1.0,599.0,14.0,110.0,27.0,465.0,14.0,518.0,64.0,201.0,60.0,6.039869e-05,57.59295,16783.42,10472090.0,78.1636,22.0567
732.0,760.0,2.0,1.0,207.0,75.0,759.0,8.0,269.0,1.0,335.0,88.0,969.0,32.0,7.941874e-05,6.445337,577079.0,737540.9,84.9049,36.6495
490.0,821.0,1.0,2.0,866.0,33.0,385.0,54.0,540.0,66.0,328.0,21.0,627.0,81.0,0.0001261791,23.58868,2174500.0,25358040.0,85.5964,47.2
721.0,743.0,2.0,1.0,439.0,76.0,648.0,9.0,239.0,2.0,710.0,28.0,957.0,32.0,0.000100542,62.76984,16783.42,19841090.0,77.5877,26.1457
332.0,798.0,1.0,1.0,593.0,20.0,934.0,12.0,868.0,76.0,148.0,93.0,645.0,32.0,6.496716e-05,53.44953,40642.28,16295760.0,71.1932,51.8779
200.0,384.0,2.0,2.0,396.0,75.0,492.0,35.0,136.0,67.0,302.0,83.0,771.0,93.0,0.001736914,23.05115,12750420.0,871857100.0,10.9936,5.46344
205.0,812.0,1.0,2.0,865.0,30.0,454.0,55.0,567.0,66.0,339.0,18.0,973.0,86.0,0.0001325272,24.04938,2174500.0,30874990.0,78.7822,44.8714
746.0,736.0,1.0,1.0,440.0,74.0,629.0,22.0,222.0,43.0,352.0,84.0,663.0,22.0,0.0001321753,49.97825,370846.0,74763430.0,63.7355,25.357
631.0,770.0,1.0,3.0,977.0,67.0,572.0,9.0,602.0,53.0,171.0,89.0,198.0,9.0,8.071975e-05,57.78527,40642.28,30874990.0,88.5673,46.5258
521.0,720.0,5.0,1.0,646.0,80.0,317.0,21.0,428.0,87.0,831.0,83.0,805.0,13.0,0.0001985595,62.24654,26117.46,30874990.0,53.528,10.438
238.0,376.0,1.0,1.0,981.0,89.0,961.0,31.0,138.0,26.0,871.0,39.0,832.0,14.0,0.0006554713,28.21318,8193758.0,148689600.0,56.8853,22.6923
698.0,838.0,1.0,1.0,902.0,91.0,821.0,27.0,717.0,18.0,519.0,92.0,974.0,76.0,7.124568e-05,56.90581,40642.28,25358040.0,62.391,19.1705
494.0,800.0,1.0,2.0,863.0,34.0,489.0,43.0,540.0,63.0,349.0,86.0,989.0,86.0,0.0001797591,61.98463,63244.55,95551890.0,86.2878,29.3228
653.0,737.0,1.0,2.0,900.0,69.0,824.0,9.0,610.0,38.0,381.0,87.0,217.0,3.0,5.600132e-05,59.54417,40642.28,30874990.0,59.235,23.7829
515.0,896.0,6.0,1.0,638.0,83.0,911.0,78.0,354.0,88.0,390.0,90.0,398.0,16.0,2.708699e-05,61.67765,4453.334,5265529.0,34.768,3.4024
522.0,842.0,1.0,2.0,484.0,33.0,538.0,46.0,591.0,59.0,350.0,91.0,993.0,84.0,9.698786e-05,63.37873,40642.28,48044980.0,70.8512,33.2927
417.0,854.0,4.0,3.0,509.0,86.0,786.0,64.0,552.0,68.0,282.0,50.0,920.0,39.0,5.957985e-05,62.2462,10785.12,12750420.0,88.8054,39.3726
615.0,810.0,1.0,3.0,983.0,63.0,800.0,10.0,606.0,43.0,187.0,97.0,155.0,5.0,3.869899e-05,59.85233,16783.42,16295760.0,73.5153,47.7118
709.0,677.0,2.0,1.0,842.0,93.0,830.0,23.0,216.0,43.0,169.0,37.0,545.0,55.0,0.0001434395,21.85967,1397391.0,16295760.0,109.603,33.95
540.0,931.0,1.0,3.0,591.0,11.0,101.0,32.0,162.0,23.0,543.0,50.0,217.0,27.0,2.753054e-05,56.60384,26117.46,16295760.0,52.7661,14.3442
544.0,909.0,1.0,2.0,590.0,13.0,112.0,30.0,148.0,14.0,528.0,68.0,189.0,24.0,4.332964e-05,31.56753,577079.0,16295760.0,57.1557,16.4131
773.0,812.0,1.0,5.0,535.0,13.0,991.0,63.0,171.0,50.0,240.0,35.0,798.0,12.0,4.813537e-05,57.52869,63244.55,30874990.0,69.0327,30.2417
452.0,932.0,1.0,3.0,544.0,12.0,134.0,19.0,151.0,19.0,520.0,65.0,202.0,23.0,1.827489e-05,55.1928,26117.46,10472090.0,61.0172,16.4956
886.0,735.0,1.0,1.0,913.0,91.0,740.0,21.0,645.0,34.0,173.0,34.0,881.0,25.0,6.320728e-05,40.94799,238315.2,25358040.0,65.3391,59.2971
387.0,969.0,1.0,1.0,399.0,60.0,405.0,69.0,604.0,17.0,545.0,48.0,104.0,40.0,1.832752e-05,53.3547,26117.46,10472090.0,64.4342,15.0545
206.0,807.0,1.0,3.0,902.0,64.0,644.0,12.0,606.0,45.0,232.0,94.0,149.0,6.0,5.436846e-05,59.07601,40642.28,25358040.0,78.8176,43.3369
483.0,814.0,1.0,2.0,864.0,30.0,468.0,60.0,545.0,67.0,345.0,90.0,970.0,86.0,0.0001856819,56.32961,153147.4,95551890.0,81.5908,27.2901
333.0,762.0,3.0,4.0,689.0,88.0,803.0,61.0,588.0,28.0,905.0,62.0,967.0,39.0,0.0002028123,34.57053,577079.0,95551890.0,33.2259,12.9662
522.0,886.0,1.0,3.0,512.0,11.0,102.0,23.0,156.0,21.0,528.0,66.0,267.0,25.0,5.376332e-05,56.50641,63244.55,25358040.0,68.5534,32.7549
776.0,855.0,1.0,6.0,989.0,11.0,989.0,49.0,355.0,58.0,225.0,33.0,759.0,17.0,2.53439e-05,55.76335,26117.46,12750420.0,69.1619,33.6478
934.0,921.0,6.0,3.0,316.0,77.0,672.0,34.0,737.0,71.0,390.0,11.0,963.0,64.0,6.436158e-06,15.76535,40642.28,238316.2,73.7277,14.6898
484.0,876.0,1.0,2.0,337.0,41.0,490.0,49.0,558.0,66.0,538.0,24.0,628.0,93.0,3.688316e-05,17.59635,1397391.0,8193759.0,63.8384,42.4496
823.0,381.0,5.0,1.0,519.0,82.0,247.0,66.0,191.0,73.0,611.0,40.0,802.0,3.0,0.0002383692,38.90842,370846.0,39459980.0,68.698,22.4252
709.0,677.0,2.0,1.0,946.0,92.0,830.0,23.0,185.0,42.0,197.0,37.0,544.0,54.0,0.0001357744,20.69305,1397391.0,16295760.0,107.973,31.8902
869.0,392.0,1.0,7.0,431.0,33.0,427.0,2.0,156.0,63.0,562.0,37.0,544.0,38.0,2.008459e-05,-6.093484,-10.0,-10.0,127.301,0.0
594.0,752.0,1.0,3.0,979.0,70.0,799.0,11.0,611.0,43.0,204.0,93.0,155.0,5.0,8.290233e-05,60.62332,40642.28,39459980.0,86.5183,43.3392
276.0,792.0,1.0,1.0,372.0,15.0,985.0,17.0,911.0,68.0,209.0,89.0,608.0,16.0,5.399273e-05,59.34411,40642.28,25358040.0,59.5732,21.9152
419.0,887.0,1.0,1.0,605.0,15.0,743.0,35.0,481.0,23.0,585.0,66.0,174.0,71.0,4.030659e-05,27.26091,370846.0,6729644.0,82.1098,41.9876
726.0,592.0,1.0,1.0,216.0,13.0,661.0,5.0,198.0,4.0,455.0,62.0,961.0,45.0,0.0002123194,34.90492,577079.0,30874990.0,93.8635,31.4483
421.0,966.0,1.0,2.0,396.0,60.0,405.0,68.0,604.0,37.0,535.0,48.0,103.0,38.0,1.478219e-05,49.45074,40642.28,10472090.0,64.7189,17.7457
522.0,826.0,1.0,1.0,943.0,31.0,475.0,42.0,625.0,59.0,388.0,82.0,999.0,84.0,0.0001224757,63.10891,40642.28,48044980.0,61.9463,26.8883
299.0,902.0,2.0,5.0,290.0,85.0,890.0,74.0,347.0,91.0,323.0,81.0,337.0,15.0,2.455048e-05,59.00649,16783.42,12750420.0,58.3496,17.0855
592.0,939.0,1.0,3.0,556.0,8.0,110.0,23.0,182.0,2.0,543.0,48.0,318.0,66.0,2.719498e-05,17.93165,370846.0,2174501.0,75.3022,30.5139
555.0,913.0,1.0,2.0,624.0,12.0,113.0,21.0,125.0,8.0,528.0,54.0,201.0,24.0,3.239275e-05,33.08838,370846.0,10472090.0,61.9717,16.908
670.0,737.0,1.0,2.0,879.0,63.0,788.0,10.0,610.0,37.0,439.0,87.0,218.0,4.0,6.71883e-05,63.74703,26117.46,30874990.0,64.2802,32.3093
726.0,747.0,2.0,1.0,201.0,16.0,610.0,12.0,221.0,42.0,323.0,74.0,690.0,24.0,7.122422e-05,32.0061,370846.0,16295760.0,85.6628,39.8705
754.0,860.0,1.0,6.0,996.0,5.0,966.0,50.0,345.0,51.0,225.0,33.0,749.0,14.0,2.004146e-05,55.44968,16783.42,10472090.0,68.1288,25.707
541.0,898.0,8.0,1.0,269.0,80.0,323.0,71.0,362.0,55.0,357.0,96.0,359.0,22.0,5.038842e-05,22.96335,238315.2,2779135.0,0.0,0.0
859.0,714.0,1.0,1.0,795.0,89.0,932.0,15.0,722.0,45.0,142.0,45.0,520.0,17.0,7.526746e-05,40.5615,238315.2,25358040.0,69.6044,62.0171
733.0,676.0,1.0,1.0,853.0,94.0,837.0,14.0,718.0,35.0,116.0,34.0,891.0,25.0,0.0001540005,60.17021,63244.55,61404200.0,70.9387,57.189
528.0,894.0,5.0,1.0,264.0,83.0,317.0,22.0,394.0,58.0,831.0,75.0,840.0,25.0,1.974134e-05,60.11862,4453.334,5265529.0,31.4668,3.19185
291.0,610.0,2.0,3.0,546.0,14.0,652.0,95.0,688.0,63.0,203.0,37.0,812.0,8.0,0.0007148223,0.8011232,5265528.0,2174501.0,69.9165,16.9195
481.0,719.0,6.0,1.0,641.0,66.0,261.0,20.0,204.0,93.0,765.0,92.0,799.0,90.0,0.0002226496,18.2429,1397391.0,8193759.0,127.966,22.2081
710.0,764.0,1.0,5.0,492.0,83.0,991.0,64.0,179.0,57.0,213.0,38.0,816.0,13.0,0.000126724,55.92159,238315.2,181038800.0,63.1382,20.294
718.0,897.0,1.0,1.0,901.0,88.0,827.0,26.0,636.0,15.0,544.0,84.0,937.0,75.0,2.468931e-05,65.94965,6930.448,10472090.0,62.1096,15.2893
692.0,901.0,1.0,1.0,903.0,91.0,712.0,24.0,734.0,18.0,517.0,83.0,971.0,75.0,2.26651e-05,65.41851,6930.448,10472090.0,59.4387,14.3707
703.0,847.0,2.0,1.0,901.0,86.0,882.0,28.0,708.0,12.0,564.0,82.0,969.0,81.0,6.457846e-05,44.99917,63244.55,10472090.0,77.1379,24.086
903.0,755.0,1.0,1.0,787.0,92.0,878.0,6.0,715.0,43.0,112.0,37.0,976.0,13.0,3.036157e-05,51.29637,40642.28,12750420.0,62.0618,18.9278
592.0,987.0,1.0,3.0,591.0,8.0,105.0,23.0,172.0,17.0,543.0,48.0,232.0,27.0,6.080211e-06,56.32939,6930.448,4324649.0,43.1291,8.3024
693.0,704.0,1.0,1.0,411.0,78.0,601.0,9.0,212.0,32.0,346.0,74.0,969.0,16.0,9.032836e-05,58.58906,98416.24,48044980.0,59.9346,19.3098
320.0,839.0,1.0,2.0,273.0,17.0,447.0,51.0,584.0,42.0,726.0,82.0,519.0,50.0,0.0001221657,61.66855,63244.55,61404200.0,63.6774,23.5244
654.0,737.0,1.0,2.0,936.0,64.0,834.0,10.0,620.0,38.0,339.0,87.0,217.0,4.0,6.747481e-05,63.21249,26117.46,30874990.0,67.2245,40.6988
655.0,827.0,1.0,2.0,902.0,70.0,788.0,7.0,598.0,29.0,439.0,88.0,165.0,5.0,2.342521e-05,54.98198,26117.46,10472090.0,67.8056,22.0356
393.0,854.0,4.0,3.0,509.0,88.0,858.0,64.0,590.0,68.0,281.0,50.0,920.0,38.0,5.622511e-05,62.36675,10785.12,12750420.0,87.4246,40.6772
687.0,901.0,1.0,1.0,899.0,91.0,822.0,25.0,647.0,18.0,519.0,71.0,892.0,79.0,2.307079e-05,58.05564,16783.42,8193759.0,64.1368,16.0631
754.0,275.0,1.0,1.0,979.0,8.0,947.0,57.0,154.0,74.0,610.0,42.0,796.0,1.0,3.563132e-05,25.77611,898000.8,12750420.0,64.9285,16.0658
336.0,391.0,3.0,1.0,812.0,14.0,778.0,96.0,969.0,41.0,867.0,12.0,352.0,2.0,0.0006295375,46.01195,238315.2,39459980.0,60.8044,13.689
705.0,716.0,1.0,1.0,795.0,88.0,898.0,13.0,711.0,27.0,141.0,35.0,601.0,14.0,0.0001015668,63.64178,40642.28,48044980.0,64.6422,54.4715
783.0,334.0,1.0,7.0,688.0,49.0,718.0,35.0,878.0,24.0,872.0,88.0,856.0,81.0,0.0003608263,27.04427,1397391.0,48044980.0,15.6243,3.30767
210.0,886.0,1.0,1.0,946.0,63.0,684.0,15.0,603.0,41.0,243.0,75.0,218.0,15.0,2.030485e-05,55.05625,16783.42,8193759.0,65.7711,17.4178
864.0,743.0,1.0,1.0,787.0,84.0,932.0,21.0,637.0,27.0,101.0,36.0,984.0,26.0,8.085857e-05,61.47055,40642.28,30874990.0,65.0854,26.0239
516.0,782.0,2.0,1.0,613.0,83.0,317.0,25.0,414.0,66.0,804.0,85.0,807.0,22.0,0.000130916,65.39661,40642.28,48044980.0,35.0446,7.88518
492.0,923.0,1.0,2.0,951.0,30.0,668.0,34.0,482.0,57.0,338.0,74.0,997.0,97.0,1.734247e-05,51.46215,26117.46,8193759.0,64.8283,17.3763
721.0,743.0,2.0,1.0,439.0,76.0,648.0,4.0,239.0,5.0,288.0,29.0,957.0,32.0,5.849594e-05,37.60474,98416.24,8193759.0,86.6212,47.8317
720.0,760.0,1.0,1.0,434.0,76.0,758.0,13.0,272.0,4.0,725.0,89.0,957.0,31.0,8.866253e-05,23.25398,898000.8,8193759.0,61.5919,20.1456
775.0,310.0,7.0,4.0,405.0,78.0,625.0,88.0,375.0,82.0,459.0,57.0,376.0,60.0,0.0004744146,15.33704,1397391.0,30874990.0,50.1439,-504.49
647.0,836.0,2.0,2.0,901.0,78.0,823.0,20.0,713.0,18.0,525.0,83.0,971.0,82.0,6.813892e-05,60.80215,10785.12,10472090.0,87.841,47.0623
527.0,925.0,1.0,3.0,605.0,15.0,122.0,23.0,156.0,22.0,522.0,50.0,241.0,27.0,2.239905e-05,54.21023,40642.28,12750420.0,58.2386,17.3128
250.0,810.0,1.0,2.0,915.0,67.0,580.0,16.0,602.0,88.0,179.0,91.0,113.0,6.0,6.168828e-05,55.66829,63244.55,30874990.0,70.6254,46.3448
470.0,857.0,4.0,2.0,507.0,82.0,804.0,64.0,617.0,71.0,373.0,49.0,818.0,38.0,5.591541e-05,63.64036,10785.12,12750420.0,71.5874,21.4295
332.0,812.0,1.0,1.0,362.0,11.0,947.0,18.0,892.0,75.0,148.0,93.0,610.0,32.0,6.377676e-05,56.84247,40642.28,19841090.0,69.084,39.2213
570.0,780.0,1.0,1.0,899.0,66.0,663.0,9.0,610.0,38.0,204.0,87.0,217.0,19.0,9.724537e-05,47.02305,153147.4,25358040.0,79.8232,56.8254
357.0,513.0,2.0,3.0,656.0,18.0,115.0,25.0,153.0,63.0,539.0,89.0,563.0,51.0,0.001012406,17.55393,5265528.0,231377800.0,19.4481,10.911
227.0,467.0,5.0,1.0,197.0,18.0,734.0,50.0,940.0,81.0,110.0,38.0,866.0,30.0,0.001258188,18.11206,3383769.0,30874990.0,99.469,25.4039
531.0,900.0,1.0,1.0,494.0,16.0,133.0,33.0,485.0,19.0,529.0,65.0,218.0,26.0,5.128337e-05,26.73124,577079.0,10472090.0,44.3189,9.81319
268.0,861.0,1.0,1.0,384.0,14.0,912.0,15.0,884.0,69.0,171.0,88.0,663.0,23.0,2.199803e-05,58.06898,16783.42,10472090.0,60.6628,18.2908
551.0,716.0,6.0,1.0,632.0,78.0,845.0,22.0,357.0,93.0,307.0,90.0,845.0,23.0,0.0001239386,42.04257,98416.24,12750420.0,93.991,42.4473
332.0,808.0,1.0,1.0,619.0,16.0,949.0,16.0,876.0,77.0,386.0,93.0,743.0,27.0,4.833601e-05,52.09078,63244.55,16295760.0,62.745,25.6768
701.0,951.0,1.0,4.0,202.0,14.0,875.0,61.0,577.0,39.0,551.0,51.0,102.0,44.0,1.24731e-05,35.84078,98416.24,5265529.0,80.8894,41.6136
417.0,711.0,1.0,1.0,212.0,14.0,914.0,24.0,147.0,15.0,409.0,30.0,958.0,25.0,0.0001276145,34.86891,1397391.0,61404200.0,69.7855,36.942
886.0,734.0,1.0,1.0,702.0,91.0,744.0,21.0,652.0,34.0,173.0,34.0,881.0,25.0,6.965616e-05,42.53723,238315.2,25358040.0,64.7553,58.3789
680.0,829.0,1.0,6.0,969.0,11.0,965.0,50.0,321.0,54.0,263.0,34.0,798.0,17.0,4.605919e-05,57.71531,40642.28,25358040.0,81.042,30.6455
322.0,840.0,1.0,1.0,272.0,17.0,505.0,63.0,525.0,42.0,773.0,85.0,123.0,53.0,0.0001387649,27.65867,1397391.0,30874990.0,77.7322,27.6899
334.0,275.0,1.0,1.0,979.0,7.0,999.0,57.0,181.0,74.0,610.0,28.0,796.0,1.0,0.0002660629,34.82614,898000.8,39459980.0,50.0715,11.887
317.0,857.0,1.0,1.0,342.0,15.0,935.0,19.0,924.0,67.0,180.0,93.0,611.0,23.0,2.705521e-05,59.76162,16783.42,12750420.0,58.4021,17.7445
638.0,861.0,1.0,1.0,529.0,13.0,446.0,65.0,187.0,74.0,622.0,63.0,770.0,26.0,6.34962e-05,57.36732,63244.55,30874990.0,20.0807,4.12268
683.0,686.0,1.0,3.0,900.0,64.0,853.0,9.0,543.0,40.0,386.0,97.0,272.0,4.0,8.713084e-05,63.63721,40642.28,48044980.0,80.6609,28.989
285.0,809.0,1.0,1.0,599.0,21.0,973.0,14.0,859.0,76.0,386.0,93.0,645.0,31.0,4.624528e-05,39.37489,153147.4,12750420.0,67.1372,33.4616
600.0,868.0,1.0,3.0,588.0,12.0,113.0,19.0,120.0,29.0,590.0,25.0,215.0,20.0,3.766512e-05,18.19775,1397391.0,10472090.0,74.3082,38.1863
770.0,916.0,1.0,4.0,365.0,68.0,506.0,72.0,841.0,12.0,557.0,50.0,127.0,47.0,6.338775e-05,60.30468,26117.46,30874990.0,82.9226,28.3818
583.0,805.0,1.0,2.0,503.0,31.0,479.0,49.0,625.0,59.0,400.0,82.0,989.0,84.0,0.0001801225,63.72471,63244.55,95551890.0,78.8223,25.5544
709.0,634.0,2.0,1.0,782.0,94.0,738.0,20.0,207.0,34.0,100.0,37.0,910.0,27.0,0.0002239069,43.11455,370846.0,48044980.0,100.611,35.1632
543.0,911.0,1.0,3.0,626.0,16.0,110.0,21.0,177.0,13.0,530.0,54.0,210.0,24.0,3.332097e-05,56.09957,40642.28,16295760.0,63.8609,22.8686
216.0,886.0,1.0,1.0,898.0,65.0,780.0,26.0,614.0,44.0,374.0,82.0,187.0,3.0,1.32486e-05,24.45667,238315.2,4324649.0,8.76251,1.75487
489.0,847.0,1.0,1.0,374.0,29.0,526.0,48.0,524.0,59.0,551.0,86.0,967.0,84.0,8.791591e-05,56.2751,98416.24,48044980.0,50.7045,15.4715
412.0,875.0,3.0,3.0,447.0,78.0,801.0,68.0,618.0,74.0,372.0,48.0,822.0,37.0,4.222037e-05,63.32369,10785.12,12750420.0,68.7004,24.6377
555.0,901.0,2.0,4.0,269.0,82.0,890.0,74.0,337.0,88.0,323.0,83.0,337.0,17.0,2.513768e-05,59.29245,16783.42,12750420.0,55.6809,13.825
626.0,883.0,2.0,1.0,921.0,94.0,804.0,25.0,537.0,53.0,464.0,82.0,938.0,49.0,2.235697e-05,54.18352,16783.42,6729644.0,64.6889,13.77
614.0,810.0,1.0,3.0,926.0,63.0,644.0,8.0,606.0,43.0,215.0,96.0,149.0,7.0,4.486507e-05,56.11252,26117.46,16295760.0,80.1206,50.9926
345.0,862.0,1.0,1.0,464.0,12.0,952.0,14.0,923.0,66.0,179.0,93.0,606.0,23.0,2.192003e-05,57.06162,16783.42,8193759.0,64.2373,21.0886
621.0,799.0,2.0,2.0,882.0,69.0,820.0,35.0,721.0,16.0,491.0,68.0,971.0,78.0,0.0001381837,41.2708,238315.2,19841090.0,99.9635,32.0726
452.0,936.0,1.0,3.0,591.0,15.0,118.0,24.0,399.0,17.0,538.0,65.0,292.0,57.0,2.890057e-05,60.26677,16783.42,12750420.0,68.6254,24.1366
709.0,822.0,1.0,2.0,900.0,92.0,753.0,27.0,734.0,18.0,590.0,87.0,928.0,76.0,9.503393e-05,66.13245,26117.46,39459980.0,71.5715,30.697
624.0,883.0,1.0,1.0,969.0,66.0,879.0,9.0,602.0,44.0,361.0,97.0,179.0,4.0,8.24044e-06,55.50081,10785.12,4324649.0,53.1919,11.1067
971.0,215.0,8.0,3.0,617.0,15.0,776.0,37.0,832.0,44.0,873.0,15.0,399.0,1.0,3.150413e-06,14.08871,10785.12,51944.42,89.698,58.9211
342.0,862.0,1.0,1.0,434.0,14.0,934.0,14.0,923.0,62.0,162.0,87.0,663.0,23.0,2.107128e-05,58.89887,10785.12,8193759.0,62.3313,19.0259
776.0,874.0,1.0,6.0,928.0,11.0,982.0,49.0,385.0,52.0,201.0,29.0,709.0,17.0,2.079525e-05,58.31538,16783.42,12750420.0,60.9694,23.3811
395.0,886.0,3.0,3.0,509.0,87.0,873.0,64.0,613.0,68.0,372.0,48.0,939.0,38.0,3.050061e-05,63.50444,6930.448,10472090.0,59.6562,13.0392
673.0,818.0,1.0,6.0,942.0,87.0,994.0,55.0,323.0,76.0,243.0,39.0,796.0,16.0,6.114617e-05,61.50386,63244.55,61404200.0,64.6513,26.1194
747.0,692.0,1.0,1.0,328.0,67.0,400.0,58.0,927.0,42.0,508.0,50.0,822.0,44.0,0.0004428032,37.08121,2174500.0,148689600.0,50.8113,22.0453
457.0,920.0,1.0,2.0,967.0,30.0,493.0,35.0,492.0,48.0,356.0,67.0,993.0,83.0,1.938566e-05,57.05907,16783.42,10472090.0,57.3394,14.0139
681.0,856.0,1.0,6.0,971.0,11.0,967.0,56.0,318.0,55.0,270.0,33.0,798.0,17.0,3.371134e-05,58.49315,26117.46,19841090.0,65.4269,34.6911
493.0,887.0,4.0,2.0,497.0,14.0,123.0,32.0,459.0,21.0,541.0,66.0,267.0,68.0,9.502249e-05,59.97952,10785.12,10472090.0,99.4374,34.0281
622.0,751.0,1.0,3.0,936.0,68.0,834.0,15.0,602.0,46.0,361.0,91.0,180.0,6.0,8.863338e-05,60.5381,40642.28,48044980.0,83.2982,34.263
330.0,699.0,7.0,1.0,737.0,78.0,998.0,71.0,184.0,30.0,146.0,23.0,942.0,15.0,0.0002773884,27.76629,898000.8,16295760.0,78.85,37.8283
345.0,862.0,1.0,1.0,442.0,12.0,935.0,18.0,884.0,68.0,179.0,93.0,650.0,23.0,2.333421e-05,60.11322,10785.12,10472090.0,59.3656,17.1361
450.0,633.0,1.0,3.0,289.0,54.0,492.0,10.0,701.0,17.0,795.0,79.0,398.0,26.0,0.0003402208,39.7755,898000.8,231377800.0,32.2781,14.4815
528.0,830.0,5.0,5.0,557.0,83.0,889.0,25.0,425.0,83.0,831.0,89.0,222.0,14.0,3.18731e-05,28.48283,153147.4,2779135.0,122.162,25.054
466.0,866.0,1.0,2.0,963.0,37.0,524.0,43.0,493.0,61.0,303.0,15.0,997.0,80.0,3.642398e-05,21.78588,898000.8,8193759.0,60.8137,29.1954
320.0,832.0,1.0,1.0,273.0,69.0,506.0,63.0,527.0,43.0,726.0,85.0,519.0,50.0,0.0001468039,62.57464,98416.24,74763430.0,40.0128,13.3365
946.0,453.0,6.0,3.0,918.0,31.0,261.0,65.0,967.0,8.0,544.0,29.0,430.0,76.0,3.329934e-05,8.631939,40642.28,80831.4,94.9552,42.8054
482.0,870.0,1.0,3.0,757.0,8.0,830.0,55.0,593.0,40.0,617.0,49.0,347.0,39.0,4.333615e-05,32.88406,370846.0,12750420.0,80.4526,36.0319
466.0,807.0,1.0,2.0,963.0,34.0,524.0,43.0,493.0,61.0,303.0,18.0,946.0,79.0,9.548543e-05,23.06953,2174500.0,19841090.0,81.8723,50.6857
372.0,789.0,1.0,1.0,434.0,20.0,894.0,17.0,921.0,70.0,216.0,91.0,682.0,20.0,6.181883e-05,61.20421,26117.46,25358040.0,59.7378,24.1152
493.0,921.0,4.0,3.0,497.0,15.0,134.0,32.0,398.0,20.0,541.0,66.0,267.0,68.0,4.622881e-05,59.54917,6930.448,5265529.0,95.356,36.4028
351.0,858.0,1.0,2.0,371.0,15.0,982.0,23.0,868.0,74.0,177.0,94.0,648.0,31.0,3.199693e-05,58.80936,16783.42,12750420.0,65.3428,30.9459
754.0,424.0,1.0,1.0,984.0,12.0,206.0,65.0,151.0,73.0,611.0,42.0,804.0,3.0,5.528757e-05,22.32412,1397391.0,16295760.0,67.4231,19.5632
436.0,820.0,1.0,1.0,866.0,31.0,490.0,44.0,552.0,63.0,341.0,83.0,990.0,81.0,0.0001353865,62.29262,63244.55,61404200.0,64.0384,32.3701
718.0,691.0,1.0,1.0,790.0,89.0,848.0,19.0,786.0,38.0,100.0,23.0,992.0,25.0,0.0001486011,62.28908,63244.55,74763430.0,62.2701,57.6944
310.0,858.0,5.0,1.0,239.0,66.0,173.0,72.0,247.0,51.0,321.0,92.0,342.0,86.0,0.0002450533,56.87461,63244.55,39459980.0,111.367,25.7519
475.0,885.0,3.0,3.0,547.0,90.0,767.0,64.0,589.0,65.0,365.0,48.0,944.0,38.0,3.352416e-05,64.15333,6930.448,10472090.0,57.4419,12.4094
290.0,752.0,1.0,2.0,932.0,71.0,538.0,11.0,601.0,45.0,204.0,97.0,195.0,8.0,0.000115886,59.88478,63244.55,48044980.0,83.209,41.557
544.0,885.0,3.0,3.0,599.0,13.0,113.0,27.0,149.0,14.0,530.0,65.0,190.0,25.0,6.637657e-05,45.53521,63244.55,10472090.0,96.1712,35.5163
695.0,807.0,1.0,6.0,448.0,82.0,991.0,65.0,179.0,57.0,222.0,33.0,798.0,18.0,8.267335e-05,59.94538,98416.24,116340400.0,68.6119,19.0149
725.0,759.0,1.0,1.0,272.0,83.0,597.0,8.0,152.0,41.0,685.0,73.0,856.0,26.0,3.495933e-05,23.26734,898000.8,12750420.0,62.9008,19.0096
502.0,852.0,3.0,1.0,509.0,8.0,816.0,53.0,398.0,66.0,390.0,46.0,943.0,38.0,4.673836e-05,41.6674,98416.24,8193759.0,67.6669,12.6653
630.0,817.0,2.0,3.0,923.0,68.0,833.0,19.0,600.0,42.0,203.0,88.0,113.0,9.0,6.752958e-05,56.55954,26117.46,12750420.0,97.6948,47.9254
689.0,840.0,2.0,2.0,922.0,99.0,823.0,35.0,537.0,54.0,465.0,83.0,936.0,83.0,5.877391e-05,37.65529,153147.4,12750420.0,85.7481,44.9475
528.0,742.0,5.0,1.0,612.0,78.0,422.0,22.0,414.0,63.0,830.0,88.0,807.0,21.0,0.0001542117,61.02097,26117.46,25358040.0,74.0079,24.2818
602.0,862.0,1.0,1.0,794.0,99.0,870.0,32.0,636.0,14.0,483.0,82.0,929.0,84.0,5.544626e-05,47.15614,98416.24,19841090.0,63.3149,18.334
452.0,850.0,1.0,3.0,670.0,91.0,797.0,67.0,584.0,65.0,391.0,49.0,979.0,38.0,6.275807e-05,64.64228,40642.28,48044980.0,43.2089,21.6305
490.0,821.0,1.0,2.0,863.0,33.0,398.0,54.0,540.0,66.0,542.0,21.0,624.0,87.0,0.0001133876,18.23316,2174500.0,16295760.0,78.6724,42.4242
544.0,854.0,3.0,3.0,599.0,13.0,113.0,27.0,149.0,14.0,462.0,65.0,190.0,25.0,0.000116117,39.67692,153147.4,16295760.0,114.721,30.5091
671.0,625.0,3.0,1.0,212.0,82.0,623.0,22.0,251.0,46.0,289.0,74.0,921.0,24.0,0.0003069476,60.42561,98416.24,116340400.0,115.612,23.2603
885.0,755.0,1.0,1.0,788.0,92.0,878.0,6.0,713.0,42.0,112.0,38.0,976.0,13.0,3.230081e-05,56.06339,26117.46,12750420.0,60.9767,17.83
673.0,818.0,1.0,5.0,942.0,91.0,996.0,55.0,323.0,74.0,219.0,39.0,830.0,17.0,6.161738e-05,61.48916,63244.55,48044980.0,60.1281,28.6074
300.0,679.0,1.0,2.0,923.0,99.0,823.0,34.0,671.0,53.0,993.0,83.0,936.0,83.0,0.0002577289,28.80253,2174500.0,48044980.0,35.7653,12.5702
201.0,889.0,1.0,3.0,983.0,63.0,823.0,6.0,602.0,43.0,310.0,97.0,149.0,4.0,7.268245e-06,50.36633,10785.12,3383770.0,68.1655,18.6212
753.0,694.0,4.0,1.0,245.0,32.0,862.0,63.0,915.0,30.0,536.0,50.0,829.0,44.0,0.0003154342,64.3572,26117.46,39459980.0,105.137,20.5797
331.0,375.0,8.0,1.0,978.0,15.0,776.0,97.0,652.0,44.0,333.0,15.0,387.0,2.0,0.00060316,23.2367,577079.0,8193759.0,93.1887,40.8514
443.0,719.0,1.0,1.0,478.0,26.0,935.0,25.0,875.0,78.0,172.0,86.0,603.0,26.0,0.0001865775,61.54314,63244.55,61404200.0,73.5784,47.6317
961.0,610.0,7.0,8.0,726.0,73.0,470.0,54.0,222.0,4.0,909.0,7.0,452.0,46.0,1.466195e-05,-2.64609,-10.0,-10.0,113.945,17.7752
886.0,646.0,2.0,1.0,330.0,8.0,159.0,74.0,388.0,5.0,201.0,43.0,883.0,42.0,0.0001352158,37.00832,98416.24,5265529.0,92.1467,39.1766
553.0,716.0,6.0,1.0,632.0,76.0,889.0,22.0,358.0,93.0,307.0,90.0,805.0,14.0,0.0001122507,61.29358,16783.42,12750420.0,82.7798,34.8326
708.0,903.0,1.0,1.0,900.0,94.0,817.0,27.0,734.0,18.0,591.0,82.0,929.0,76.0,2.207315e-05,63.01286,6930.448,10472090.0,59.386,14.4625
655.0,769.0,1.0,2.0,896.0,66.0,855.0,10.0,612.0,44.0,382.0,97.0,205.0,7.0,5.948084e-05,55.67057,40642.28,25358040.0,73.6109,46.5075
699.0,855.0,1.0,2.0,882.0,83.0,871.0,27.0,620.0,18.0,482.0,78.0,646.0,84.0,6.811729e-05,56.10697,40642.28,19841090.0,79.0406,43.7708
813.0,700.0,1.0,2.0,269.0,10.0,520.0,68.0,876.0,10.0,559.0,45.0,133.0,40.0,0.0002372671,25.21959,898000.8,16295760.0,104.345,15.8582
631.0,752.0,1.0,3.0,931.0,67.0,572.0,7.0,602.0,46.0,359.0,88.0,198.0,5.0,6.211924e-05,58.46504,40642.28,30874990.0,78.6677,41.4323
653.0,736.0,1.0,3.0,926.0,66.0,580.0,16.0,636.0,38.0,371.0,88.0,217.0,10.0,0.0001554348,63.0236,63244.55,116340400.0,86.2482,24.2928
701.0,828.0,1.0,2.0,882.0,86.0,823.0,36.0,536.0,11.0,525.0,83.0,971.0,82.0,9.55105e-05,33.20511,370846.0,16295760.0,74.5997,27.0879
479.0,863.0,1.0,2.0,912.0,28.0,522.0,47.0,524.0,59.0,553.0,80.0,993.0,85.0,6.517501e-05,54.39468,63244.55,30874990.0,62.1026,26.4601
210.0,880.0,1.0,1.0,931.0,60.0,851.0,10.0,559.0,41.0,217.0,99.0,178.0,10.0,1.660653e-05,51.87741,16783.42,5265529.0,71.4157,20.2723
331.0,729.0,7.0,1.0,736.0,78.0,998.0,71.0,166.0,30.0,146.0,25.0,948.0,11.0,0.0002009774,21.04849,898000.8,8193759.0,38.0952,4.51692
263.0,857.0,4.0,5.0,225.0,82.0,905.0,70.0,305.0,94.0,323.0,90.0,393.0,23.0,5.846071e-05,55.88738,26117.46,39459980.0,109.653,20.2531
300.0,794.0,1.0,8.0,215.0,15.0,973.0,20.0,881.0,81.0,104.0,96.0,556.0,34.0,9.431104e-05,55.43801,63244.55,74763430.0,111.582,27.3994
799.0,661.0,1.0,1.0,952.0,91.0,830.0,22.0,749.0,44.0,165.0,37.0,969.0,52.0,0.0001462726,36.20242,898000.8,39459980.0,78.0455,58.0485
466.0,823.0,2.0,4.0,740.0,90.0,801.0,65.0,607.0,28.0,543.0,63.0,879.0,37.0,9.700934e-05,27.04365,577079.0,12750420.0,80.7496,20.9402
216.0,881.0,1.0,1.0,898.0,66.0,656.0,26.0,614.0,44.0,198.0,82.0,194.0,19.0,3.575526e-05,58.7888,26117.46,16295760.0,63.1256,17.7159
697.0,900.0,1.0,1.0,903.0,91.0,822.0,27.0,730.0,18.0,533.0,83.0,980.0,81.0,2.388286e-05,64.49936,6930.448,10472090.0,60.7937,15.004
680.0,829.0,1.0,6.0,955.0,86.0,995.0,56.0,321.0,56.0,257.0,33.0,797.0,11.0,4.866563e-05,45.40803,238315.2,30874990.0,45.2882,28.794
544.0,885.0,1.0,3.0,634.0,14.0,112.0,32.0,182.0,14.0,530.0,25.0,190.0,25.0,6.123939e-05,52.09599,98416.24,30874990.0,74.6412,37.8
392.0,911.0,4.0,2.0,495.0,6.0,663.0,97.0,668.0,40.0,293.0,87.0,382.0,2.0,2.290798e-05,-5.017322,-10.0,-10.0,-76.2071,-11.4989
378.0,854.0,4.0,3.0,509.0,88.0,869.0,64.0,600.0,71.0,280.0,48.0,919.0,36.0,5.473027e-05,62.5373,10785.12,12750420.0,84.8491,41.0447
739.0,846.0,1.0,6.0,516.0,76.0,977.0,64.0,170.0,57.0,193.0,33.0,759.0,18.0,4.600515e-05,59.43461,63244.55,39459980.0,64.1324,29.3836
333.0,791.0,1.0,1.0,402.0,23.0,977.0,26.0,872.0,79.0,162.0,89.0,661.0,29.0,8.697588e-05,60.68406,40642.28,30874990.0,63.3919,39.7925
345.0,877.0,4.0,6.0,262.0,82.0,846.0,72.0,287.0,88.0,323.0,90.0,393.0,23.0,4.357768e-05,57.51574,16783.42,19841090.0,120.482,22.4797
273.0,807.0,1.0,1.0,426.0,91.0,175.0,97.0,179.0,25.0,746.0,15.0,974.0,29.0,0.000452667,28.0885,8193758.0,181038800.0,0.0,0.0
274.0,845.0,7.0,2.0,258.0,67.0,173.0,70.0,207.0,47.0,302.0,92.0,332.0,87.0,0.0003094992,56.24548,63244.55,438383300.0,27.6918,11.3984
483.0,207.0,4.0,3.0,599.0,15.0,853.0,88.0,481.0,19.0,585.0,66.0,174.0,76.0,0.001172761,10.67181,2174500.0,6729644.0,141.67,18.8463
903.0,755.0,2.0,1.0,743.0,90.0,879.0,20.0,713.0,36.0,112.0,38.0,957.0,13.0,4.352727e-05,61.31518,10785.12,12750420.0,62.2683,13.6106
922.0,769.0,1.0,1.0,757.0,81.0,936.0,34.0,598.0,25.0,135.0,38.0,969.0,25.0,5.543166e-05,61.04695,26117.46,25358040.0,64.3573,17.1814
917.0,432.0,1.0,2.0,700.0,9.0,475.0,94.0,895.0,53.0,359.0,89.0,108.0,31.0,7.78316e-05,11.00621,153147.4,473963.5,78.504,56.9168
312.0,798.0,1.0,1.0,466.0,15.0,917.0,7.0,837.0,81.0,100.0,93.0,629.0,30.0,5.783891e-05,50.60837,40642.28,10472090.0,73.623,51.5432
771.0,911.0,1.0,4.0,371.0,68.0,450.0,68.0,991.0,14.0,534.0,44.0,105.0,50.0,7.250888e-05,56.8059,40642.28,30874990.0,88.9492,30.2088
347.0,795.0,1.0,1.0,442.0,16.0,976.0,18.0,879.0,68.0,168.0,93.0,606.0,20.0,6.082298e-05,60.4189,26117.46,25358040.0,63.5547,26.6569
464.0,823.0,2.0,4.0,738.0,12.0,801.0,65.0,939.0,29.0,543.0,60.0,943.0,34.0,9.051486e-05,18.82782,577079.0,4324649.0,99.283,28.0535
776.0,881.0,1.0,6.0,969.0,7.0,982.0,48.0,305.0,51.0,228.0,27.0,707.0,17.0,1.631032e-05,49.81899,40642.28,8193759.0,63.3026,20.4438
531.0,882.0,1.0,3.0,512.0,15.0,121.0,15.0,484.0,19.0,449.0,65.0,240.0,61.0,6.942201e-05,54.33609,63244.55,25358040.0,92.8709,32.896
455.0,890.0,4.0,3.0,794.0,15.0,137.0,33.0,872.0,23.0,481.0,66.0,173.0,40.0,8.892227e-05,35.2565,98416.24,5265529.0,105.671,39.0878
369.0,847.0,1.0,1.0,373.0,11.0,935.0,15.0,873.0,75.0,108.0,93.0,593.0,32.0,3.718562e-05,55.46519,26117.46,10472090.0,68.2016,27.8052
328.0,829.0,4.0,1.0,246.0,32.0,862.0,62.0,577.0,33.0,536.0,87.0,829.0,44.0,9.199503e-05,27.22205,370846.0,8193759.0,73.1359,17.859
678.0,806.0,1.0,9.0,530.0,12.0,446.0,65.0,179.0,74.0,634.0,39.0,798.0,14.0,0.0001039098,40.17847,577079.0,61404200.0,56.5633,20.1577
329.0,438.0,8.0,3.0,947.0,38.0,257.0,74.0,156.0,32.0,893.0,37.0,185.0,16.0,0.001420462,11.86191,3383769.0,61404200.0,31.0688,16.3471
821.0,438.0,3.0,4.0,725.0,42.0,446.0,90.0,468.0,42.0,721.0,83.0,980.0,99.0,0.0001665038,18.70864,898000.8,5265529.0,7.03344,5.6494
885.0,738.0,1.0,1.0,788.0,92.0,888.0,7.0,716.0,43.0,116.0,38.0,957.0,14.0,3.868946e-05,48.78962,63244.55,16295760.0,62.4067,20.5798
275.0,858.0,5.0,5.0,899.0,83.0,885.0,73.0,287.0,94.0,324.0,89.0,370.0,15.0,5.445911e-05,59.99744,10785.12,12750420.0,115.184,25.9232
543.0,924.0,1.0,3.0,591.0,10.0,112.0,20.0,174.0,13.0,530.0,56.0,217.0,24.0,2.407501e-05,55.87493,26117.46,12750420.0,62.0858,17.9169
697.0,854.0,2.0,2.0,917.0,85.0,795.0,27.0,749.0,18.0,573.0,88.0,977.0,76.0,5.501232e-05,63.88168,10785.12,10472090.0,81.6629,41.7458
435.0,843.0,1.0,2.0,887.0,33.0,524.0,43.0,498.0,59.0,321.0,22.0,952.0,83.0,5.911626e-05,24.88727,898000.8,16295760.0,72.4123,52.8571
670.0,787.0,2.0,2.0,928.0,99.0,984.0,50.0,730.0,58.0,524.0,73.0,654.0,44.0,0.0001267157,44.75193,238315.2,30874990.0,93.1093,36.5249
220.0,751.0,1.0,3.0,931.0,72.0,838.0,5.0,595.0,47.0,178.0,87.0,151.0,3.0,4.391921e-05,55.91478,40642.28,16295760.0,80.4033,48.5421
559.0,907.0,2.0,3.0,599.0,14.0,113.0,26.0,475.0,17.0,549.0,66.0,190.0,24.0,4.167233e-05,29.76086,238315.2,5265529.0,78.0774,33.2502
393.0,857.0,3.0,2.0,731.0,85.0,804.0,59.0,590.0,74.0,253.0,59.0,934.0,32.0,4.960528e-05,41.64924,98416.24,12750420.0,56.3257,11.8684
530.0,924.0,1.0,3.0,565.0,15.0,122.0,20.0,156.0,11.0,467.0,50.0,274.0,59.0,3.050888e-05,53.56093,40642.28,12750420.0,79.2226,39.2688
702.0,609.0,8.0,1.0,637.0,76.0,245.0,9.0,221.0,1.0,347.0,29.0,701.0,40.0,0.0004998282,17.53913,577079.0,2779135.0,123.63,28.9179
452.0,857.0,6.0,1.0,647.0,77.0,854.0,73.0,281.0,97.0,323.0,73.0,335.0,15.0,5.533639e-05,58.46574,10785.12,10472090.0,55.2618,7.52956
459.0,717.0,5.0,1.0,640.0,68.0,295.0,22.0,231.0,62.0,660.0,96.0,805.0,16.0,0.0002356599,38.61577,370846.0,25358040.0,74.6119,26.9674
621.0,456.0,4.0,9.0,918.0,23.0,492.0,59.0,155.0,66.0,345.0,72.0,819.0,46.0,0.0003378022,18.27081,1397391.0,181038800.0,1.74765,628.039
393.0,854.0,4.0,3.0,509.0,80.0,790.0,64.0,619.0,70.0,373.0,50.0,920.0,38.0,5.853992e-05,64.18123,10785.12,12750420.0,86.0241,38.8658
663.0,900.0,1.0,1.0,903.0,91.0,822.0,20.0,708.0,18.0,519.0,80.0,958.0,79.0,2.148866e-05,57.46318,10785.12,8193759.0,66.1856,17.0586
434.0,283.0,7.0,1.0,400.0,47.0,486.0,43.0,603.0,70.0,905.0,90.0,113.0,22.0,0.001638141,18.9147,3383769.0,30874990.0,48.4137,14.0001
654.0,665.0,1.0,2.0,900.0,66.0,788.0,10.0,576.0,38.0,381.0,87.0,217.0,4.0,0.0001242883,63.05836,40642.28,61404200.0,78.0918,33.7288
336.0,391.0,4.0,1.0,812.0,14.0,778.0,96.0,969.0,41.0,852.0,12.0,347.0,2.0,0.0006310111,46.24168,153147.4,30874990.0,66.7802,15.2971
699.0,740.0,2.0,1.0,188.0,3.0,516.0,9.0,239.0,4.0,323.0,86.0,945.0,22.0,8.063384e-05,12.33646,577079.0,2174501.0,85.3655,41.1311
287.0,739.0,1.0,3.0,924.0,64.0,844.0,97.0,562.0,92.0,179.0,85.0,113.0,10.0,0.0004494854,49.68785,577079.0,560278700.0,30.1037,14.7227
522.0,839.0,1.0,2.0,484.0,31.0,529.0,51.0,572.0,59.0,395.0,82.0,994.0,84.0,0.0001064658,63.53571,40642.28,61404200.0,70.2887,30.6864
754.0,856.0,1.0,6.0,996.0,6.0,996.0,56.0,344.0,57.0,250.0,33.0,748.0,12.0,2.167309e-05,56.59606,26117.46,10472090.0,61.8882,21.0252
691.0,856.0,1.0,6.0,971.0,11.0,981.0,56.0,318.0,56.0,271.0,33.0,797.0,17.0,3.303883e-05,58.36963,26117.46,16295760.0,65.4339,34.2959
500.0,850.0,2.0,2.0,763.0,4.0,796.0,60.0,427.0,64.0,260.0,49.0,296.0,36.0,6.643066e-05,29.57776,238315.2,6729644.0,92.2848,43.3445
713.0,606.0,4.0,7.0,649.0,94.0,461.0,10.0,881.0,17.0,999.0,48.0,279.0,66.0,0.0002248197,20.18247,577079.0,6729644.0,-1.7141,-5.25731
723.0,641.0,2.0,1.0,796.0,89.0,770.0,17.0,769.0,33.0,161.0,34.0,855.0,24.0,0.0002152819,64.60325,40642.28,48044980.0,89.8654,54.7699
515.0,900.0,1.0,1.0,588.0,11.0,131.0,31.0,171.0,14.0,529.0,65.0,253.0,59.0,6.408166e-05,55.57541,63244.55,25358040.0,70.3836,21.8526
747.0,706.0,2.0,1.0,446.0,77.0,629.0,8.0,200.0,43.0,352.0,82.0,921.0,22.0,6.9186e-05,34.33715,370846.0,16295760.0,83.471,35.3626
728.0,831.0,1.0,4.0,397.0,67.0,518.0,62.0,921.0,40.0,534.0,84.0,517.0,49.0,0.0001393785,33.10131,898000.8,48044980.0,43.5306,14.5394
868.0,781.0,1.0,1.0,752.0,78.0,951.0,21.0,599.0,24.0,167.0,40.0,913.0,24.0,5.578229e-05,63.82924,26117.46,25358040.0,61.2954,17.0172
888.0,770.0,1.0,1.0,794.0,88.0,857.0,14.0,630.0,45.0,141.0,37.0,959.0,21.0,4.038858e-05,43.75712,153147.4,16295760.0,59.6618,18.1152
690.0,854.0,2.0,1.0,782.0,85.0,823.0,28.0,677.0,18.0,545.0,83.0,971.0,81.0,5.674534e-05,65.92672,6930.448,12750420.0,75.6773,22.1744
732.0,824.0,1.0,2.0,900.0,91.0,796.0,26.0,733.0,18.0,519.0,83.0,975.0,76.0,8.681792e-05,66.21348,16783.42,30874990.0,73.038,35.2142
848.0,840.0,2.0,2.0,924.0,99.0,823.0,35.0,537.0,54.0,465.0,69.0,944.0,43.0,4.402537e-05,49.32362,63244.55,12750420.0,70.5921,27.8019
600.0,889.0,1.0,1.0,925.0,70.0,800.0,14.0,585.0,42.0,205.0,86.0,223.0,5.0,9.759221e-06,37.69711,63244.55,4324649.0,40.7615,7.9928
422.0,559.0,6.0,1.0,218.0,50.0,715.0,88.0,870.0,70.0,677.0,83.0,529.0,41.0,0.001573611,55.23977,238315.2,682174000.0,3.50034,9.4052
491.0,862.0,1.0,2.0,909.0,29.0,488.0,44.0,523.0,58.0,297.0,16.0,954.0,81.0,4.349223e-05,23.50792,898000.8,10472090.0,64.8759,55.6965
680.0,842.0,1.0,6.0,989.0,84.0,956.0,38.0,393.0,59.0,251.0,33.0,814.0,15.0,3.273292e-05,62.21543,26117.46,25358040.0,53.5081,33.8419
543.0,906.0,1.0,2.0,599.0,11.0,138.0,26.0,103.0,14.0,524.0,50.0,190.0,23.0,3.516445e-05,52.65372,63244.55,19841090.0,62.9755,18.2423
331.0,839.0,1.0,2.0,336.0,64.0,450.0,73.0,608.0,42.0,517.0,85.0,463.0,50.0,0.0001610321,31.44211,1397391.0,61404200.0,60.0721,19.8818
719.0,773.0,2.0,1.0,168.0,5.0,644.0,8.0,209.0,45.0,328.0,86.0,960.0,15.0,3.722058e-05,43.14545,63244.55,8193759.0,74.9367,17.98
669.0,422.0,3.0,1.0,207.0,16.0,185.0,11.0,175.0,5.0,396.0,85.0,671.0,48.0,0.001350386,55.41303,153147.4,871857100.0,70.465,18.721
719.0,630.0,2.0,1.0,512.0,67.0,669.0,9.0,239.0,2.0,710.0,26.0,926.0,24.0,0.0001955122,64.19475,26117.46,39459980.0,83.8572,36.9044
704.0,770.0,2.0,1.0,794.0,89.0,799.0,22.0,781.0,35.0,167.0,30.0,916.0,16.0,6.919131e-05,39.87265,238315.2,19841090.0,50.0015,10.1328
680.0,829.0,1.0,6.0,968.0,87.0,965.0,50.0,359.0,56.0,250.0,34.0,754.0,17.0,5.127818e-05,62.17313,40642.28,48044980.0,66.4958,29.2133
673.0,617.0,8.0,1.0,603.0,76.0,245.0,6.0,200.0,1.0,765.0,29.0,701.0,40.0,0.0004498152,35.81974,153147.4,10472090.0,111.938,28.0009
492.0,892.0,1.0,2.0,964.0,30.0,567.0,43.0,492.0,48.0,334.0,77.0,996.0,89.0,3.782607e-05,60.31976,26117.46,19841090.0,63.4929,21.0936
440.0,877.0,3.0,3.0,738.0,82.0,803.0,64.0,617.0,65.0,364.0,44.0,938.0,37.0,3.758336e-05,64.53313,6930.448,10472090.0,62.2677,15.2267
754.0,778.0,1.0,1.0,979.0,8.0,947.0,65.0,179.0,78.0,206.0,44.0,796.0,1.0,2.679391e-05,16.14335,898000.8,6729644.0,-27.8213,-4.09074
528.0,829.0,5.0,5.0,613.0,83.0,317.0,25.0,412.0,90.0,841.0,80.0,786.0,14.0,6.059448e-05,65.3709,6930.448,16295760.0,90.2201,24.9625
732.0,638.0,7.0,5.0,642.0,55.0,703.0,65.0,162.0,86.0,386.0,93.0,119.0,22.0,0.0002718376,17.28387,898000.8,61404200.0,-1.3217,480.399
450.0,839.0,4.0,9.0,275.0,62.0,356.0,94.0,727.0,43.0,181.0,65.0,890.0,69.0,0.0001904227,14.92158,1397391.0,19841090.0,10.5125,5.20113
668.0,805.0,1.0,6.0,536.0,12.0,201.0,65.0,213.0,69.0,647.0,34.0,798.0,23.0,0.0001431772,30.08221,1397391.0,48044980.0,63.3751,19.8567
501.0,852.0,2.0,3.0,479.0,79.0,779.0,66.0,567.0,66.0,390.0,49.0,942.0,38.0,6.108678e-05,64.53839,16783.42,25358040.0,68.6716,33.1426
776.0,881.0,1.0,6.0,969.0,7.0,982.0,56.0,305.0,51.0,228.0,32.0,657.0,17.0,1.81913e-05,54.52238,26117.46,10472090.0,64.5046,22.5788
630.0,753.0,1.0,1.0,931.0,70.0,554.0,9.0,601.0,48.0,204.0,89.0,195.0,8.0,9.525892e-05,59.51105,40642.28,39459980.0,70.0772,50.2422
888.0,771.0,1.0,1.0,731.0,91.0,887.0,10.0,591.0,39.0,157.0,33.0,895.0,19.0,3.127249e-05,38.8195,153147.4,12750420.0,63.9104,18.9399
652.0,752.0,1.0,3.0,950.0,61.0,630.0,15.0,540.0,45.0,359.0,93.0,198.0,5.0,9.149638e-05,55.01318,98416.24,48044980.0,75.6805,28.5025
466.0,841.0,1.0,2.0,501.0,34.0,527.0,39.0,618.0,57.0,374.0,21.0,997.0,79.0,5.518675e-05,25.59252,898000.8,16295760.0,66.7204,51.9308
664.0,904.0,1.0,1.0,844.0,89.0,867.0,31.0,707.0,16.0,548.0,83.0,968.0,90.0,2.481418e-05,65.73515,6930.448,10472090.0,61.6805,15.2433
773.0,812.0,1.0,5.0,535.0,13.0,991.0,63.0,170.0,50.0,232.0,35.0,798.0,14.0,4.981209e-05,56.66151,63244.55,30874990.0,75.6706,28.8345
322.0,861.0,1.0,1.0,384.0,13.0,935.0,15.0,884.0,66.0,179.0,90.0,660.0,23.0,2.186716e-05,58.30513,16783.42,8193759.0,61.5119,18.5501
655.0,866.0,1.0,6.0,955.0,9.0,981.0,61.0,312.0,53.0,249.0,26.0,702.0,17.0,3.08123e-05,56.82412,26117.46,16295760.0,65.561,36.9633
789.0,389.0,4.0,2.0,236.0,16.0,643.0,12.0,221.0,5.0,387.0,82.0,690.0,48.0,0.0004659033,32.15002,370846.0,12750420.0,137.631,15.2925
207.0,802.0,1.0,1.0,931.0,69.0,631.0,15.0,592.0,44.0,216.0,99.0,247.0,14.0,8.07673e-05,60.27216,40642.28,30874990.0,68.4504,36.2067
726.0,687.0,3.0,1.0,206.0,13.0,610.0,12.0,221.0,42.0,284.0,85.0,952.0,26.0,0.0001140005,36.87712,238315.2,16295760.0,93.9428,34.5384
673.0,818.0,1.0,6.0,942.0,87.0,996.0,56.0,323.0,74.0,243.0,33.0,796.0,17.0,6.204734e-05,60.80199,63244.55,61404200.0,66.5731,26.4831
775.0,856.0,1.0,6.0,996.0,6.0,982.0,55.0,344.0,57.0,209.0,33.0,748.0,13.0,1.982048e-05,55.09485,26117.46,10472090.0,65.9029,22.402
709.0,638.0,2.0,1.0,842.0,90.0,736.0,25.0,741.0,30.0,102.0,37.0,560.0,20.0,0.0003064735,52.9926,153147.4,61404200.0,98.7115,51.7587
739.0,846.0,1.0,6.0,970.0,11.0,977.0,66.0,314.0,61.0,267.0,32.0,751.0,17.0,3.657282e-05,55.08957,40642.28,19841090.0,72.0095,30.2819
463.0,699.0,5.0,4.0,142.0,15.0,145.0,32.0,125.0,14.0,410.0,24.0,958.0,28.0,0.0005940227,15.90094,3383769.0,231377800.0,52.9284,24.1542
503.0,900.0,3.0,2.0,471.0,6.0,789.0,63.0,621.0,64.0,251.0,48.0,882.0,38.0,2.459509e-05,57.15251,10785.12,5265529.0,62.7248,10.7943
561.0,894.0,1.0,5.0,597.0,83.0,890.0,75.0,287.0,87.0,331.0,83.0,401.0,15.0,2.696331e-05,60.62461,26117.46,19841090.0,35.1914,11.1592
734.0,387.0,1.0,1.0,988.0,17.0,954.0,64.0,191.0,71.0,611.0,40.0,797.0,2.0,8.254454e-05,29.96472,1397391.0,30874990.0,53.766,14.3344
221.0,757.0,1.0,1.0,889.0,74.0,631.0,15.0,637.0,34.0,291.0,87.0,190.0,18.0,0.000170793,56.09663,98416.24,48044980.0,80.8397,44.407
682.0,829.0,1.0,6.0,945.0,85.0,966.0,53.0,321.0,56.0,250.0,34.0,796.0,9.0,4.573813e-05,34.57511,577079.0,25358040.0,35.4355,20.0194
379.0,770.0,1.0,1.0,438.0,28.0,885.0,17.0,921.0,70.0,216.0,86.0,591.0,20.0,8.370405e-05,61.67285,40642.28,30874990.0,63.1046,39.1331
718.0,607.0,2.0,1.0,789.0,92.0,831.0,21.0,737.0,42.0,155.0,36.0,903.0,27.0,0.0002594226,50.92893,153147.4,61404200.0,95.6775,52.8143
665.0,903.0,1.0,1.0,841.0,88.0,821.0,31.0,717.0,17.0,543.0,83.0,967.0,81.0,2.414042e-05,61.04048,10785.12,10472090.0,58.5696,14.0709
224.0,798.0,1.0,8.0,182.0,8.0,998.0,16.0,880.0,79.0,112.0,92.0,541.0,33.0,8.020408e-05,51.80006,63244.55,30874990.0,115.413,30.5703
439.0,867.0,1.0,1.0,476.0,83.0,801.0,60.0,618.0,74.0,277.0,49.0,269.0,36.0,5.351152e-05,37.78048,370846.0,25358040.0,55.8486,19.5725
654.0,737.0,1.0,1.0,941.0,58.0,788.0,10.0,611.0,37.0,425.0,93.0,200.0,4.0,7.075207e-05,63.39366,26117.46,30874990.0,57.5082,17.796
359.0,839.0,1.0,2.0,273.0,17.0,527.0,63.0,600.0,42.0,724.0,85.0,500.0,50.0,0.0001299392,61.93778,63244.55,61404200.0,63.3896,22.8842
546.0,853.0,1.0,3.0,548.0,77.0,788.0,63.0,691.0,68.0,389.0,47.0,281.0,38.0,6.503869e-05,34.20545,577079.0,25358040.0,79.3498,41.4177
348.0,843.0,1.0,1.0,372.0,15.0,935.0,9.0,868.0,76.0,148.0,94.0,632.0,32.0,3.245625e-05,49.63831,40642.28,8193759.0,71.0859,33.0592
452.0,937.0,1.0,3.0,590.0,9.0,103.0,19.0,430.0,16.0,538.0,65.0,293.0,62.0,2.765165e-05,60.96091,10785.12,12750420.0,73.5728,27.6223
663.0,870.0,1.0,1.0,945.0,91.0,772.0,27.0,684.0,18.0,505.0,88.0,956.0,77.0,4.313098e-05,62.24311,16783.42,16295760.0,60.7308,16.3553
626.0,927.0,9.0,1.0,198.0,70.0,621.0,65.0,427.0,87.0,543.0,89.0,790.0,17.0,1.354847e-05,27.80513,40642.28,1397392.0,-48.5365,-3.93327
242.0,794.0,1.0,2.0,369.0,47.0,159.0,56.0,186.0,63.0,360.0,49.0,502.0,23.0,0.0003734501,27.19413,8193758.0,148689600.0,62.0809,22.2926
702.0,636.0,1.0,1.0,794.0,88.0,727.0,14.0,646.0,41.0,141.0,37.0,964.0,20.0,0.0001811849,63.82835,63244.55,95551890.0,68.7408,53.429
516.0,854.0,2.0,3.0,494.0,80.0,784.0,64.0,716.0,68.0,412.0,43.0,946.0,40.0,5.785337e-05,65.04526,16783.42,25358040.0,67.2583,37.1631
493.0,887.0,3.0,2.0,599.0,15.0,157.0,31.0,481.0,21.0,585.0,67.0,194.0,71.0,8.95326e-05,52.87868,26117.46,10472090.0,99.1528,34.0565
494.0,800.0,1.0,1.0,411.0,34.0,473.0,45.0,586.0,62.0,349.0,92.0,989.0,87.0,0.0001928967,62.59856,98416.24,95551890.0,65.8207,33.2645
784.0,960.0,1.0,1.0,267.0,3.0,536.0,56.0,918.0,42.0,724.0,84.0,859.0,39.0,6.981503e-06,29.00397,98416.24,2174501.0,21.3031,3.84529
439.0,939.0,2.0,1.0,590.0,13.0,117.0,22.0,612.0,20.0,504.0,63.0,318.0,68.0,2.779457e-05,62.60796,6930.448,6729644.0,72.2488,15.9768
298.0,701.0,4.0,3.0,509.0,54.0,752.0,24.0,679.0,56.0,151.0,69.0,460.0,80.0,0.0003222831,32.75096,370846.0,116340400.0,52.6331,31.3327
865.0,735.0,1.0,1.0,729.0,91.0,828.0,21.0,132.0,43.0,175.0,45.0,544.0,26.0,5.056854e-05,22.63167,1397391.0,16295760.0,80.1756,37.411
726.0,431.0,2.0,1.0,173.0,11.0,627.0,12.0,225.0,43.0,387.0,77.0,690.0,48.0,0.0001703985,17.36239,2174500.0,12750420.0,114.287,17.8697
337.0,670.0,6.0,1.0,544.0,83.0,986.0,71.0,209.0,57.0,153.0,29.0,878.0,14.0,0.0003532678,47.22934,238315.2,39459980.0,92.4168,35.8825
339.0,739.0,8.0,1.0,273.0,81.0,295.0,22.0,358.0,95.0,799.0,95.0,805.0,26.0,0.0002043533,39.9308,238315.2,19841090.0,91.6366,29.503
596.0,593.0,2.0,7.0,727.0,68.0,640.0,57.0,959.0,72.0,719.0,89.0,113.0,71.0,0.0007438566,18.07456,3383769.0,61404200.0,5.81475,5.768
478.0,870.0,1.0,2.0,964.0,30.0,559.0,41.0,492.0,57.0,339.0,79.0,994.0,85.0,5.425225e-05,59.00022,40642.28,25358040.0,67.5923,35.4556
610.0,439.0,4.0,7.0,725.0,23.0,986.0,94.0,637.0,43.0,361.0,5.0,620.0,79.0,0.000303042,2.831378,1397391.0,1147697.0,165.897,0.0
356.0,859.0,5.0,6.0,953.0,83.0,301.0,74.0,391.0,88.0,323.0,87.0,331.0,16.0,0.000111499,24.05527,577079.0,10472090.0,63.7968,18.1228
648.0,751.0,1.0,3.0,935.0,68.0,834.0,10.0,602.0,38.0,363.0,97.0,180.0,4.0,6.333812e-05,62.51457,26117.46,30874990.0,76.0399,37.4136
702.0,634.0,2.0,1.0,797.0,89.0,749.0,21.0,716.0,42.0,100.0,32.0,925.0,24.0,0.0002423565,60.636,63244.55,61404200.0,90.7213,53.6125
290.0,803.0,1.0,4.0,959.0,90.0,963.0,75.0,247.0,27.0,772.0,80.0,391.0,83.0,0.0001490574,24.07235,2174500.0,30874990.0,32.1863,11.9202
472.0,887.0,3.0,3.0,480.0,13.0,115.0,22.0,465.0,17.0,529.0,64.0,293.0,25.0,5.030677e-05,24.36031,238315.2,3383770.0,86.0415,36.0408
491.0,856.0,1.0,1.0,472.0,40.0,570.0,44.0,588.0,59.0,302.0,73.0,998.0,83.0,7.176572e-05,62.24593,40642.28,39459980.0,54.9598,16.8189
337.0,700.0,6.0,1.0,737.0,78.0,998.0,71.0,167.0,30.0,146.0,34.0,942.0,17.0,0.0002819673,22.75069,1397391.0,12750420.0,86.5393,39.2232
658.0,791.0,1.0,3.0,869.0,99.0,870.0,33.0,495.0,14.0,566.0,72.0,651.0,84.0,0.0001693255,45.64759,238315.2,61404200.0,85.4092,16.6684
883.0,771.0,1.0,1.0,757.0,81.0,972.0,21.0,598.0,24.0,181.0,41.0,908.0,25.0,5.967763e-05,62.39495,26117.46,25358040.0,65.0739,20.0032
894.0,735.0,1.0,1.0,720.0,80.0,739.0,15.0,175.0,44.0,191.0,49.0,911.0,26.0,3.64949e-05,26.68316,577079.0,12750420.0,75.3958,32.2455
322.0,784.0,1.0,5.0,533.0,14.0,966.0,64.0,178.0,74.0,610.0,38.0,797.0,11.0,0.0001011891,36.46664,898000.8,39459980.0,65.5895,26.3714
474.0,840.0,1.0,2.0,964.0,30.0,521.0,40.0,492.0,48.0,282.0,85.0,993.0,85.0,9.629709e-05,61.44515,40642.28,39459980.0,78.7611,39.6253
470.0,857.0,4.0,2.0,507.0,85.0,804.0,64.0,617.0,71.0,373.0,49.0,926.0,38.0,5.424556e-05,64.46774,10785.12,12750420.0,66.1079,15.5279
592.0,899.0,1.0,3.0,591.0,6.0,110.0,22.0,154.0,23.0,472.0,48.0,209.0,33.0,3.526949e-05,36.74462,238315.2,12750420.0,81.1432,38.4515
631.0,861.0,1.0,1.0,900.0,85.0,867.0,31.0,708.0,17.0,545.0,81.0,927.0,81.0,5.360862e-05,66.79888,10785.12,19841090.0,62.113,17.8936
692.0,678.0,2.0,1.0,789.0,94.0,829.0,13.0,806.0,43.0,102.0,33.0,878.0,27.0,0.0001594538,55.26726,63244.55,30874990.0,85.4399,57.3958
353.0,833.0,1.0,1.0,371.0,15.0,934.0,20.0,882.0,70.0,171.0,89.0,598.0,23.0,4.08878e-05,60.16391,26117.46,16295760.0,60.3135,20.3676
877.0,798.0,2.0,1.0,812.0,6.0,523.0,65.0,882.0,27.0,390.0,89.0,119.0,80.0,9.861731e-05,21.56101,98416.24,898001.8,86.5039,0.0
494.0,701.0,6.0,4.0,142.0,15.0,843.0,29.0,145.0,15.0,410.0,28.0,958.0,30.0,0.000171508,32.37616,370846.0,231377800.0,63.5656,21.8395
807.0,470.0,2.0,1.0,946.0,78.0,866.0,90.0,184.0,44.0,291.0,39.0,541.0,77.0,0.0001823461,11.45295,3383769.0,8193759.0,119.581,11.559
630.0,854.0,1.0,1.0,903.0,85.0,823.0,27.0,707.0,2.0,520.0,83.0,971.0,81.0,5.824122e-05,12.57773,370846.0,1397392.0,66.5037,19.3495
384.0,876.0,4.0,3.0,447.0,79.0,780.0,68.0,642.0,74.0,358.0,54.0,843.0,36.0,4.23156e-05,63.07636,10785.12,10472090.0,71.2815,22.7971
791.0,677.0,1.0,1.0,790.0,94.0,829.0,21.0,180.0,29.0,186.0,45.0,617.0,26.0,0.000124043,32.4516,1397391.0,48044980.0,85.482,35.7904
522.0,842.0,1.0,1.0,380.0,34.0,526.0,46.0,494.0,59.0,311.0,15.0,990.0,85.0,5.802623e-05,21.57834,1397391.0,16295760.0,51.8127,14.8815
534.0,829.0,5.0,2.0,612.0,83.0,880.0,73.0,414.0,93.0,819.0,90.0,808.0,22.0,7.718875e-05,65.43163,10785.12,12750420.0,58.5309,12.8014
694.0,757.0,1.0,1.0,196.0,16.0,612.0,4.0,185.0,31.0,379.0,89.0,919.0,19.0,3.257919e-05,32.29678,370846.0,10472090.0,76.4117,23.5735
530.0,813.0,1.0,1.0,434.0,15.0,996.0,18.0,884.0,66.0,162.0,93.0,682.0,23.0,4.772007e-05,61.13749,26117.46,19841090.0,62.5485,22.766
522.0,892.0,1.0,2.0,975.0,29.0,564.0,45.0,509.0,56.0,334.0,74.0,997.0,97.0,3.942153e-05,57.8426,26117.46,19841090.0,64.2941,22.5554
518.0,966.0,6.0,4.0,729.0,13.0,448.0,72.0,567.0,94.0,454.0,59.0,613.0,54.0,9.923587e-06,55.2083,2861.474,1397392.0,63.5398,9.50517
601.0,858.0,1.0,5.0,273.0,83.0,886.0,75.0,284.0,94.0,325.0,82.0,401.0,14.0,5.16837e-05,60.09116,63244.55,48044980.0,53.2784,19.2958
733.0,897.0,1.0,1.0,907.0,80.0,822.0,30.0,729.0,18.0,543.0,77.0,927.0,81.0,2.682132e-05,64.08262,10785.12,10472090.0,60.7769,15.1174
624.0,809.0,1.0,3.0,900.0,60.0,883.0,9.0,612.0,34.0,387.0,94.0,235.0,5.0,2.846724e-05,61.6775,16783.42,12750420.0,66.8984,26.3603
664.0,889.0,1.0,1.0,902.0,90.0,823.0,27.0,734.0,18.0,519.0,81.0,993.0,77.0,2.871744e-05,66.4224,6930.448,12750420.0,59.9886,14.8907
605.0,932.0,1.0,3.0,622.0,15.0,117.0,24.0,410.0,22.0,491.0,64.0,220.0,24.0,2.13852e-05,38.70441,153147.4,10472090.0,52.6323,13.0831
543.0,913.0,1.0,3.0,624.0,12.0,113.0,21.0,156.0,14.0,528.0,54.0,201.0,24.0,3.087141e-05,57.24497,26117.46,16295760.0,66.3547,23.8022
484.0,800.0,1.0,1.0,863.0,34.0,428.0,45.0,521.0,63.0,553.0,84.0,989.0,86.0,0.0001827981,46.93715,370846.0,61404200.0,61.245,26.5006
696.0,762.0,2.0,1.0,177.0,5.0,620.0,8.0,241.0,38.0,318.0,73.0,955.0,15.0,4.411367e-05,47.01105,63244.55,10472090.0,75.8187,18.9395
489.0,911.0,1.0,3.0,507.0,4.0,809.0,52.0,542.0,66.0,332.0,52.0,310.0,38.0,2.16816e-05,40.98909,98416.24,8193759.0,74.4859,34.5406
682.0,857.0,1.0,6.0,968.0,7.0,919.0,50.0,351.0,55.0,251.0,34.0,758.0,14.0,2.95899e-05,57.43715,26117.46,12750420.0,63.1466,29.5432
393.0,856.0,4.0,3.0,737.0,85.0,803.0,64.0,599.0,77.0,316.0,48.0,920.0,38.0,5.57023e-05,63.90088,10785.12,12750420.0,84.2466,42.4736
646.0,752.0,1.0,3.0,936.0,61.0,635.0,9.0,540.0,45.0,359.0,91.0,198.0,5.0,6.735203e-05,59.74808,40642.28,30874990.0,79.388,36.6784
706.0,634.0,2.0,1.0,794.0,91.0,717.0,21.0,716.0,42.0,136.0,35.0,893.0,24.0,0.0002483958,63.74635,40642.28,61404200.0,91.2318,52.5223
475.0,676.0,8.0,2.0,210.0,99.0,502.0,32.0,876.0,58.0,456.0,45.0,966.0,67.0,0.0004156882,37.42491,370846.0,360050100.0,34.3171,17.2812
208.0,949.0,1.0,1.0,946.0,64.0,577.0,15.0,610.0,44.0,254.0,76.0,203.0,14.0,5.705747e-06,52.59793,10785.12,2779135.0,60.8364,13.6759
685.0,747.0,1.0,1.0,201.0,11.0,611.0,11.0,219.0,42.0,326.0,74.0,728.0,25.0,6.75965e-05,30.9233,898000.8,25358040.0,77.4986,35.1659
447.0,899.0,2.0,2.0,479.0,82.0,813.0,63.0,591.0,66.0,276.0,49.0,288.0,34.0,3.202657e-05,53.58976,26117.46,12750420.0,71.3284,23.0311
484.0,921.0,1.0,2.0,964.0,27.0,585.0,34.0,478.0,57.0,338.0,82.0,989.0,84.0,1.774688e-05,54.34284,26117.46,10472090.0,60.8432,15.2779
753.0,772.0,2.0,1.0,207.0,74.0,493.0,11.0,218.0,42.0,323.0,86.0,976.0,17.0,5.784209e-05,60.53989,26117.46,25358040.0,60.3622,12.5413
470.0,857.0,4.0,2.0,478.0,84.0,804.0,64.0,620.0,62.0,377.0,53.0,937.0,38.0,5.488614e-05,62.44976,10785.12,12750420.0,66.2232,15.3811
716.0,821.0,2.0,1.0,900.0,94.0,804.0,29.0,777.0,18.0,559.0,82.0,928.0,69.0,9.105005e-05,50.63642,63244.55,16295760.0,75.6351,29.5419
335.0,391.0,4.0,1.0,812.0,14.0,778.0,96.0,609.0,41.0,836.0,12.0,347.0,7.0,0.0006054825,18.06338,2174500.0,12750420.0,96.7763,30.4515
890.0,239.0,3.0,5.0,332.0,49.0,671.0,82.0,611.0,63.0,483.0,47.0,651.0,49.0,9.694375e-05,14.13825,898000.8,2779135.0,80.2601,12.5193
696.0,726.0,2.0,1.0,202.0,16.0,516.0,11.0,221.0,42.0,323.0,87.0,971.0,19.0,9.356548e-05,58.58177,40642.28,25358040.0,77.6218,28.4769
304.0,944.0,1.0,3.0,274.0,12.0,749.0,74.0,595.0,18.0,550.0,89.0,127.0,52.0,3.061335e-05,52.81352,26117.46,10472090.0,81.607,34.0966
598.0,793.0,8.0,2.0,829.0,64.0,492.0,14.0,939.0,16.0,795.0,19.0,639.0,87.0,5.623306e-05,21.7195,98416.24,1147697.0,105.699,53.077
518.0,925.0,1.0,2.0,565.0,15.0,122.0,20.0,156.0,16.0,525.0,50.0,257.0,27.0,2.162722e-05,57.18307,26117.46,12750420.0,54.6388,12.9285
399.0,810.0,1.0,1.0,399.0,15.0,937.0,19.0,882.0,73.0,171.0,89.0,581.0,23.0,5.635115e-05,60.0994,26117.46,19841090.0,63.6814,27.2745
654.0,516.0,1.0,2.0,836.0,89.0,699.0,22.0,167.0,83.0,985.0,72.0,839.0,51.0,0.000224607,13.58,5265528.0,19841090.0,30.7641,9.92094
753.0,694.0,4.0,1.0,248.0,32.0,862.0,63.0,915.0,33.0,536.0,48.0,829.0,44.0,0.0003061908,63.15717,26117.46,39459980.0,104.384,24.2093
348.0,833.0,1.0,1.0,372.0,15.0,935.0,20.0,868.0,76.0,148.0,94.0,610.0,32.0,4.899577e-05,57.86189,26117.46,16295760.0,65.4088,27.901
739.0,829.0,1.0,6.0,506.0,77.0,938.0,64.0,173.0,57.0,193.0,34.0,772.0,18.0,6.168452e-05,59.79858,63244.55,61404200.0,72.01,24.7652
531.0,857.0,3.0,5.0,667.0,68.0,843.0,68.0,289.0,55.0,226.0,95.0,338.0,15.0,5.561934e-05,30.67117,370846.0,10472090.0,107.734,25.0966
264.0,857.0,1.0,1.0,337.0,15.0,935.0,15.0,924.0,73.0,181.0,93.0,611.0,23.0,2.440197e-05,56.84163,16783.42,10472090.0,61.4996,20.5745
543.0,716.0,5.0,1.0,638.0,81.0,895.0,73.0,371.0,92.0,321.0,90.0,358.0,14.0,0.0003235437,59.55504,40642.28,48044980.0,110.814,27.5763
680.0,798.0,1.0,4.0,972.0,12.0,207.0,67.0,215.0,74.0,645.0,44.0,805.0,14.0,9.259585e-05,35.7219,577079.0,30874990.0,60.8071,26.3556
698.0,856.0,1.0,6.0,971.0,11.0,981.0,56.0,318.0,55.0,270.0,33.0,798.0,17.0,3.279836e-05,58.42962,26117.46,16295760.0,65.4613,34.0748
721.0,792.0,1.0,1.0,379.0,76.0,745.0,8.0,271.0,2.0,739.0,28.0,909.0,18.0,3.765422e-05,31.44779,370846.0,10472090.0,57.0131,13.3306
614.0,810.0,1.0,3.0,983.0,63.0,818.0,8.0,606.0,43.0,215.0,95.0,149.0,3.0,2.714672e-05,60.30149,16783.42,12750420.0,65.4898,24.3851
548.0,654.0,1.0,1.0,943.0,84.0,305.0,72.0,499.0,98.0,354.0,14.0,974.0,22.0,0.0007467633,37.75453,3383769.0,181038800.0,31.9554,21.7989
513.0,899.0,4.0,4.0,273.0,76.0,868.0,23.0,306.0,90.0,823.0,85.0,378.0,18.0,1.010822e-05,29.81212,63244.55,1397392.0,78.8679,22.3362
394.0,857.0,3.0,3.0,523.0,83.0,802.0,59.0,590.0,74.0,322.0,49.0,844.0,34.0,5.150235e-05,63.44762,10785.12,16295760.0,77.593,39.717
454.0,900.0,1.0,2.0,748.0,6.0,829.0,63.0,434.0,65.0,255.0,49.0,301.0,36.0,3.002463e-05,44.55002,98416.24,12750420.0,73.4572,25.1916
257.0,840.0,1.0,1.0,372.0,16.0,934.0,15.0,921.0,70.0,155.0,92.0,665.0,22.0,3.039484e-05,59.19088,16783.42,12750420.0,60.5688,19.9549
245.0,881.0,1.0,5.0,565.0,85.0,917.0,69.0,408.0,95.0,797.0,88.0,360.0,22.0,3.372499e-05,40.02316,238315.2,19841090.0,48.46,19.4642
708.0,633.0,2.0,1.0,747.0,50.0,757.0,16.0,765.0,44.0,170.0,16.0,857.0,23.0,0.0001242041,34.86072,577079.0,25358040.0,86.7496,60.8972
322.0,861.0,1.0,1.0,388.0,28.0,985.0,15.0,884.0,66.0,169.0,88.0,658.0,26.0,2.319229e-05,56.80358,16783.42,10472090.0,62.0033,19.9025
660.0,275.0,1.0,6.0,979.0,7.0,999.0,64.0,298.0,74.0,192.0,40.0,788.0,18.0,9.087041e-05,15.07938,2174500.0,8193759.0,120.275,7.29902
379.0,794.0,1.0,1.0,441.0,19.0,963.0,18.0,921.0,70.0,216.0,93.0,605.0,20.0,6.141058e-05,61.35718,26117.46,25358040.0,61.9332,26.6334
696.0,746.0,2.0,1.0,202.0,15.0,557.0,4.0,221.0,41.0,323.0,87.0,963.0,18.0,3.596577e-05,33.31215,153147.4,6729644.0,82.0,26.3146
746.0,736.0,2.0,1.0,440.0,77.0,629.0,22.0,220.0,43.0,352.0,84.0,921.0,22.0,0.0001210356,62.00734,40642.28,39459980.0,71.1987,26.4621
229.0,887.0,1.0,1.0,931.0,66.0,631.0,15.0,601.0,50.0,166.0,90.0,194.0,19.0,2.547474e-05,53.57987,26117.46,10472090.0,69.1722,21.4053
770.0,911.0,1.0,3.0,365.0,20.0,454.0,62.0,586.0,42.0,535.0,85.0,159.0,43.0,4.333932e-05,54.08778,63244.55,19841090.0,73.2081,30.376
726.0,970.0,1.0,2.0,336.0,67.0,415.0,74.0,598.0,14.0,539.0,84.0,114.0,52.0,2.443151e-05,57.81995,16783.42,10472090.0,64.6765,16.3275
393.0,853.0,4.0,3.0,509.0,72.0,774.0,64.0,612.0,68.0,388.0,52.0,916.0,37.0,6.009274e-05,63.95212,10785.12,12750420.0,86.0522,37.8073
368.0,944.0,1.0,3.0,271.0,15.0,385.0,62.0,585.0,14.0,740.0,85.0,161.0,43.0,3.097489e-05,35.65176,153147.4,8193759.0,66.0763,22.5852
493.0,851.0,1.0,1.0,494.0,15.0,133.0,31.0,459.0,24.0,529.0,66.0,240.0,59.0,0.0001634078,57.12341,98416.24,61404200.0,76.0945,32.2866
396.0,856.0,3.0,3.0,752.0,89.0,784.0,64.0,600.0,78.0,316.0,49.0,919.0,38.0,5.662658e-05,63.96682,10785.12,16295760.0,77.8226,41.1607
465.0,870.0,4.0,3.0,507.0,82.0,790.0,64.0,618.0,71.0,376.0,50.0,936.0,40.0,4.417518e-05,64.22903,6930.448,10472090.0,75.7003,33.1884
217.0,886.0,1.0,1.0,932.0,65.0,631.0,15.0,600.0,42.0,188.0,92.0,194.0,15.0,2.336326e-05,56.86661,16783.42,10472090.0,66.5191,17.5172
477.0,864.0,1.0,2.0,816.0,31.0,557.0,41.0,525.0,58.0,565.0,77.0,998.0,85.0,5.443122e-05,42.19899,238315.2,25358040.0,62.632,26.5506
268.0,860.0,1.0,1.0,422.0,12.0,940.0,15.0,922.0,58.0,160.0,88.0,665.0,23.0,2.255988e-05,59.4543,10785.12,8193759.0,62.4617,18.6325
738.0,830.0,2.0,1.0,893.0,76.0,832.0,27.0,537.0,7.0,465.0,85.0,954.0,82.0,8.626233e-05,29.16293,238315.2,5265529.0,81.7919,34.3818
544.0,910.0,1.0,1.0,590.0,15.0,141.0,30.0,148.0,25.0,528.0,66.0,172.0,69.0,4.078943e-05,27.01178,577079.0,12750420.0,75.8466,26.4857
688.0,206.0,1.0,1.0,525.0,71.0,999.0,52.0,325.0,75.0,627.0,41.0,797.0,1.0,0.0004012765,30.24429,5265528.0,116340400.0,-1.32559,-306.045
606.0,859.0,2.0,1.0,903.0,95.0,824.0,17.0,539.0,53.0,465.0,78.0,939.0,80.0,2.858061e-05,32.58929,98416.24,4324649.0,78.0969,26.8273
206.0,799.0,2.0,1.0,379.0,64.0,503.0,58.0,520.0,66.0,346.0,80.0,947.0,86.0,0.000225953,61.23982,63244.55,74763430.0,85.6243,32.1136
726.0,747.0,2.0,1.0,130.0,11.0,621.0,9.0,221.0,45.0,341.0,85.0,693.0,18.0,5.578348e-05,31.18372,370846.0,12750420.0,82.5593,34.1419
528.0,833.0,5.0,1.0,639.0,77.0,886.0,18.0,367.0,85.0,316.0,76.0,340.0,16.0,2.834957e-05,33.55291,63244.55,2779135.0,81.0521,22.6156
650.0,858.0,2.0,1.0,788.0,83.0,854.0,28.0,538.0,49.0,465.0,84.0,969.0,47.0,3.470658e-05,57.55404,16783.42,10472090.0,64.9306,14.4508
493.0,865.0,4.0,3.0,635.0,16.0,113.0,33.0,462.0,17.0,530.0,66.0,176.0,72.0,0.0001773147,56.0095,26117.46,19841090.0,138.433,21.2209
452.0,923.0,1.0,3.0,591.0,11.0,159.0,20.0,156.0,17.0,540.0,65.0,202.0,23.0,2.149439e-05,55.54803,26117.46,12750420.0,65.216,20.7227
466.0,767.0,5.0,5.0,747.0,90.0,807.0,65.0,604.0,20.0,543.0,70.0,883.0,37.0,0.0001994146,19.77378,577079.0,6729644.0,24.5392,10.5541
729.0,693.0,1.0,1.0,797.0,90.0,742.0,14.0,716.0,42.0,117.0,37.0,985.0,25.0,0.0001364752,63.14575,63244.55,61404200.0,65.1359,55.9561
493.0,887.0,4.0,1.0,494.0,14.0,123.0,32.0,459.0,21.0,541.0,65.0,267.0,68.0,9.462343e-05,59.85116,10785.12,10472090.0,86.0627,40.0241
478.0,870.0,1.0,2.0,964.0,30.0,559.0,41.0,492.0,57.0,340.0,80.0,994.0,85.0,5.432875e-05,59.11309,40642.28,25358040.0,67.5216,35.0431
721.0,720.0,2.0,1.0,755.0,89.0,800.0,21.0,759.0,36.0,166.0,20.0,905.0,16.0,0.0001072401,64.86185,26117.46,39459980.0,60.6689,17.5306
697.0,830.0,1.0,2.0,900.0,85.0,823.0,26.0,643.0,24.0,525.0,79.0,943.0,82.0,7.771917e-05,57.17121,40642.28,30874990.0,74.6528,38.1853
713.0,624.0,1.0,1.0,170.0,71.0,206.0,4.0,200.0,1.0,779.0,29.0,940.0,91.0,0.0004570087,32.76843,2174500.0,61404200.0,91.9708,24.7908
754.0,390.0,1.0,1.0,979.0,8.0,939.0,57.0,178.0,74.0,611.0,42.0,796.0,1.0,3.559774e-05,28.62409,577079.0,12750420.0,57.061,12.9777
318.0,824.0,1.0,2.0,273.0,17.0,524.0,63.0,585.0,42.0,723.0,85.0,500.0,49.0,0.0001639323,61.21773,98416.24,95551890.0,66.1708,21.2593
320.0,824.0,1.0,2.0,298.0,17.0,506.0,63.0,605.0,42.0,726.0,85.0,505.0,50.0,0.0001682276,60.79201,98416.24,95551890.0,66.1435,21.2614
752.0,856.0,1.0,6.0,978.0,11.0,982.0,48.0,353.0,58.0,226.0,33.0,795.0,29.0,2.934301e-05,36.59255,238315.2,12750420.0,84.0406,33.3825
786.0,513.0,2.0,3.0,583.0,85.0,616.0,16.0,166.0,80.0,110.0,95.0,557.0,32.0,0.0002254645,28.01853,1397391.0,74763430.0,25.5133,8.41872
544.0,906.0,1.0,2.0,546.0,12.0,113.0,31.0,453.0,21.0,530.0,52.0,218.0,23.0,4.307146e-05,31.33803,370846.0,12750420.0,49.6729,12.5945
606.0,308.0,8.0,4.0,422.0,71.0,141.0,99.0,929.0,14.0,613.0,56.0,758.0,90.0,0.004275649,19.9879,2174500.0,438383300.0,-23.0729,-8.99939
522.0,885.0,1.0,3.0,588.0,13.0,113.0,19.0,255.0,14.0,528.0,27.0,215.0,25.0,4.319297e-05,49.89592,98416.24,25358040.0,75.466,39.0065
695.0,841.0,1.0,1.0,873.0,81.0,854.0,19.0,537.0,51.0,465.0,68.0,914.0,47.0,3.152361e-05,36.5957,238315.2,12750420.0,59.8308,16.806
465.0,439.0,1.0,3.0,813.0,8.0,783.0,95.0,636.0,40.0,529.0,12.0,347.0,1.0,0.0002628987,51.11378,238315.2,61404200.0,72.5532,26.8822
502.0,844.0,1.0,2.0,879.0,41.0,524.0,43.0,541.0,57.0,345.0,84.0,949.0,86.0,9.311213e-05,62.16934,40642.28,48044980.0,72.9175,38.5433
606.0,887.0,1.0,1.0,925.0,70.0,626.0,14.0,594.0,46.0,205.0,95.0,154.0,4.0,1.209089e-05,35.55036,98416.24,5265529.0,36.5892,7.24402
475.0,870.0,1.0,3.0,554.0,88.0,815.0,53.0,617.0,66.0,330.0,50.0,936.0,37.0,3.755975e-05,63.91357,26117.46,25358040.0,41.0045,13.4539
336.0,862.0,1.0,1.0,434.0,13.0,935.0,18.0,923.0,63.0,179.0,89.0,606.0,20.0,2.250884e-05,58.06181,16783.42,10472090.0,57.6133,15.9484
567.0,887.0,4.0,3.0,497.0,8.0,101.0,19.0,459.0,21.0,526.0,23.0,214.0,67.0,3.912296e-05,20.96604,153147.4,1785947.0,102.844,42.9394
353.0,962.0,1.0,2.0,273.0,17.0,527.0,62.0,580.0,45.0,724.0,85.0,500.0,50.0,1.050248e-05,59.76012,10785.12,6729644.0,37.0043,7.6659
452.0,934.0,1.0,2.0,544.0,12.0,159.0,17.0,156.0,19.0,594.0,67.0,202.0,23.0,1.479983e-05,51.87595,26117.46,8193759.0,60.5127,14.6559
647.0,449.0,7.0,2.0,579.0,17.0,587.0,41.0,606.0,45.0,636.0,14.0,896.0,10.0,0.0002230912,26.93727,370846.0,6729644.0,130.806,26.4472
447.0,900.0,1.0,2.0,523.0,6.0,804.0,60.0,443.0,65.0,276.0,44.0,300.0,36.0,2.72327e-05,35.40798,238315.2,10472090.0,71.5891,24.4616
767.0,812.0,1.0,4.0,534.0,72.0,971.0,62.0,173.0,59.0,216.0,38.0,779.0,14.0,6.901652e-05,59.34407,98416.24,48044980.0,54.5134,28.1098
229.0,866.0,1.0,1.0,931.0,64.0,714.0,15.0,605.0,50.0,114.0,90.0,194.0,6.0,1.977254e-05,34.40674,153147.4,8193759.0,47.9804,10.0804
672.0,631.0,8.0,1.0,234.0,18.0,604.0,4.0,259.0,1.0,455.0,87.0,933.0,46.0,0.0003042416,18.82022,153147.4,1147697.0,101.476,35.1994
858.0,677.0,1.0,1.0,791.0,89.0,744.0,21.0,200.0,41.0,167.0,46.0,623.0,17.0,7.467004e-05,31.16433,898000.8,30874990.0,77.5199,42.8387
332.0,846.0,1.0,1.0,661.0,11.0,922.0,19.0,882.0,75.0,108.0,91.0,610.0,32.0,4.036181e-05,57.59556,26117.46,12750420.0,67.1535,25.8504
324.0,804.0,1.0,5.0,587.0,83.0,968.0,69.0,171.0,56.0,643.0,28.0,848.0,18.0,8.435857e-05,29.86115,2174500.0,39459980.0,57.7713,22.5549
721.0,760.0,2.0,1.0,421.0,76.0,749.0,11.0,271.0,40.0,332.0,28.0,946.0,33.0,3.560089e-05,22.48832,577079.0,6729644.0,80.2053,32.6276
691.0,746.0,1.0,1.0,197.0,14.0,612.0,6.0,209.0,40.0,379.0,73.0,919.0,19.0,3.852176e-05,30.3215,577079.0,16295760.0,72.5868,22.8185
241.0,718.0,8.0,4.0,631.0,69.0,295.0,20.0,358.0,60.0,307.0,96.0,799.0,26.0,0.0002633448,29.23831,370846.0,231377800.0,26.2282,7.98449
444.0,268.0,7.0,3.0,399.0,76.0,620.0,38.0,592.0,29.0,471.0,7.0,118.0,60.0,0.001112849,-1.029335,-10.0,-10.0,0.0,0.0
792.0,758.0,2.0,1.0,221.0,13.0,660.0,12.0,198.0,38.0,328.0,84.0,681.0,47.0,5.701747e-05,23.88529,577079.0,6729644.0,91.2638,34.0898
701.0,835.0,2.0,1.0,923.0,82.0,934.0,27.0,646.0,16.0,524.0,79.0,987.0,84.0,7.402357e-05,64.30963,10785.12,12750420.0,79.5993,30.2136
208.0,754.0,1.0,3.0,933.0,64.0,659.0,10.0,592.0,44.0,200.0,87.0,194.0,15.0,0.000120972,45.76311,238315.2,39459980.0,103.737,38.2422
703.0,747.0,2.0,1.0,201.0,6.0,621.0,7.0,221.0,41.0,338.0,85.0,693.0,24.0,4.784636e-05,27.63281,370846.0,6729644.0,87.2907,45.3049
726.0,747.0,1.0,1.0,220.0,76.0,612.0,9.0,201.0,36.0,353.0,30.0,919.0,24.0,3.997188e-05,23.67832,1397391.0,16295760.0,65.4434,21.1595
232.0,886.0,1.0,1.0,883.0,66.0,631.0,15.0,592.0,44.0,165.0,87.0,194.0,16.0,2.396317e-05,55.87163,16783.42,10472090.0,67.3267,18.3107
876.0,694.0,2.0,1.0,319.0,35.0,251.0,65.0,933.0,44.0,626.0,91.0,528.0,42.0,0.000159149,33.9769,370846.0,19841090.0,83.1312,27.1123
368.0,876.0,6.0,6.0,268.0,82.0,845.0,73.0,356.0,94.0,369.0,89.0,338.0,23.0,4.574572e-05,56.5315,10785.12,19841090.0,123.963,21.9258
219.0,298.0,4.0,2.0,643.0,12.0,621.0,39.0,720.0,93.0,602.0,59.0,316.0,40.0,0.0009053298,12.61346,2174500.0,10472090.0,136.999,23.9195
655.0,764.0,1.0,3.0,900.0,66.0,772.0,6.0,566.0,30.0,424.0,97.0,217.0,4.0,4.118414e-05,60.45912,26117.46,19841090.0,73.4249,37.4669
756.0,913.0,1.0,3.0,181.0,32.0,876.0,63.0,914.0,26.0,528.0,87.0,100.0,42.0,4.492133e-05,50.11792,63244.55,16295760.0,80.5657,32.9747
211.0,812.0,1.0,1.0,864.0,30.0,474.0,46.0,521.0,63.0,366.0,12.0,993.0,86.0,9.864648e-05,17.52474,2174500.0,16295760.0,56.0687,19.7149
654.0,830.0,2.0,2.0,882.0,86.0,823.0,28.0,711.0,18.0,527.0,83.0,965.0,84.0,8.655643e-05,66.81649,10785.12,16295760.0,89.5913,39.5595
753.0,917.0,4.0,2.0,333.0,12.0,891.0,69.0,912.0,31.0,557.0,50.0,829.0,44.0,1.809277e-05,39.38916,26117.46,2779135.0,60.6543,9.25922
701.0,854.0,2.0,1.0,878.0,78.0,798.0,26.0,694.0,51.0,486.0,72.0,942.0,47.0,3.66515e-05,56.3202,16783.42,10472090.0,64.9397,15.1514
725.0,745.0,1.0,1.0,202.0,16.0,634.0,14.0,221.0,42.0,328.0,87.0,671.0,24.0,8.676094e-05,35.59086,577079.0,30874990.0,76.0388,31.5768
706.0,634.0,2.0,1.0,794.0,91.0,696.0,21.0,716.0,42.0,167.0,35.0,925.0,24.0,0.0002452634,64.58478,40642.28,61404200.0,89.7746,52.1444
493.0,895.0,2.0,1.0,612.0,15.0,147.0,33.0,465.0,14.0,467.0,66.0,180.0,72.0,0.0001030138,58.87216,26117.46,16295760.0,85.7008,42.6445
717.0,633.0,2.0,1.0,747.0,51.0,756.0,18.0,734.0,44.0,102.0,16.0,914.0,27.0,0.0001533062,37.96665,370846.0,30874990.0,90.7398,60.9435
741.0,423.0,1.0,1.0,641.0,14.0,201.0,64.0,256.0,74.0,647.0,39.0,801.0,12.0,0.000109943,16.98439,3383769.0,16295760.0,79.7882,23.4122
746.0,815.0,2.0,1.0,255.0,83.0,703.0,93.0,547.0,63.0,545.0,45.0,492.0,61.0,0.0001497015,30.70056,1397391.0,30874990.0,74.8898,29.9027
406.0,912.0,1.0,2.0,603.0,15.0,114.0,33.0,448.0,20.0,529.0,16.0,201.0,65.0,4.030065e-05,24.53447,898000.8,10472090.0,72.4492,42.0415
717.0,432.0,2.0,5.0,455.0,78.0,475.0,94.0,603.0,50.0,359.0,89.0,113.0,27.0,0.001411153,30.62439,3383769.0,682174000.0,-18.4392,-6.73681
248.0,858.0,5.0,5.0,924.0,64.0,846.0,73.0,286.0,94.0,321.0,91.0,338.0,27.0,6.56117e-05,53.18695,26117.46,30874990.0,109.912,21.4579
822.0,849.0,2.0,2.0,919.0,99.0,823.0,23.0,537.0,53.0,468.0,68.0,945.0,41.0,3.095035e-05,43.70206,63244.55,8193759.0,71.8299,23.0966
384.0,794.0,1.0,1.0,441.0,15.0,926.0,17.0,916.0,69.0,210.0,87.0,604.0,20.0,6.058105e-05,60.94113,26117.46,25358040.0,63.3626,27.4395
754.0,275.0,1.0,1.0,914.0,7.0,946.0,53.0,162.0,72.0,611.0,36.0,676.0,1.0,3.293534e-05,22.96638,898000.8,10472090.0,68.9229,17.7344
874.0,744.0,1.0,1.0,788.0,88.0,930.0,10.0,637.0,44.0,143.0,36.0,893.0,24.0,3.954784e-05,35.78724,238315.2,12750420.0,69.0506,50.037
332.0,806.0,2.0,1.0,353.0,15.0,935.0,21.0,882.0,76.0,215.0,93.0,610.0,32.0,7.212218e-05,57.48772,26117.46,12750420.0,77.7942,49.3698
770.0,874.0,1.0,6.0,927.0,5.0,982.0,49.0,389.0,52.0,201.0,29.0,699.0,17.0,1.752412e-05,53.73487,26117.46,8193759.0,68.5633,24.6259
509.0,695.0,8.0,1.0,640.0,69.0,312.0,22.0,362.0,60.0,754.0,96.0,805.0,23.0,0.000301339,63.43739,16783.42,25358040.0,103.815,27.899
350.0,412.0,4.0,1.0,812.0,91.0,778.0,99.0,614.0,42.0,849.0,12.0,285.0,4.0,0.001562064,35.66264,2174500.0,95551890.0,77.7455,28.077
446.0,899.0,2.0,2.0,502.0,79.0,813.0,62.0,591.0,65.0,295.0,49.0,288.0,34.0,3.126867e-05,51.4711,40642.28,10472090.0,71.4743,21.1584
551.0,716.0,5.0,1.0,632.0,78.0,889.0,22.0,358.0,93.0,316.0,90.0,804.0,14.0,0.0001120346,60.94355,16783.42,16295760.0,80.7802,31.8346
492.0,875.0,3.0,5.0,588.0,82.0,313.0,72.0,414.0,92.0,818.0,78.0,806.0,21.0,7.056957e-05,27.80729,577079.0,10472090.0,39.083,12.3678
655.0,777.0,1.0,3.0,828.0,66.0,788.0,10.0,612.0,38.0,386.0,97.0,235.0,5.0,4.765764e-05,63.62824,16783.42,25358040.0,69.3877,36.8623
718.0,924.0,1.0,1.0,901.0,87.0,829.0,25.0,636.0,15.0,518.0,83.0,975.0,74.0,1.34492e-05,65.22469,4453.334,5265529.0,61.952,14.6598
672.0,285.0,1.0,6.0,907.0,7.0,946.0,53.0,176.0,52.0,188.0,43.0,778.0,1.0,8.728738e-05,45.82009,153147.4,39459980.0,108.507,22.6894
542.0,931.0,2.0,5.0,288.0,80.0,890.0,75.0,287.0,92.0,325.0,83.0,405.0,21.0,1.34088e-05,56.24609,10785.12,6729644.0,47.576,9.16897
531.0,903.0,1.0,3.0,624.0,21.0,164.0,24.0,283.0,19.0,468.0,64.0,313.0,25.0,3.256983e-05,34.21012,370846.0,12750420.0,57.6083,18.233
476.0,391.0,4.0,1.0,812.0,14.0,757.0,98.0,969.0,42.0,550.0,12.0,347.0,2.0,0.0004335334,45.22173,153147.4,25358040.0,76.5825,25.456
300.0,794.0,1.0,8.0,215.0,15.0,973.0,20.0,881.0,76.0,109.0,96.0,556.0,34.0,9.438456e-05,55.83872,63244.55,74763430.0,110.676,27.2046
703.0,847.0,2.0,1.0,876.0,84.0,816.0,28.0,711.0,15.0,523.0,81.0,987.0,82.0,6.533368e-05,54.67822,26117.46,12750420.0,76.6217,23.9983
654.0,751.0,1.0,2.0,897.0,68.0,835.0,14.0,610.0,38.0,381.0,87.0,217.0,4.0,6.81567e-05,43.85559,238315.2,30874990.0,58.9387,26.9837
674.0,912.0,2.0,9.0,638.0,21.0,540.0,69.0,257.0,21.0,538.0,9.0,203.0,26.0,2.010004e-05,18.362,370846.0,2779135.0,107.606,34.215
332.0,802.0,2.0,1.0,372.0,12.0,935.0,19.0,882.0,75.0,176.0,93.0,610.0,32.0,7.395315e-05,57.07006,26117.46,12750420.0,79.273,52.7358
393.0,854.0,3.0,3.0,509.0,92.0,776.0,64.0,599.0,70.0,293.0,60.0,920.0,38.0,6.005286e-05,46.16074,98416.24,16295760.0,81.134,37.0131
734.0,934.0,1.0,1.0,913.0,90.0,819.0,25.0,714.0,10.0,507.0,83.0,969.0,69.0,1.051749e-05,33.82747,63244.55,2779135.0,60.8251,13.7028
767.0,925.0,1.0,2.0,370.0,68.0,456.0,75.0,609.0,14.0,535.0,47.0,159.0,43.0,4.370374e-05,61.65104,26117.46,25358040.0,59.0311,16.3113
208.0,886.0,1.0,1.0,977.0,64.0,874.0,15.0,588.0,44.0,308.0,76.0,205.0,15.0,1.818939e-05,50.39514,26117.46,6729644.0,68.8459,19.7705
721.0,760.0,2.0,1.0,146.0,76.0,749.0,9.0,279.0,2.0,625.0,28.0,957.0,31.0,8.048456e-05,38.34923,153147.4,12750420.0,78.5916,24.0339
503.0,695.0,8.0,1.0,640.0,67.0,174.0,76.0,364.0,94.0,238.0,98.0,377.0,28.0,0.001184296,17.50537,2174500.0,16295760.0,56.2953,16.4631
322.0,861.0,1.0,1.0,384.0,15.0,935.0,15.0,884.0,66.0,179.0,90.0,663.0,23.0,2.181894e-05,58.43948,16783.42,10472090.0,60.9673,18.2953
647.0,751.0,1.0,3.0,936.0,76.0,834.0,14.0,614.0,38.0,363.0,91.0,180.0,4.0,7.532079e-05,52.30191,98416.24,39459980.0,72.5277,32.7785
791.0,860.0,1.0,1.0,381.0,10.0,505.0,68.0,649.0,41.0,560.0,47.0,810.0,40.0,5.333602e-05,64.29862,26117.46,30874990.0,37.816,7.73828
370.0,692.0,1.0,1.0,365.0,6.0,506.0,58.0,925.0,13.0,557.0,50.0,855.0,43.0,0.0004843033,4.4019,5265528.0,6729644.0,79.8625,25.6998
216.0,881.0,1.0,1.0,915.0,66.0,656.0,26.0,614.0,44.0,196.0,87.0,194.0,19.0,3.62513e-05,59.09641,26117.46,16295760.0,63.1118,17.7227
729.0,911.0,1.0,3.0,274.0,74.0,459.0,68.0,609.0,14.0,528.0,51.0,158.0,37.0,5.47568e-05,56.30127,63244.55,30874990.0,68.5488,27.3167
522.0,842.0,1.0,2.0,380.0,30.0,540.0,46.0,591.0,59.0,311.0,18.0,990.0,85.0,6.062081e-05,24.85753,1397391.0,19841090.0,69.0209,51.5391
505.0,710.0,8.0,1.0,639.0,69.0,290.0,20.0,358.0,95.0,320.0,96.0,796.0,27.0,0.0002739923,61.36164,26117.46,25358040.0,111.966,31.1702
650.0,859.0,2.0,1.0,789.0,83.0,854.0,28.0,537.0,49.0,465.0,69.0,971.0,47.0,3.2818e-05,52.60813,26117.46,10472090.0,64.6639,14.0174
547.0,912.0,1.0,3.0,626.0,15.0,112.0,21.0,190.0,19.0,519.0,65.0,218.0,24.0,3.100879e-05,58.43018,26117.46,16295760.0,62.5694,20.9692
597.0,807.0,1.0,4.0,746.0,68.0,661.0,54.0,602.0,72.0,719.0,59.0,945.0,36.0,0.0001084918,55.45809,153147.4,74763430.0,48.65,17.0297
489.0,844.0,1.0,2.0,472.0,40.0,530.0,40.0,588.0,63.0,344.0,24.0,998.0,83.0,5.463577e-05,26.17577,898000.8,16295760.0,67.4159,51.1112
592.0,869.0,1.0,3.0,588.0,14.0,111.0,19.0,178.0,6.0,532.0,64.0,215.0,20.0,6.325216e-05,19.56043,898000.8,8193759.0,76.7103,35.4806
871.0,360.0,2.0,1.0,850.0,38.0,528.0,85.0,337.0,44.0,729.0,69.0,462.0,54.0,5.439956e-05,5.968939,577079.0,898001.8,93.9514,31.5964
521.0,853.0,5.0,1.0,540.0,83.0,880.0,73.0,411.0,93.0,819.0,90.0,807.0,20.0,5.180098e-05,65.42168,6930.448,12750420.0,10.7881,1.1039
698.0,862.0,1.0,1.0,901.0,91.0,821.0,27.0,724.0,18.0,544.0,84.0,964.0,80.0,4.897603e-05,66.19009,10785.12,19841090.0,61.829,17.6205
730.0,720.0,1.0,1.0,757.0,89.0,800.0,21.0,759.0,36.0,166.0,20.0,905.0,16.0,0.0001059714,64.9915,40642.28,61404200.0,43.3347,13.8717
696.0,776.0,2.0,1.0,193.0,13.0,576.0,13.0,220.0,41.0,323.0,87.0,960.0,17.0,5.630281e-05,59.02036,26117.46,19841090.0,66.6595,14.5599
704.0,676.0,4.0,4.0,244.0,66.0,521.0,70.0,607.0,41.0,647.0,75.0,106.0,44.0,0.0006775112,25.67073,2174500.0,281716800.0,-7.08974,-4.28465
393.0,853.0,4.0,3.0,509.0,75.0,823.0,64.0,612.0,68.0,388.0,49.0,896.0,38.0,5.818673e-05,64.12842,10785.12,12750420.0,87.9191,39.0944
706.0,840.0,2.0,2.0,882.0,99.0,823.0,35.0,537.0,52.0,465.0,67.0,944.0,46.0,5.007077e-05,52.98876,40642.28,16295760.0,72.3544,34.1477
471.0,887.0,3.0,3.0,600.0,10.0,114.0,32.0,442.0,15.0,539.0,66.0,190.0,67.0,0.0001155189,57.93509,16783.42,12750420.0,111.538,23.3256
759.0,842.0,1.0,1.0,956.0,7.0,946.0,56.0,321.0,56.0,252.0,34.0,796.0,1.0,1.799699e-05,10.13927,898000.8,2174501.0,-54.568,-8.49403
322.0,861.0,1.0,1.0,358.0,15.0,909.0,15.0,884.0,69.0,169.0,90.0,661.0,23.0,2.206637e-05,58.39563,16783.42,10472090.0,60.2179,18.0938
682.0,634.0,2.0,1.0,796.0,91.0,724.0,21.0,716.0,42.0,160.0,35.0,973.0,24.0,0.0002456877,63.70279,40642.28,61404200.0,89.2118,51.6257
379.0,855.0,1.0,1.0,441.0,15.0,957.0,14.0,899.0,68.0,215.0,91.0,589.0,22.0,2.400533e-05,56.0129,16783.42,8193759.0,63.5111,21.2239
345.0,875.0,5.0,1.0,238.0,81.0,845.0,21.0,353.0,94.0,323.0,90.0,255.0,28.0,1.991784e-05,25.97562,98416.24,1397392.0,84.1987,28.1383
733.0,581.0,8.0,1.0,427.0,71.0,211.0,7.0,200.0,1.0,763.0,29.0,945.0,92.0,0.0006981714,39.82461,153147.4,16295760.0,127.341,24.3924
452.0,284.0,9.0,8.0,413.0,12.0,485.0,65.0,493.0,19.0,806.0,66.0,897.0,42.0,0.001271529,31.69013,370846.0,438383300.0,633.584,-583.679
624.0,704.0,5.0,3.0,486.0,47.0,752.0,25.0,691.0,46.0,222.0,34.0,468.0,87.0,0.0002016313,25.6233,370846.0,8193759.0,55.2512,34.4928
479.0,694.0,6.0,4.0,142.0,15.0,848.0,29.0,145.0,21.0,406.0,28.0,981.0,64.0,0.0001640659,19.2444,898000.8,10472090.0,48.4053,16.3127
329.0,809.0,1.0,1.0,376.0,29.0,937.0,26.0,881.0,78.0,170.0,89.0,660.0,29.0,6.989915e-05,60.70851,40642.28,30874990.0,59.3507,26.5132
726.0,687.0,3.0,1.0,158.0,13.0,609.0,12.0,221.0,42.0,284.0,85.0,960.0,26.0,0.0001184406,36.97432,238315.2,16295760.0,94.2064,35.7768
565.0,914.0,1.0,3.0,557.0,11.0,113.0,20.0,158.0,8.0,539.0,26.0,183.0,21.0,2.690735e-05,55.83742,26117.46,16295760.0,64.9259,20.9385
514.0,896.0,3.0,5.0,262.0,76.0,872.0,71.0,343.0,88.0,310.0,85.0,372.0,18.0,2.750637e-05,59.58861,10785.12,8193759.0,76.7447,30.8857
490.0,887.0,4.0,3.0,628.0,15.0,113.0,33.0,462.0,14.0,530.0,66.0,166.0,69.0,0.0001290656,58.12976,16783.42,12750420.0,118.755,25.6478
677.0,870.0,2.0,5.0,476.0,18.0,153.0,71.0,153.0,43.0,167.0,89.0,564.0,5.0,8.659887e-05,-3.827112,-10.0,-10.0,-47.8368,-6.35985
269.0,876.0,6.0,5.0,960.0,83.0,846.0,73.0,287.0,48.0,323.0,74.0,338.0,13.0,4.044301e-05,31.44384,98416.24,3383770.0,96.5282,29.1379
654.0,735.0,1.0,2.0,947.0,66.0,653.0,14.0,610.0,43.0,307.0,93.0,217.0,4.0,8.955559e-05,33.07417,577079.0,25358040.0,61.43,34.0373
624.0,843.0,1.0,3.0,988.0,65.0,878.0,9.0,547.0,32.0,362.0,97.0,180.0,4.0,1.732984e-05,60.80785,10785.12,8193759.0,62.2585,17.4104
456.0,857.0,1.0,3.0,738.0,9.0,804.0,64.0,635.0,71.0,526.0,50.0,888.0,7.0,3.818544e-05,17.24469,898000.8,5265529.0,-12.2743,-2.2251
811.0,208.0,6.0,8.0,818.0,39.0,856.0,85.0,830.0,80.0,532.0,98.0,904.0,33.0,0.0001735873,27.98887,238315.2,48044980.0,16.7935,3.76114
344.0,861.0,1.0,1.0,452.0,14.0,909.0,15.0,884.0,69.0,171.0,91.0,666.0,23.0,2.195793e-05,58.86592,16783.42,8193759.0,60.754,18.2375
298.0,559.0,6.0,1.0,218.0,51.0,585.0,85.0,796.0,64.0,678.0,83.0,529.0,28.0,0.001594875,19.00223,5265528.0,48044980.0,22.2273,10.3642
274.0,844.0,7.0,1.0,638.0,78.0,833.0,72.0,286.0,90.0,318.0,75.0,336.0,17.0,7.361285e-05,58.36115,10785.12,10472090.0,68.0024,12.0136
543.0,913.0,1.0,3.0,663.0,13.0,113.0,21.0,156.0,25.0,520.0,54.0,201.0,19.0,2.577421e-05,54.21666,40642.28,16295760.0,58.2724,17.1556
250.0,804.0,1.0,1.0,824.0,66.0,580.0,15.0,536.0,44.0,182.0,91.0,113.0,6.0,7.657136e-05,57.24913,63244.55,30874990.0,67.3563,26.9102
273.0,855.0,6.0,2.0,811.0,65.0,162.0,95.0,297.0,94.0,323.0,89.0,338.0,20.0,0.0002249674,16.91342,1397391.0,6729644.0,85.8524,28.1215
822.0,876.0,5.0,9.0,818.0,15.0,825.0,86.0,830.0,17.0,545.0,98.0,875.0,28.0,2.839164e-05,15.90027,98416.24,473963.5,112.682,22.2714
726.0,748.0,2.0,1.0,201.0,15.0,622.0,9.0,221.0,41.0,291.0,86.0,698.0,24.0,6.377609e-05,32.84977,370846.0,12750420.0,86.5278,42.3994
250.0,872.0,1.0,1.0,889.0,67.0,629.0,14.0,535.0,43.0,184.0,89.0,109.0,19.0,3.905005e-05,49.04539,40642.28,10472090.0,78.4253,52.023
540.0,719.0,5.0,1.0,612.0,83.0,317.0,22.0,394.0,58.0,831.0,75.0,840.0,23.0,0.000231993,62.78788,26117.46,30874990.0,80.6247,29.702
635.0,859.0,2.0,1.0,921.0,98.0,795.0,33.0,537.0,51.0,465.0,82.0,919.0,47.0,3.891694e-05,59.6976,16783.42,12750420.0,60.6455,13.1952
300.0,875.0,4.0,4.0,588.0,88.0,871.0,72.0,412.0,91.0,818.0,89.0,351.0,21.0,4.067635e-05,45.5107,63244.55,8193759.0,91.2843,26.8877
923.0,749.0,1.0,1.0,789.0,95.0,870.0,21.0,755.0,27.0,101.0,35.0,994.0,21.0,5.649023e-05,61.25577,26117.46,19841090.0,62.1931,19.8775
665.0,828.0,1.0,6.0,536.0,75.0,975.0,64.0,173.0,57.0,193.0,34.0,779.0,18.0,6.203971e-05,59.68786,63244.55,61404200.0,72.7783,25.3743
771.0,956.0,1.0,3.0,276.0,67.0,527.0,75.0,609.0,3.0,676.0,43.0,110.0,42.0,3.395395e-05,33.14928,153147.4,5265529.0,68.5316,20.5195
709.0,450.0,2.0,1.0,790.0,92.0,764.0,18.0,708.0,34.0,100.0,37.0,928.0,27.0,0.0005063195,55.21807,153147.4,95551890.0,113.966,49.5092
328.0,843.0,1.0,1.0,372.0,24.0,910.0,19.0,879.0,77.0,147.0,92.0,610.0,29.0,3.911966e-05,58.38147,26117.46,16295760.0,61.5703,22.6346
631.0,752.0,1.0,3.0,931.0,67.0,572.0,7.0,601.0,46.0,359.0,88.0,190.0,9.0,7.389214e-05,43.13988,238315.2,25358040.0,90.3856,42.9732
284.0,809.0,1.0,3.0,599.0,17.0,949.0,16.0,878.0,74.0,386.0,93.0,531.0,25.0,5.156764e-05,44.44767,153147.4,16295760.0,78.0954,46.7026
520.0,899.0,1.0,2.0,685.0,3.0,788.0,62.0,434.0,65.0,229.0,48.0,282.0,42.0,3.19792e-05,36.12626,153147.4,8193759.0,79.508,34.9232
679.0,809.0,1.0,3.0,809.0,60.0,830.0,10.0,543.0,43.0,322.0,96.0,180.0,4.0,3.009902e-05,60.35752,16783.42,16295760.0,65.2426,25.5813
441.0,898.0,2.0,3.0,513.0,82.0,812.0,63.0,591.0,69.0,370.0,47.0,955.0,34.0,2.389106e-05,63.80602,10785.12,12750420.0,37.2833,6.60386
778.0,814.0,1.0,6.0,954.0,11.0,981.0,56.0,309.0,58.0,225.0,34.0,775.0,17.0,3.474973e-05,35.43492,238315.2,12750420.0,87.7727,26.7295
422.0,260.0,1.0,1.0,803.0,9.0,726.0,67.0,894.0,52.0,655.0,93.0,308.0,42.0,0.0006754961,17.64122,3383769.0,19841090.0,93.6991,20.107
518.0,780.0,4.0,5.0,639.0,76.0,869.0,22.0,394.0,88.0,299.0,73.0,331.0,15.0,6.346807e-05,34.43409,153147.4,10472090.0,84.778,22.041
543.0,716.0,5.0,1.0,583.0,82.0,897.0,22.0,362.0,92.0,289.0,90.0,805.0,14.0,0.0001126016,61.89152,16783.42,16295760.0,80.9936,33.1185
528.0,829.0,2.0,5.0,613.0,76.0,317.0,20.0,412.0,90.0,343.0,80.0,757.0,14.0,5.20336e-05,39.00408,238315.2,19841090.0,73.0946,26.5906
909.0,768.0,1.0,1.0,782.0,95.0,889.0,11.0,577.0,41.0,108.0,15.0,896.0,18.0,2.129515e-05,30.63466,238315.2,8193759.0,62.3484,17.9886
553.0,896.0,2.0,5.0,273.0,80.0,890.0,76.0,287.0,88.0,325.0,84.0,401.0,7.0,2.216092e-05,26.03821,370846.0,6729644.0,0.0,0.0
367.0,838.0,1.0,1.0,397.0,14.0,935.0,12.0,809.0,75.0,152.0,91.0,665.0,15.0,2.256242e-05,59.40556,16783.42,10472090.0,57.5769,15.8864
252.0,969.0,1.0,2.0,278.0,59.0,403.0,73.0,913.0,40.0,700.0,49.0,830.0,43.0,9.547213e-06,24.98563,238315.2,4324649.0,-8.42007,-1.45526
806.0,700.0,1.0,1.0,382.0,8.0,539.0,68.0,876.0,10.0,536.0,46.0,829.0,39.0,0.0001728968,54.27241,63244.55,30874990.0,79.343,29.1964
325.0,675.0,6.0,1.0,737.0,16.0,985.0,71.0,178.0,57.0,124.0,24.0,959.0,18.0,0.0003393788,50.05534,63244.55,16295760.0,95.2356,43.0361
709.0,638.0,3.0,1.0,428.0,72.0,620.0,22.0,251.0,3.0,763.0,30.0,940.0,24.0,0.0002635961,27.167,898000.8,19841090.0,86.2563,33.548
916.0,770.0,1.0,1.0,731.0,87.0,898.0,10.0,757.0,26.0,139.0,34.0,906.0,19.0,3.874481e-05,52.24501,40642.28,12750420.0,66.596,20.9957
330.0,279.0,3.0,6.0,746.0,79.0,536.0,22.0,638.0,9.0,186.0,25.0,516.0,27.0,0.002064207,11.74957,8193758.0,560278700.0,-7.62362,-1.93512
841.0,848.0,2.0,2.0,923.0,98.0,823.0,26.0,533.0,54.0,464.0,80.0,945.0,35.0,3.304097e-05,57.66259,16783.42,10472090.0,66.9211,18.3057
779.0,861.0,1.0,1.0,894.0,91.0,882.0,27.0,710.0,18.0,554.0,82.0,986.0,81.0,4.748857e-05,63.68287,16783.42,16295760.0,62.886,17.9118
522.0,877.0,1.0,2.0,484.0,31.0,493.0,45.0,625.0,59.0,343.0,83.0,984.0,84.0,5.414036e-05,63.2529,26117.46,30874990.0,59.3056,25.5059
700.0,735.0,2.0,1.0,188.0,3.0,516.0,9.0,237.0,42.0,356.0,86.0,946.0,19.0,6.196566e-05,36.27927,238315.2,10472090.0,82.4105,29.5104
459.0,873.0,1.0,2.0,485.0,40.0,567.0,36.0,492.0,58.0,255.0,82.0,998.0,84.0,4.912023e-05,60.00026,40642.28,25358040.0,66.8464,34.8879
776.0,828.0,1.0,5.0,969.0,7.0,982.0,53.0,357.0,55.0,216.0,25.0,657.0,17.0,2.369322e-05,28.34525,370846.0,6729644.0,82.006,33.4718
721.0,757.0,2.0,1.0,439.0,68.0,703.0,9.0,237.0,2.0,717.0,22.0,976.0,31.0,7.696378e-05,60.27553,16783.42,16295760.0,75.5679,21.1333
619.0,873.0,1.0,2.0,944.0,32.0,480.0,45.0,585.0,44.0,400.0,82.0,997.0,97.0,6.187922e-05,63.86288,26117.46,30874990.0,65.9317,32.6883
493.0,900.0,1.0,1.0,491.0,12.0,133.0,30.0,152.0,19.0,528.0,52.0,200.0,59.0,5.222886e-05,32.32596,577079.0,19841090.0,72.8592,23.7372
492.0,893.0,1.0,2.0,486.0,31.0,570.0,42.0,576.0,59.0,395.0,79.0,993.0,84.0,3.500834e-05,58.71709,26117.46,19841090.0,57.2893,18.1949
758.0,767.0,1.0,1.0,791.0,86.0,947.0,17.0,721.0,40.0,180.0,19.0,904.0,19.0,4.89727e-05,41.42195,238315.2,25358040.0,49.0952,13.4004
561.0,770.0,1.0,3.0,990.0,63.0,876.0,8.0,608.0,33.0,387.0,85.0,235.0,4.0,3.990713e-05,62.70348,16783.42,19841090.0,70.0028,39.8011
611.0,933.0,7.0,4.0,294.0,73.0,305.0,85.0,132.0,58.0,358.0,86.0,894.0,82.0,3.073901e-05,58.78553,6930.448,4324649.0,75.0664,18.9117
268.0,862.0,1.0,1.0,434.0,15.0,935.0,18.0,911.0,63.0,179.0,93.0,605.0,22.0,2.394365e-05,59.66375,16783.42,10472090.0,59.2187,17.1749
322.0,861.0,1.0,1.0,384.0,12.0,909.0,17.0,884.0,66.0,126.0,91.0,680.0,23.0,2.32297e-05,52.23071,26117.46,10472090.0,58.6385,16.3208
993.0,330.0,6.0,2.0,312.0,46.0,480.0,61.0,411.0,62.0,468.0,18.0,695.0,10.0,8.063043e-06,2.816883,63244.55,51944.42,92.3571,41.9618
633.0,810.0,1.0,4.0,890.0,63.0,656.0,10.0,602.0,43.0,232.0,76.0,149.0,4.0,3.651811e-05,60.32018,26117.46,19841090.0,72.9089,45.7621
393.0,857.0,4.0,3.0,738.0,86.0,804.0,64.0,601.0,78.0,316.0,50.0,920.0,38.0,5.483985e-05,63.9021,10785.12,12750420.0,83.5534,42.2022
347.0,876.0,6.0,6.0,252.0,82.0,845.0,73.0,368.0,94.0,323.0,89.0,338.0,23.0,4.675173e-05,57.49199,10785.12,19841090.0,124.485,22.2593
656.0,785.0,1.0,3.0,937.0,68.0,834.0,14.0,582.0,36.0,343.0,96.0,175.0,5.0,5.753978e-05,61.37284,26117.46,30874990.0,72.5739,36.7625
556.0,925.0,1.0,3.0,553.0,11.0,122.0,20.0,156.0,12.0,543.0,50.0,217.0,27.0,2.295901e-05,57.11408,26117.46,12750420.0,65.263,19.8316
345.0,861.0,1.0,1.0,389.0,2.0,935.0,14.0,909.0,66.0,155.0,94.0,608.0,23.0,2.249281e-05,55.6825,10785.12,6729644.0,70.3326,23.6604
739.0,770.0,1.0,1.0,764.0,83.0,887.0,7.0,746.0,42.0,174.0,36.0,908.0,8.0,2.606154e-05,63.72522,16783.42,16295760.0,42.6419,9.19492
379.0,807.0,1.0,1.0,441.0,15.0,957.0,21.0,882.0,66.0,210.0,88.0,606.0,20.0,5.538024e-05,60.19395,26117.46,25358040.0,60.3907,21.7778
671.0,551.0,9.0,2.0,444.0,79.0,203.0,4.0,445.0,1.0,691.0,23.0,907.0,84.0,0.0009165523,53.69806,40642.28,560278700.0,52.2839,16.1226
726.0,747.0,1.0,1.0,209.0,75.0,624.0,7.0,209.0,36.0,352.0,91.0,919.0,20.0,5.359978e-05,38.95653,370846.0,25358040.0,66.9387,19.8346
699.0,845.0,1.0,1.0,901.0,83.0,822.0,27.0,681.0,18.0,519.0,84.0,939.0,78.0,6.509468e-05,66.27465,16783.42,25358040.0,64.2591,19.8598
771.0,881.0,1.0,6.0,969.0,11.0,982.0,56.0,305.0,51.0,228.0,32.0,667.0,19.0,2.108647e-05,56.27082,26117.46,12750420.0,63.4436,27.0162
558.0,260.0,1.0,1.0,782.0,9.0,692.0,67.0,905.0,52.0,658.0,92.0,324.0,41.0,0.0004044369,17.18267,2174500.0,12750420.0,88.7913,24.1924
888.0,768.0,1.0,1.0,727.0,95.0,848.0,11.0,580.0,41.0,139.0,23.0,890.0,18.0,2.809248e-05,35.08639,238315.2,12750420.0,60.5414,17.1563
495.0,800.0,1.0,1.0,863.0,34.0,491.0,45.0,521.0,63.0,342.0,84.0,990.0,86.0,0.000183438,61.87201,63244.55,74763430.0,69.6388,38.817
711.0,945.0,1.0,4.0,206.0,68.0,467.0,73.0,607.0,39.0,531.0,64.0,101.0,54.0,2.527586e-05,47.03724,98416.24,12750420.0,79.0673,31.0675
446.0,899.0,1.0,2.0,419.0,4.0,800.0,60.0,423.0,63.0,260.0,44.0,305.0,36.0,2.831651e-05,36.35374,238315.2,10472090.0,73.0437,25.1995
730.0,886.0,1.0,1.0,933.0,91.0,822.0,26.0,733.0,17.0,521.0,78.0,971.0,79.0,3.065859e-05,64.98162,6930.448,12750420.0,61.8533,15.5966
665.0,817.0,1.0,5.0,539.0,75.0,975.0,63.0,174.0,47.0,193.0,34.0,788.0,18.0,7.259942e-05,59.24981,98416.24,74763430.0,72.9809,27.587
469.0,870.0,4.0,3.0,555.0,85.0,768.0,64.0,588.0,72.0,367.0,49.0,950.0,39.0,4.431204e-05,64.26297,6930.448,10472090.0,73.5866,28.2242
235.0,389.0,6.0,1.0,634.0,91.0,619.0,33.0,156.0,52.0,908.0,36.0,847.0,18.0,0.0009452954,23.5453,3383769.0,39459980.0,75.2022,20.9183
258.0,820.0,1.0,1.0,578.0,14.0,947.0,16.0,857.0,82.0,108.0,90.0,638.0,30.0,5.213602e-05,56.71185,26117.46,16295760.0,68.0173,31.4818
727.0,688.0,1.0,1.0,212.0,16.0,582.0,9.0,213.0,42.0,347.0,85.0,975.0,16.0,8.691915e-05,41.50035,370846.0,39459980.0,69.3875,25.3125
549.0,913.0,1.0,3.0,624.0,15.0,124.0,20.0,455.0,19.0,467.0,64.0,314.0,62.0,4.003517e-05,59.60477,26117.46,16295760.0,79.2577,36.8412
340.0,846.0,1.0,1.0,320.0,20.0,935.0,14.0,879.0,72.0,148.0,86.0,533.0,32.0,3.777205e-05,52.22295,40642.28,10472090.0,68.6945,30.828
331.0,839.0,1.0,1.0,273.0,17.0,527.0,63.0,585.0,42.0,724.0,82.0,500.0,50.0,0.0001293196,61.73004,63244.55,61404200.0,49.4082,15.7019
217.0,743.0,1.0,2.0,900.0,66.0,580.0,16.0,591.0,38.0,367.0,87.0,200.0,15.0,0.0001769344,55.65046,153147.4,74763430.0,94.4465,28.5088
509.0,739.0,8.0,1.0,640.0,69.0,295.0,22.0,358.0,64.0,754.0,96.0,805.0,23.0,0.0002061053,64.13733,10785.12,19841090.0,87.0076,32.2954
347.0,784.0,1.0,1.0,444.0,19.0,976.0,18.0,879.0,72.0,168.0,93.0,605.0,26.0,8.059838e-05,59.561,40642.28,25358040.0,68.1459,47.587
548.0,913.0,1.0,3.0,633.0,11.0,113.0,23.0,125.0,11.0,528.0,54.0,201.0,25.0,3.389395e-05,54.95224,40642.28,16295760.0,67.502,25.8365
707.0,634.0,2.0,1.0,729.0,91.0,743.0,21.0,180.0,42.0,174.0,36.0,905.0,24.0,0.0001729141,34.48016,898000.8,39459980.0,97.3026,32.9128
481.0,729.0,4.0,3.0,117.0,15.0,111.0,23.0,146.0,13.0,583.0,27.0,963.0,30.0,0.0003998218,20.83275,3383769.0,95551890.0,68.5592,26.7297
274.0,845.0,6.0,2.0,282.0,69.0,173.0,70.0,235.0,94.0,323.0,92.0,329.0,89.0,0.0002647167,36.52109,577079.0,231377800.0,68.2341,12.0612
201.0,384.0,2.0,2.0,396.0,62.0,492.0,59.0,136.0,65.0,345.0,19.0,762.0,86.0,0.002017628,9.203428,19841090.0,116340400.0,90.1726,21.9607
747.0,694.0,1.0,1.0,305.0,6.0,924.0,63.0,915.0,12.0,504.0,50.0,843.0,43.0,0.0002295669,61.97149,40642.28,48044980.0,80.1967,26.6623
698.0,856.0,1.0,2.0,906.0,82.0,889.0,27.0,708.0,18.0,526.0,83.0,971.0,83.0,5.367926e-05,64.21766,16783.42,19841090.0,71.1901,33.7626
274.0,844.0,6.0,1.0,632.0,78.0,833.0,72.0,370.0,90.0,318.0,75.0,340.0,13.0,7.034492e-05,59.12554,16783.42,10472090.0,52.9295,7.16476
393.0,854.0,4.0,3.0,495.0,78.0,663.0,54.0,602.0,71.0,293.0,87.0,382.0,71.0,9.720695e-05,42.99423,98416.24,12750420.0,128.678,34.8552
310.0,839.0,1.0,2.0,273.0,12.0,527.0,63.0,585.0,42.0,724.0,87.0,500.0,50.0,0.0001305428,61.03339,63244.55,61404200.0,65.9242,23.4714
333.0,762.0,3.0,1.0,738.0,68.0,652.0,55.0,606.0,28.0,877.0,59.0,970.0,39.0,0.0002148557,31.18901,898000.8,19841090.0,66.1401,23.2229
722.0,686.0,1.0,3.0,929.0,64.0,824.0,9.0,540.0,39.0,385.0,97.0,272.0,4.0,8.546563e-05,63.53745,40642.28,48044980.0,80.4334,29.6129
331.0,834.0,1.0,1.0,354.0,15.0,947.0,17.0,881.0,69.0,176.0,91.0,551.0,30.0,4.569209e-05,55.41993,40642.28,16295760.0,67.7356,30.1376
573.0,866.0,1.0,2.0,484.0,31.0,496.0,50.0,576.0,59.0,395.0,81.0,998.0,84.0,6.797851e-05,63.54605,40642.28,39459980.0,60.3318,28.7739
473.0,923.0,1.0,1.0,569.0,4.0,809.0,60.0,590.0,71.0,332.0,52.0,310.0,29.0,1.729415e-05,51.58826,26117.46,8193759.0,58.8545,13.051
543.0,913.0,1.0,3.0,624.0,12.0,122.0,21.0,156.0,13.0,530.0,57.0,217.0,24.0,3.006228e-05,57.14725,26117.46,16295760.0,65.0836,22.3384
673.0,818.0,1.0,6.0,974.0,87.0,997.0,55.0,323.0,76.0,234.0,39.0,816.0,16.0,6.073894e-05,61.41819,63244.55,61404200.0,64.1103,26.5295
648.0,927.0,1.0,1.0,903.0,96.0,833.0,27.0,708.0,23.0,519.0,83.0,971.0,77.0,1.284276e-05,58.29361,10785.12,5265529.0,59.055,13.7438
647.0,749.0,1.0,3.0,937.0,68.0,834.0,14.0,602.0,38.0,161.0,91.0,180.0,5.0,8.815442e-05,42.44229,238315.2,30874990.0,85.3678,41.1165
682.0,802.0,2.0,1.0,918.0,99.0,822.0,26.0,529.0,23.0,460.0,69.0,936.0,83.0,0.0001038817,43.39713,153147.4,16295760.0,83.4462,46.718
379.0,858.0,1.0,1.0,452.0,30.0,979.0,24.0,898.0,74.0,196.0,90.0,679.0,25.0,2.819744e-05,61.17861,16783.42,12750420.0,51.9679,14.7836
763.0,856.0,1.0,6.0,996.0,88.0,998.0,60.0,365.0,51.0,250.0,34.0,774.0,12.0,3.326044e-05,38.09667,370846.0,19841090.0,31.6507,13.4652
724.0,617.0,1.0,1.0,445.0,78.0,211.0,5.0,200.0,3.0,763.0,29.0,939.0,96.0,0.0002460094,25.30872,2174500.0,39459980.0,91.9915,24.8985
208.0,383.0,3.0,1.0,637.0,16.0,578.0,7.0,223.0,47.0,346.0,59.0,923.0,91.0,0.0003206688,12.93785,2174500.0,8193759.0,121.261,23.6655
758.0,635.0,1.0,1.0,796.0,86.0,948.0,17.0,722.0,25.0,187.0,35.0,895.0,20.0,0.0001753705,65.27069,40642.28,74763430.0,71.7934,56.0033
531.0,904.0,1.0,3.0,626.0,21.0,159.0,19.0,287.0,19.0,539.0,65.0,216.0,23.0,3.092239e-05,59.54603,26117.46,16295760.0,65.8832,23.916
678.0,686.0,1.0,5.0,536.0,11.0,208.0,65.0,403.0,74.0,647.0,39.0,798.0,12.0,0.0001695895,33.32274,1397391.0,74763430.0,48.3403,11.2232
791.0,680.0,1.0,3.0,356.0,11.0,500.0,57.0,944.0,13.0,582.0,44.0,144.0,43.0,0.0002258027,23.02268,898000.8,12750420.0,115.89,12.192
569.0,519.0,7.0,6.0,492.0,70.0,985.0,31.0,135.0,83.0,940.0,86.0,850.0,71.0,0.0003000176,12.84785,1397391.0,19841090.0,1.48433,1.2212
886.0,806.0,1.0,1.0,875.0,91.0,731.0,21.0,645.0,34.0,171.0,35.0,884.0,22.0,4.108734e-05,63.01949,26117.46,25358040.0,49.9475,12.4227
396.0,794.0,1.0,1.0,450.0,22.0,986.0,26.0,872.0,73.0,181.0,92.0,603.0,26.0,8.260783e-05,61.17505,40642.28,30874990.0,63.3539,35.0666
229.0,878.0,1.0,1.0,889.0,66.0,631.0,15.0,596.0,87.0,198.0,89.0,194.0,26.0,3.133702e-05,46.99542,63244.55,10472090.0,70.3099,33.716
337.0,700.0,7.0,1.0,737.0,78.0,998.0,71.0,167.0,30.0,146.0,24.0,942.0,15.0,0.0002748841,27.38454,898000.8,16295760.0,78.7869,37.2487
705.0,634.0,2.0,1.0,789.0,53.0,826.0,21.0,732.0,42.0,147.0,37.0,925.0,27.0,0.000224863,54.23947,98416.24,48044980.0,92.7267,54.9552
735.0,807.0,6.0,5.0,531.0,81.0,968.0,70.0,174.0,57.0,651.0,40.0,794.0,19.0,7.914523e-05,33.54509,238315.2,10472090.0,93.2505,23.0548
701.0,836.0,2.0,2.0,901.0,86.0,823.0,28.0,715.0,18.0,525.0,83.0,971.0,82.0,7.721919e-05,66.98718,6930.448,16295760.0,87.5164,41.4919
652.0,752.0,1.0,3.0,933.0,61.0,630.0,14.0,540.0,45.0,359.0,96.0,184.0,5.0,9.115968e-05,61.56609,40642.28,48044980.0,78.0259,28.9373
753.0,947.0,2.0,1.0,373.0,29.0,475.0,68.0,606.0,32.0,535.0,49.0,831.0,37.0,1.18422e-05,29.37725,98416.24,2779135.0,3.39688,403.519
264.0,749.0,2.0,1.0,983.0,68.0,822.0,13.0,602.0,92.0,152.0,20.0,113.0,20.0,4.427872e-05,13.16683,577079.0,2174501.0,90.0088,48.3766
767.0,700.0,1.0,1.0,381.0,10.0,506.0,65.0,876.0,12.0,560.0,44.0,799.0,40.0,0.000229303,62.28147,40642.28,48044980.0,76.3064,26.7189
629.0,856.0,1.0,2.0,904.0,85.0,819.0,27.0,730.0,17.0,523.0,83.0,961.0,82.0,5.629264e-05,66.72439,10785.12,19841090.0,70.186,33.0046
695.0,846.0,2.0,1.0,876.0,84.0,846.0,28.0,480.0,17.0,527.0,81.0,987.0,82.0,6.228861e-05,62.17286,10785.12,12750420.0,77.764,25.0323
886.0,767.0,1.0,1.0,788.0,87.0,725.0,10.0,717.0,27.0,140.0,34.0,525.0,24.0,5.23543e-05,38.01054,238315.2,12750420.0,73.919,64.474
565.0,883.0,1.0,3.0,557.0,13.0,113.0,33.0,186.0,8.0,540.0,26.0,252.0,21.0,6.298024e-05,29.29974,898000.8,19841090.0,61.9379,36.3976
610.0,838.0,4.0,4.0,275.0,22.0,296.0,94.0,187.0,43.0,318.0,80.0,180.0,30.0,0.0002435192,53.0312,98416.24,360050100.0,38.7158,14.437
528.0,739.0,5.0,1.0,597.0,83.0,294.0,21.0,413.0,65.0,754.0,83.0,804.0,23.0,0.0001980276,65.26448,16783.42,30874990.0,77.7043,28.8432
508.0,907.0,1.0,2.0,497.0,4.0,804.0,61.0,714.0,68.0,389.0,53.0,311.0,29.0,2.446584e-05,52.84535,40642.28,10472090.0,62.3371,17.3788
698.0,859.0,1.0,1.0,923.0,98.0,795.0,28.0,657.0,51.0,521.0,66.0,970.0,47.0,3.35314e-05,53.23627,63244.55,19841090.0,44.5785,11.027
492.0,891.0,1.0,2.0,964.0,30.0,613.0,43.0,492.0,47.0,339.0,90.0,993.0,88.0,3.783061e-05,61.20889,16783.42,19841090.0,64.2842,21.4143
556.0,457.0,1.0,3.0,885.0,11.0,783.0,97.0,593.0,44.0,529.0,12.0,347.0,2.0,0.0002128738,30.85663,1397391.0,39459980.0,85.0477,22.6931
345.0,763.0,5.0,5.0,252.0,82.0,865.0,21.0,353.0,94.0,323.0,90.0,338.0,22.0,7.523783e-05,27.09139,370846.0,8193759.0,25.1747,12.9464
704.0,715.0,1.0,1.0,816.0,93.0,810.0,21.0,186.0,26.0,186.0,37.0,617.0,11.0,0.0001130721,59.98312,98416.24,74763430.0,53.7637,19.8706
439.0,885.0,3.0,3.0,509.0,84.0,858.0,64.0,589.0,66.0,365.0,48.0,944.0,38.0,3.128522e-05,63.71605,6930.448,10472090.0,60.0175,13.2115
726.0,745.0,2.0,1.0,237.0,16.0,610.0,12.0,221.0,42.0,343.0,87.0,681.0,48.0,7.762195e-05,25.23216,577079.0,10472090.0,93.4787,34.643
649.0,444.0,8.0,6.0,594.0,11.0,985.0,45.0,136.0,45.0,636.0,83.0,863.0,3.0,0.0001708976,56.45067,16783.42,148689600.0,46.0864,18.9895
923.0,749.0,1.0,1.0,789.0,87.0,870.0,21.0,755.0,27.0,118.0,35.0,994.0,21.0,5.456144e-05,60.62421,26117.46,19841090.0,63.4317,21.0117
663.0,913.0,1.0,1.0,949.0,91.0,822.0,27.0,708.0,16.0,517.0,83.0,980.0,77.0,1.805839e-05,60.91381,6930.448,8193759.0,60.1423,14.2157
708.0,747.0,1.0,1.0,197.0,15.0,612.0,5.0,234.0,33.0,379.0,89.0,917.0,19.0,4.20901e-05,34.85167,370846.0,16295760.0,74.591,23.7127
540.0,931.0,1.0,3.0,591.0,8.0,122.0,25.0,156.0,12.0,543.0,50.0,167.0,27.0,2.498837e-05,55.21755,26117.46,12750420.0,68.6149,22.4573
492.0,919.0,1.0,2.0,967.0,29.0,492.0,34.0,556.0,59.0,386.0,69.0,993.0,95.0,2.053055e-05,53.78445,26117.46,10472090.0,59.5655,15.8995
510.0,906.0,2.0,3.0,603.0,13.0,110.0,27.0,226.0,19.0,542.0,65.0,321.0,68.0,5.276559e-05,54.55588,26117.46,12750420.0,93.4402,34.2106
887.0,634.0,1.0,1.0,788.0,88.0,930.0,13.0,637.0,41.0,105.0,33.0,893.0,24.0,6.872086e-05,34.99218,370846.0,16295760.0,75.8407,68.868
393.0,390.0,1.0,4.0,675.0,78.0,625.0,38.0,195.0,82.0,831.0,47.0,376.0,21.0,0.0008760024,15.66725,12750420.0,181038800.0,7.14865,3.31371
273.0,803.0,1.0,4.0,818.0,90.0,985.0,98.0,248.0,94.0,333.0,80.0,376.0,83.0,0.0001570276,21.56631,3383769.0,39459980.0,16.6871,8.2107
393.0,862.0,4.0,2.0,468.0,71.0,858.0,68.0,601.0,68.0,315.0,50.0,920.0,38.0,5.086048e-05,62.71677,10785.12,10472090.0,66.0176,14.5982
232.0,821.0,1.0,1.0,864.0,30.0,427.0,47.0,545.0,62.0,351.0,83.0,635.0,87.0,0.0001818254,56.12991,153147.4,61404200.0,74.3068,40.6691
647.0,751.0,1.0,3.0,930.0,68.0,834.0,14.0,699.0,46.0,354.0,91.0,177.0,1.0,4.364263e-05,21.543,898000.8,8193759.0,24.7942,6.69567
366.0,739.0,5.0,5.0,596.0,84.0,328.0,22.0,414.0,62.0,834.0,74.0,807.0,22.0,0.0001930473,62.38076,26117.46,181038800.0,22.7775,8.93735
446.0,633.0,1.0,3.0,289.0,54.0,492.0,10.0,701.0,17.0,795.0,79.0,459.0,26.0,0.0003391415,43.53328,898000.8,231377800.0,28.2369,13.0415
208.0,808.0,1.0,1.0,946.0,63.0,854.0,8.0,603.0,44.0,365.0,95.0,206.0,15.0,4.612353e-05,38.73275,153147.4,10472090.0,76.3721,48.1648
492.0,892.0,1.0,2.0,964.0,30.0,576.0,43.0,492.0,48.0,339.0,79.0,993.0,88.0,3.748343e-05,60.38947,26117.46,19841090.0,63.3505,20.3206
269.0,858.0,5.0,1.0,922.0,85.0,846.0,73.0,286.0,90.0,323.0,96.0,338.0,16.0,5.880377e-05,59.79312,10785.12,10472090.0,57.5129,9.05928
366.0,830.0,1.0,1.0,398.0,12.0,933.0,13.0,844.0,76.0,147.0,92.0,751.0,21.0,3.006431e-05,58.87375,16783.42,12750420.0,61.4165,19.7832
801.0,610.0,1.0,6.0,546.0,14.0,650.0,93.0,402.0,64.0,189.0,46.0,812.0,26.0,9.334473e-05,27.4515,898000.8,25358040.0,40.2626,6.46383
727.0,634.0,2.0,4.0,747.0,53.0,785.0,24.0,716.0,43.0,169.0,37.0,907.0,27.0,0.0002236317,50.18432,153147.4,360050100.0,60.9516,31.6525
269.0,858.0,6.0,5.0,953.0,83.0,846.0,73.0,287.0,48.0,323.0,73.0,338.0,17.0,6.109988e-05,44.86146,40642.28,12750420.0,129.165,24.5748
711.0,634.0,1.0,1.0,945.0,77.0,778.0,88.0,644.0,42.0,282.0,42.0,560.0,70.0,0.0005117854,33.71446,2174500.0,116340400.0,90.4508,25.5029
714.0,970.0,1.0,2.0,277.0,67.0,416.0,62.0,564.0,14.0,539.0,84.0,114.0,49.0,2.112486e-05,55.92431,16783.42,8193759.0,66.7523,16.9204
754.0,246.0,1.0,1.0,914.0,7.0,955.0,53.0,179.0,72.0,611.0,32.0,694.0,1.0,3.26373e-05,22.4893,898000.8,10472090.0,69.177,17.7193
717.0,853.0,1.0,2.0,900.0,89.0,760.0,28.0,734.0,18.0,591.0,82.0,928.0,77.0,5.887692e-05,67.15542,10785.12,25358040.0,66.8644,28.6405
721.0,635.0,1.0,1.0,746.0,53.0,747.0,21.0,778.0,45.0,167.0,38.0,929.0,27.0,0.0002215944,52.69553,238315.2,74763430.0,75.1835,54.506
696.0,768.0,2.0,1.0,440.0,70.0,617.0,7.0,233.0,38.0,720.0,28.0,950.0,16.0,2.157249e-05,20.5474,370846.0,4324649.0,63.5984,13.147
680.0,829.0,1.0,6.0,991.0,87.0,954.0,50.0,418.0,56.0,254.0,38.0,759.0,14.0,4.945544e-05,51.27496,153147.4,39459980.0,57.5617,29.7552
679.0,829.0,1.0,6.0,957.0,87.0,979.0,50.0,321.0,73.0,607.0,34.0,824.0,19.0,4.224124e-05,30.86671,898000.8,19841090.0,56.2344,23.9873
751.0,219.0,1.0,5.0,495.0,2.0,999.0,63.0,237.0,54.0,227.0,43.0,808.0,1.0,2.863774e-05,32.31063,238315.2,8193759.0,94.419,26.7298
582.0,641.0,9.0,6.0,523.0,58.0,516.0,93.0,444.0,20.0,141.0,15.0,162.0,30.0,0.001216373,40.20261,370846.0,2111192000.0,-6.33511,-8.69579
693.0,634.0,2.0,1.0,747.0,53.0,787.0,18.0,710.0,43.0,116.0,37.0,923.0,72.0,0.0002472172,35.5944,577079.0,25358040.0,103.904,0.0
753.0,662.0,2.0,1.0,243.0,32.0,862.0,63.0,915.0,31.0,536.0,50.0,835.0,44.0,0.0003656382,58.61283,98416.24,95551890.0,93.9095,17.4486
528.0,739.0,5.0,1.0,613.0,81.0,317.0,25.0,328.0,66.0,831.0,83.0,807.0,22.0,0.0002086775,62.78196,26117.46,30874990.0,73.3568,27.212
700.0,632.0,1.0,1.0,796.0,88.0,742.0,21.0,814.0,42.0,167.0,34.0,865.0,24.0,0.0002527625,64.82909,98416.24,116340400.0,70.6117,52.405
393.0,854.0,4.0,3.0,509.0,88.0,804.0,64.0,600.0,71.0,297.0,48.0,920.0,38.0,5.821314e-05,63.02427,10785.12,12750420.0,86.862,40.3957
612.0,925.0,6.0,6.0,225.0,72.0,544.0,85.0,132.0,58.0,997.0,5.0,870.0,82.0,1.67803e-05,-4.926317,-10.0,-10.0,67.497,14.6255
617.0,785.0,1.0,3.0,981.0,75.0,802.0,9.0,606.0,36.0,186.0,99.0,156.0,4.0,4.770874e-05,55.95064,40642.28,19841090.0,74.5368,46.8284
556.0,896.0,2.0,5.0,927.0,80.0,910.0,73.0,287.0,88.0,325.0,90.0,368.0,20.0,2.753092e-05,58.08766,16783.42,12750420.0,70.8754,30.0488
731.0,913.0,1.0,3.0,335.0,62.0,829.0,74.0,609.0,30.0,536.0,80.0,128.0,52.0,4.257512e-05,50.95458,63244.55,19841090.0,80.262,29.126
539.0,800.0,1.0,1.0,376.0,33.0,530.0,40.0,533.0,59.0,550.0,13.0,990.0,83.0,8.523545e-05,15.80168,2174500.0,12750420.0,48.8361,17.877
515.0,883.0,6.0,1.0,275.0,86.0,884.0,22.0,412.0,98.0,753.0,96.0,805.0,15.0,1.188641e-05,51.29685,6930.448,2174501.0,49.5406,5.81855
796.0,682.0,1.0,1.0,975.0,91.0,858.0,11.0,191.0,39.0,195.0,38.0,558.0,52.0,5.619683e-05,15.80048,1397391.0,8193759.0,90.609,0.0
558.0,913.0,1.0,1.0,970.0,28.0,495.0,29.0,579.0,59.0,334.0,82.0,993.0,84.0,2.077337e-05,55.67591,26117.46,10472090.0,57.3976,13.6379
396.0,746.0,1.0,1.0,482.0,28.0,984.0,26.0,875.0,76.0,184.0,91.0,604.0,26.0,0.000143587,61.57356,63244.55,48044980.0,69.1756,47.9914
544.0,932.0,1.0,3.0,597.0,15.0,105.0,32.0,148.0,21.0,529.0,60.0,174.0,27.0,2.921591e-05,56.02022,40642.28,16295760.0,57.6635,17.4533
503.0,851.0,1.0,2.0,763.0,5.0,854.0,59.0,433.0,66.0,260.0,49.0,294.0,36.0,6.09148e-05,29.08537,577079.0,12750420.0,85.6707,44.205
710.0,790.0,2.0,1.0,793.0,89.0,800.0,21.0,759.0,42.0,166.0,36.0,878.0,19.0,5.832357e-05,60.14061,26117.46,19841090.0,55.5125,11.7442
654.0,685.0,1.0,2.0,905.0,64.0,823.0,9.0,540.0,36.0,369.0,96.0,230.0,4.0,9.957976e-05,63.19802,40642.28,48044980.0,75.6947,34.6609
718.0,631.0,2.0,1.0,781.0,92.0,831.0,20.0,741.0,41.0,102.0,37.0,890.0,27.0,0.000251319,61.94084,40642.28,61404200.0,93.5941,53.854
466.0,866.0,1.0,2.0,963.0,34.0,555.0,43.0,492.0,60.0,303.0,22.0,953.0,80.0,3.837495e-05,25.33268,898000.8,10472090.0,65.2595,52.8551
493.0,711.0,5.0,4.0,156.0,15.0,914.0,22.0,145.0,20.0,410.0,28.0,970.0,23.0,0.0001028623,29.02762,370846.0,16295760.0,93.655,24.0168
612.0,785.0,1.0,3.0,944.0,65.0,834.0,15.0,582.0,43.0,427.0,96.0,180.0,5.0,5.575703e-05,62.20122,26117.46,30874990.0,68.8787,33.264
709.0,638.0,3.0,1.0,430.0,72.0,582.0,11.0,240.0,2.0,763.0,30.0,933.0,30.0,0.0002448872,43.08708,238315.2,25358040.0,92.1446,33.8968
618.0,752.0,1.0,3.0,931.0,67.0,572.0,7.0,602.0,46.0,359.0,88.0,198.0,5.0,6.224418e-05,58.49604,40642.28,30874990.0,78.7515,41.3516
470.0,857.0,3.0,2.0,507.0,85.0,828.0,64.0,603.0,71.0,371.0,49.0,926.0,38.0,5.31512e-05,64.2585,10785.12,16295760.0,61.3248,14.7705
353.0,854.0,1.0,1.0,399.0,15.0,937.0,17.0,882.0,70.0,170.0,89.0,627.0,21.0,2.516856e-05,59.84582,16783.42,10472090.0,58.4595,17.2307
791.0,908.0,1.0,2.0,447.0,69.0,458.0,68.0,609.0,36.0,482.0,47.0,159.0,39.0,4.206343e-05,54.24932,63244.55,25358040.0,59.5555,21.8216
528.0,739.0,2.0,1.0,281.0,67.0,860.0,76.0,363.0,68.0,757.0,83.0,804.0,22.0,0.0002506632,54.73188,238315.2,74763430.0,45.6436,15.3896
467.0,864.0,1.0,2.0,887.0,28.0,523.0,47.0,531.0,58.0,405.0,16.0,994.0,85.0,4.044088e-05,20.80659,898000.8,8193759.0,61.2551,35.7928
294.0,853.0,3.0,1.0,493.0,64.0,622.0,64.0,600.0,73.0,382.0,63.0,380.0,67.0,8.985962e-05,32.76319,370846.0,12750420.0,85.5275,48.159
629.0,861.0,1.0,1.0,905.0,94.0,867.0,31.0,708.0,19.0,546.0,83.0,927.0,81.0,5.291126e-05,65.84353,16783.42,19841090.0,60.9183,17.6239
646.0,638.0,2.0,1.0,200.0,72.0,597.0,9.0,194.0,39.0,802.0,73.0,926.0,30.0,0.0001058961,24.32353,1397391.0,19841090.0,89.6286,25.5431
648.0,870.0,1.0,1.0,903.0,96.0,846.0,29.0,731.0,18.0,534.0,83.0,974.0,77.0,4.236272e-05,64.90704,10785.12,16295760.0,59.3712,15.7167
676.0,913.0,1.0,4.0,206.0,68.0,504.0,73.0,603.0,13.0,537.0,80.0,102.0,61.0,8.777696e-05,54.02321,63244.55,39459980.0,97.906,20.1495
768.0,440.0,3.0,1.0,241.0,14.0,611.0,12.0,166.0,1.0,312.0,81.0,716.0,48.0,0.001046636,26.41406,577079.0,10472090.0,109.113,22.8437
709.0,638.0,3.0,1.0,430.0,72.0,578.0,9.0,240.0,2.0,763.0,30.0,933.0,30.0,0.0002302612,63.21927,26117.46,30874990.0,91.8578,34.6343
447.0,868.0,4.0,3.0,556.0,90.0,812.0,63.0,722.0,66.0,368.0,50.0,936.0,38.0,4.4583e-05,63.78458,6930.448,10472090.0,74.3715,32.2266
621.0,859.0,1.0,1.0,919.0,95.0,924.0,22.0,537.0,53.0,449.0,69.0,944.0,47.0,2.691536e-05,41.51211,153147.4,12750420.0,55.7367,14.0295
509.0,711.0,8.0,1.0,648.0,68.0,295.0,22.0,378.0,60.0,737.0,94.0,805.0,22.0,0.000267893,52.58444,63244.55,19841090.0,96.2447,29.9531
365.0,784.0,1.0,1.0,404.0,13.0,976.0,20.0,882.0,74.0,168.0,93.0,606.0,21.0,7.458368e-05,60.23488,40642.28,25358040.0,64.8139,32.5866
479.0,847.0,1.0,2.0,374.0,28.0,521.0,47.0,584.0,59.0,549.0,18.0,967.0,84.0,5.383392e-05,19.94064,1397391.0,12750420.0,59.3837,41.3452
741.0,375.0,1.0,1.0,641.0,13.0,977.0,29.0,108.0,74.0,611.0,38.0,797.0,13.0,6.992197e-05,6.590439,3383769.0,5265529.0,86.8949,26.5617
799.0,676.0,1.0,1.0,952.0,92.0,830.0,21.0,740.0,41.0,176.0,36.0,544.0,48.0,0.0001366831,31.32837,898000.8,30874990.0,82.3114,58.1948
492.0,887.0,1.0,2.0,958.0,41.0,564.0,43.0,489.0,44.0,372.0,92.0,993.0,87.0,4.238554e-05,63.01132,16783.42,19841090.0,61.44,20.469
325.0,796.0,1.0,1.0,441.0,15.0,924.0,18.0,916.0,70.0,217.0,89.0,604.0,20.0,6.081868e-05,60.88507,26117.46,25358040.0,62.4867,26.368
549.0,913.0,1.0,3.0,624.0,14.0,122.0,20.0,457.0,10.0,467.0,64.0,316.0,62.0,4.38143e-05,36.50816,238315.2,10472090.0,80.4032,36.2541
484.0,873.0,1.0,2.0,918.0,31.0,473.0,45.0,625.0,59.0,396.0,82.0,993.0,84.0,5.863099e-05,63.3749,26117.46,30874990.0,60.2885,26.6155
748.0,947.0,1.0,4.0,336.0,67.0,400.0,59.0,573.0,42.0,523.0,63.0,132.0,44.0,2.03136e-05,50.75651,40642.28,12750420.0,67.9931,28.0888
671.0,818.0,1.0,6.0,492.0,83.0,997.0,62.0,236.0,57.0,213.0,33.0,809.0,17.0,6.788695e-05,60.2451,63244.55,74763430.0,70.8694,23.4241
698.0,873.0,1.0,1.0,901.0,91.0,816.0,27.0,724.0,18.0,475.0,84.0,969.0,76.0,3.948183e-05,62.31607,16783.42,16295760.0,61.3046,16.1231
528.0,830.0,5.0,6.0,613.0,83.0,321.0,25.0,397.0,90.0,831.0,83.0,785.0,15.0,5.998593e-05,65.64111,6930.448,25358040.0,96.7614,21.9077
314.0,839.0,1.0,2.0,272.0,17.0,541.0,72.0,585.0,42.0,727.0,85.0,500.0,50.0,0.0001401874,58.44428,98416.24,74763430.0,62.1808,21.9859
888.0,762.0,1.0,1.0,794.0,88.0,907.0,9.0,592.0,42.0,140.0,35.0,893.0,23.0,3.189347e-05,35.41467,238315.2,10472090.0,69.1212,27.7311
766.0,794.0,1.0,1.0,921.0,15.0,730.0,60.0,449.0,76.0,123.0,14.0,556.0,1.0,3.839513e-05,23.06922,898000.8,16295760.0,-54.3243,-8.44628
528.0,739.0,4.0,1.0,597.0,83.0,295.0,13.0,415.0,66.0,754.0,83.0,804.0,19.0,0.0001291209,48.44352,98416.24,25358040.0,70.0345,22.3481
261.0,916.0,5.0,5.0,947.0,78.0,878.0,72.0,287.0,94.0,323.0,91.0,338.0,15.0,1.800011e-05,59.11267,4453.334,3383770.0,67.1248,13.9482
614.0,883.0,1.0,3.0,557.0,13.0,113.0,20.0,186.0,8.0,540.0,26.0,229.0,31.0,4.929742e-05,53.2175,63244.55,25358040.0,80.1096,38.3136
522.0,842.0,1.0,2.0,380.0,30.0,526.0,46.0,531.0,59.0,311.0,18.0,990.0,85.0,6.091342e-05,24.05897,1397391.0,19841090.0,69.7541,50.314
369.0,679.0,8.0,5.0,746.0,79.0,986.0,71.0,179.0,57.0,636.0,25.0,973.0,13.0,0.000296824,33.90955,370846.0,181038800.0,43.7861,18.622
764.0,956.0,1.0,3.0,296.0,67.0,527.0,75.0,609.0,15.0,697.0,43.0,110.0,42.0,1.927375e-05,52.41918,40642.28,10472090.0,66.1555,19.2018
864.0,743.0,1.0,1.0,789.0,91.0,932.0,21.0,715.0,27.0,101.0,36.0,984.0,26.0,8.212982e-05,61.56819,40642.28,30874990.0,63.1753,26.3479
771.0,957.0,1.0,2.0,238.0,68.0,385.0,59.0,604.0,14.0,550.0,45.0,139.0,58.0,2.169098e-05,54.29432,26117.46,10472090.0,66.0138,16.9903
557.0,913.0,1.0,2.0,579.0,14.0,115.0,20.0,187.0,17.0,508.0,65.0,201.0,24.0,3.023098e-05,58.00224,26117.46,16295760.0,60.506,16.2696
633.0,736.0,1.0,3.0,926.0,63.0,824.0,15.0,638.0,38.0,150.0,88.0,198.0,10.0,0.0001475833,60.93607,63244.55,61404200.0,103.134,40.6613
502.0,844.0,1.0,2.0,487.0,40.0,515.0,48.0,522.0,58.0,343.0,28.0,999.0,83.0,6.967247e-05,30.06827,898000.8,25358040.0,68.0926,45.9042
705.0,649.0,2.0,1.0,752.0,86.0,948.0,29.0,759.0,25.0,185.0,19.0,866.0,21.0,0.0002217439,64.32749,40642.28,61404200.0,83.6176,56.0784
339.0,446.0,1.0,3.0,772.0,78.0,663.0,54.0,602.0,71.0,278.0,87.0,382.0,71.0,0.002226231,32.89798,8193758.0,1061540000.0,-2.29934,626.564
284.0,809.0,1.0,3.0,599.0,17.0,949.0,16.0,878.0,72.0,386.0,93.0,531.0,25.0,5.216285e-05,45.3724,98416.24,16295760.0,78.286,46.6519
541.0,864.0,1.0,2.0,523.0,13.0,113.0,20.0,156.0,12.0,532.0,26.0,238.0,20.0,6.092201e-05,53.81305,98416.24,30874990.0,64.8528,27.6908
624.0,836.0,1.0,3.0,994.0,66.0,879.0,9.0,602.0,33.0,362.0,97.0,180.0,4.0,1.951126e-05,61.58623,10785.12,10472090.0,62.5927,18.1895
531.0,913.0,1.0,3.0,626.0,15.0,112.0,19.0,187.0,19.0,537.0,65.0,220.0,24.0,2.853485e-05,57.97613,26117.46,16295760.0,62.9909,20.5689
261.0,858.0,5.0,5.0,947.0,78.0,878.0,73.0,287.0,94.0,323.0,91.0,338.0,15.0,5.593215e-05,59.66295,10785.12,16295760.0,118.774,25.2828
888.0,768.0,1.0,1.0,732.0,92.0,887.0,9.0,580.0,41.0,121.0,21.0,911.0,18.0,2.431778e-05,33.71557,238315.2,10472090.0,63.269,18.3717
475.0,870.0,4.0,3.0,554.0,90.0,815.0,63.0,618.0,66.0,358.0,50.0,936.0,37.0,4.218315e-05,64.2494,6930.448,10472090.0,72.4792,24.1923
632.0,916.0,1.0,1.0,926.0,66.0,827.0,16.0,606.0,43.0,170.0,88.0,106.0,18.0,1.826227e-05,47.26325,26117.46,4324649.0,75.7239,26.1529
654.0,737.0,1.0,2.0,999.0,66.0,787.0,8.0,581.0,42.0,380.0,95.0,209.0,4.0,6.071438e-05,60.59619,40642.28,25358040.0,68.3296,40.0876
752.0,856.0,1.0,6.0,978.0,11.0,982.0,56.0,318.0,58.0,226.0,33.0,795.0,17.0,2.897595e-05,57.56705,26117.46,16295760.0,66.157,32.7887
886.0,735.0,1.0,1.0,762.0,91.0,708.0,15.0,175.0,44.0,180.0,44.0,540.0,27.0,3.942164e-05,21.68609,898000.8,10472090.0,80.9859,59.1566
909.0,775.0,1.0,1.0,794.0,89.0,727.0,20.0,778.0,42.0,129.0,30.0,916.0,24.0,4.480437e-05,44.01449,153147.4,19841090.0,57.1445,19.1555
896.0,840.0,2.0,2.0,883.0,99.0,823.0,35.0,537.0,54.0,465.0,71.0,944.0,48.0,3.723906e-05,39.64319,98416.24,8193759.0,74.6565,37.5965
718.0,275.0,1.0,1.0,917.0,75.0,946.0,53.0,176.0,72.0,611.0,35.0,769.0,1.0,0.0002666286,50.06271,577079.0,95551890.0,7.82603,2.04058
395.0,859.0,1.0,2.0,477.0,4.0,828.0,62.0,436.0,38.0,309.0,51.0,334.0,38.0,6.960399e-05,51.672,63244.55,19841090.0,84.0441,38.4727
707.0,913.0,1.0,4.0,206.0,68.0,522.0,73.0,603.0,14.0,537.0,80.0,102.0,51.0,7.892659e-05,54.6652,63244.55,30874990.0,93.9174,20.44
332.0,791.0,1.0,1.0,344.0,15.0,978.0,26.0,906.0,75.0,148.0,91.0,652.0,32.0,9.354557e-05,59.68644,40642.28,30874990.0,66.8467,46.1829
232.0,339.0,4.0,1.0,639.0,10.0,571.0,32.0,113.0,8.0,580.0,79.0,692.0,48.0,0.001305982,23.19591,1397391.0,19841090.0,120.578,26.6338
680.0,761.0,2.0,1.0,188.0,6.0,620.0,9.0,237.0,41.0,311.0,86.0,946.0,17.0,5.24001e-05,53.25667,40642.28,12750420.0,76.8452,20.6946
778.0,813.0,1.0,6.0,968.0,7.0,982.0,56.0,305.0,51.0,227.0,32.0,657.0,17.0,2.696331e-05,28.53566,370846.0,8193759.0,91.8637,27.6233
753.0,967.0,3.0,1.0,307.0,59.0,415.0,67.0,914.0,30.0,503.0,49.0,772.0,43.0,8.447119e-06,26.24714,63244.55,1147697.0,3.25256,335.275
329.0,687.0,1.0,2.0,273.0,17.0,527.0,63.0,585.0,34.0,538.0,85.0,823.0,43.0,0.0005927645,14.3349,8193758.0,30874990.0,35.3204,12.1855
515.0,857.0,3.0,5.0,284.0,80.0,838.0,72.0,287.0,93.0,239.0,89.0,393.0,15.0,5.559216e-05,49.10972,63244.55,25358040.0,102.237,23.9017
676.0,798.0,1.0,8.0,529.0,17.0,436.0,40.0,837.0,64.0,639.0,45.0,817.0,25.0,0.0001121864,65.0404,40642.28,116340400.0,31.9225,11.146
664.0,901.0,1.0,1.0,903.0,91.0,821.0,26.0,735.0,17.0,522.0,82.0,980.0,74.0,2.215051e-05,64.15952,6930.448,10472090.0,59.8933,14.4593
890.0,635.0,1.0,1.0,797.0,87.0,744.0,14.0,716.0,41.0,179.0,35.0,872.0,25.0,6.327978e-05,33.32927,370846.0,16295760.0,73.4058,66.4144
895.0,695.0,1.0,1.0,788.0,88.0,922.0,9.0,633.0,40.0,143.0,33.0,983.0,22.0,3.883656e-05,33.81081,238315.2,10472090.0,72.1881,64.4255
525.0,900.0,1.0,2.0,509.0,6.0,828.0,62.0,585.0,38.0,251.0,51.0,334.0,36.0,3.3827e-05,58.55326,26117.46,12750420.0,70.6921,22.7597
718.0,684.0,2.0,1.0,773.0,94.0,828.0,21.0,710.0,43.0,103.0,34.0,895.0,27.0,0.0001832585,61.95257,40642.28,48044980.0,85.1468,55.3295
530.0,717.0,6.0,1.0,632.0,83.0,295.0,22.0,320.0,99.0,791.0,96.0,805.0,16.0,0.0002282254,63.57856,26117.46,30874990.0,71.8151,26.8496
491.0,882.0,1.0,2.0,386.0,28.0,513.0,47.0,523.0,58.0,307.0,18.0,946.0,85.0,3.196409e-05,23.82751,898000.8,10472090.0,58.6216,21.544
658.0,752.0,1.0,3.0,993.0,66.0,835.0,9.0,582.0,37.0,309.0,97.0,179.0,4.0,6.062739e-05,61.8867,26117.46,25358040.0,78.2279,41.0353
885.0,723.0,1.0,1.0,788.0,90.0,724.0,21.0,751.0,33.0,171.0,36.0,975.0,25.0,7.877406e-05,47.7659,153147.4,30874990.0,63.2206,59.0422
536.0,716.0,5.0,1.0,644.0,81.0,854.0,22.0,362.0,92.0,759.0,90.0,805.0,23.0,9.696916e-05,30.97413,370846.0,10472090.0,87.1797,35.1881
367.0,838.0,1.0,1.0,418.0,14.0,994.0,13.0,879.0,74.0,149.0,92.0,595.0,21.0,2.973348e-05,56.43526,26117.46,10472090.0,64.7294,23.2662
670.0,799.0,1.0,2.0,954.0,99.0,986.0,33.0,729.0,54.0,505.0,83.0,559.0,83.0,8.908989e-05,30.31433,577079.0,16295760.0,82.7118,43.7
351.0,832.0,1.0,2.0,368.0,12.0,935.0,12.0,800.0,71.0,147.0,90.0,637.0,31.0,3.983238e-05,52.47862,40642.28,10472090.0,74.5639,54.1539
239.0,634.0,2.0,1.0,790.0,53.0,743.0,23.0,710.0,43.0,103.0,17.0,903.0,27.0,0.0003080291,54.84811,153147.4,74763430.0,97.5211,49.6613
637.0,886.0,1.0,1.0,932.0,65.0,845.0,13.0,601.0,44.0,188.0,99.0,194.0,15.0,1.986629e-05,52.26163,16783.42,6729644.0,70.4401,20.3869
332.0,839.0,1.0,1.0,370.0,15.0,527.0,63.0,585.0,41.0,538.0,85.0,500.0,50.0,0.0001323088,43.87268,370846.0,48044980.0,57.8967,19.7856
682.0,736.0,1.0,2.0,956.0,66.0,788.0,13.0,611.0,39.0,298.0,84.0,211.0,4.0,7.951997e-05,43.4155,238315.2,30874990.0,65.3674,39.56
817.0,430.0,4.0,1.0,643.0,12.0,649.0,35.0,275.0,94.0,570.0,59.0,681.0,47.0,3.814531e-05,1.439333,370846.0,195732.3,95.2093,34.611
345.0,862.0,1.0,1.0,404.0,13.0,935.0,18.0,866.0,66.0,179.0,93.0,605.0,23.0,2.425866e-05,59.63707,16783.42,10472090.0,60.4652,17.8034
417.0,740.0,4.0,3.0,208.0,14.0,914.0,32.0,153.0,17.0,405.0,26.0,965.0,26.0,0.0001177758,34.89332,370846.0,19841090.0,134.946,29.0299
520.0,833.0,4.0,1.0,639.0,76.0,886.0,75.0,357.0,87.0,309.0,75.0,340.0,16.0,8.485979e-05,61.01185,16783.42,16295760.0,61.7636,11.6251
726.0,626.0,3.0,1.0,433.0,82.0,636.0,22.0,222.0,43.0,319.0,74.0,856.0,23.0,0.0002438618,43.55136,370846.0,48044980.0,109.306,23.6331
799.0,677.0,1.0,1.0,952.0,92.0,832.0,21.0,728.0,41.0,186.0,37.0,511.0,53.0,0.0001356614,29.66059,898000.8,25358040.0,83.5811,57.9044
393.0,854.0,4.0,3.0,495.0,77.0,663.0,54.0,602.0,71.0,293.0,87.0,382.0,71.0,9.72069e-05,42.98992,98416.24,12750420.0,128.638,34.8664
627.0,737.0,1.0,2.0,900.0,66.0,788.0,10.0,610.0,38.0,381.0,87.0,217.0,4.0,6.88591e-05,63.59816,26117.46,30874990.0,65.5938,36.5817
637.0,619.0,7.0,4.0,192.0,55.0,249.0,86.0,161.0,37.0,386.0,92.0,730.0,6.0,0.001064652,-2.398701,-10.0,-10.0,31.217,14.0386
721.0,757.0,2.0,1.0,202.0,76.0,496.0,11.0,243.0,2.0,720.0,89.0,957.0,32.0,0.0001009067,11.82497,898000.8,2779135.0,75.6796,27.5925
775.0,898.0,1.0,6.0,996.0,6.0,992.0,56.0,345.0,56.0,241.0,33.0,794.0,13.0,1.235179e-05,58.03794,10785.12,6729644.0,39.4434,8.34904
680.0,829.0,1.0,6.0,968.0,87.0,954.0,50.0,355.0,56.0,251.0,34.0,759.0,17.0,5.156146e-05,62.15085,40642.28,48044980.0,66.2253,29.09
883.0,771.0,1.0,1.0,729.0,81.0,924.0,21.0,598.0,25.0,140.0,41.0,908.0,23.0,5.850459e-05,63.19158,26117.46,25358040.0,62.6213,18.2168
775.0,856.0,1.0,6.0,996.0,6.0,996.0,54.0,344.0,57.0,207.0,33.0,737.0,12.0,1.929027e-05,55.70351,16783.42,10472090.0,63.8871,21.3743
726.0,633.0,2.0,1.0,205.0,83.0,623.0,11.0,170.0,44.0,305.0,73.0,892.0,22.0,0.0001441113,35.11472,898000.8,39459980.0,96.8818,26.6881
617.0,701.0,6.0,1.0,626.0,77.0,847.0,11.0,358.0,93.0,307.0,91.0,805.0,14.0,7.378077e-05,39.78103,98416.24,6729644.0,87.0517,46.1966
492.0,934.0,2.0,3.0,602.0,13.0,121.0,21.0,169.0,22.0,529.0,64.0,323.0,68.0,2.347371e-05,46.19652,40642.28,6729644.0,84.0013,38.9378
696.0,900.0,1.0,1.0,903.0,91.0,822.0,25.0,708.0,18.0,563.0,83.0,979.0,79.0,2.26882e-05,61.78255,10785.12,8193759.0,61.5007,15.2135
553.0,735.0,6.0,1.0,672.0,78.0,918.0,22.0,358.0,93.0,322.0,89.0,806.0,14.0,9.138674e-05,59.86644,16783.42,10472090.0,78.3797,21.7349
709.0,392.0,2.0,1.0,791.0,93.0,768.0,22.0,156.0,43.0,202.0,37.0,904.0,58.0,0.0002804675,20.94137,3383769.0,30874990.0,133.894,17.8351
294.0,739.0,2.0,3.0,926.0,64.0,834.0,15.0,594.0,44.0,182.0,80.0,113.0,10.0,0.0001505226,51.15474,63244.55,30874990.0,127.319,37.4086
531.0,875.0,4.0,5.0,639.0,83.0,831.0,25.0,296.0,87.0,322.0,89.0,372.0,14.0,1.947633e-05,51.33408,10785.12,4324649.0,88.2537,39.2594
787.0,951.0,1.0,3.0,324.0,69.0,407.0,62.0,598.0,42.0,723.0,61.0,115.0,35.0,1.685961e-05,49.71548,40642.28,10472090.0,56.5258,15.4461
660.0,634.0,1.0,3.0,994.0,64.0,863.0,9.0,601.0,40.0,384.0,87.0,272.0,2.0,8.974588e-05,34.52519,577079.0,30874990.0,69.3417,28.2855
756.0,692.0,1.0,1.0,365.0,7.0,511.0,69.0,905.0,13.0,557.0,50.0,847.0,43.0,0.0002305383,63.41802,40642.28,48044980.0,78.4456,26.568
753.0,694.0,1.0,1.0,247.0,32.0,492.0,63.0,522.0,31.0,540.0,50.0,514.0,49.0,0.0003588366,33.89438,2174500.0,116340400.0,78.3927,16.4964
627.0,679.0,2.0,2.0,874.0,18.0,291.0,34.0,670.0,4.0,988.0,89.0,553.0,84.0,0.0007506076,25.38577,898000.8,12750420.0,125.621,10.4758
522.0,885.0,1.0,2.0,598.0,21.0,104.0,25.0,156.0,14.0,528.0,26.0,216.0,25.0,5.414281e-05,52.57562,98416.24,30874990.0,60.2343,22.1453
530.0,913.0,1.0,3.0,624.0,16.0,112.0,24.0,397.0,20.0,467.0,67.0,316.0,61.0,4.538772e-05,61.21335,26117.46,19841090.0,77.2373,33.8769
323.0,802.0,8.0,1.0,746.0,78.0,681.0,71.0,180.0,57.0,215.0,25.0,966.0,27.0,0.0001363115,58.86891,16783.42,16295760.0,55.9135,7.87047
725.0,747.0,1.0,1.0,206.0,16.0,597.0,8.0,152.0,42.0,698.0,76.0,936.0,16.0,3.756162e-05,27.56123,898000.8,16295760.0,57.5909,15.6134
754.0,815.0,1.0,1.0,974.0,7.0,999.0,57.0,180.0,74.0,610.0,44.0,796.0,17.0,2.396173e-05,18.01131,898000.8,5265529.0,58.9506,13.2892
528.0,739.0,4.0,1.0,597.0,83.0,295.0,22.0,415.0,64.0,754.0,83.0,804.0,23.0,0.0002050741,65.39675,26117.46,39459980.0,72.4112,26.4527
753.0,702.0,1.0,4.0,324.0,5.0,394.0,69.0,573.0,14.0,724.0,66.0,132.0,39.0,0.0001733589,19.58662,898000.8,8193759.0,124.912,8.93286
753.0,694.0,3.0,1.0,357.0,29.0,871.0,60.0,896.0,29.0,496.0,49.0,808.0,44.0,0.0002870747,62.96817,40642.28,39459980.0,98.2447,26.9966
754.0,281.0,1.0,1.0,979.0,12.0,947.0,57.0,177.0,74.0,611.0,39.0,795.0,2.0,5.096898e-05,23.58707,1397391.0,16295760.0,69.2095,20.0034
688.0,829.0,1.0,6.0,965.0,87.0,956.0,38.0,393.0,54.0,251.0,33.0,759.0,14.0,4.023875e-05,62.57322,26117.46,30874990.0,60.4595,32.8801
726.0,628.0,3.0,1.0,236.0,4.0,625.0,12.0,195.0,2.0,275.0,81.0,924.0,47.0,0.0003261538,21.79061,370846.0,4324649.0,97.8972,33.619
325.0,678.0,1.0,1.0,779.0,92.0,996.0,30.0,375.0,42.0,217.0,44.0,934.0,66.0,0.0002326121,33.2937,2174500.0,74763430.0,92.3094,36.2508
492.0,921.0,1.0,2.0,964.0,30.0,567.0,35.0,492.0,50.0,338.0,74.0,993.0,98.0,1.970424e-05,54.38868,26117.46,10472090.0,63.3019,16.8545
671.0,551.0,9.0,1.0,474.0,79.0,241.0,6.0,451.0,1.0,701.0,28.0,908.0,84.0,0.0009502757,28.5603,370846.0,8193759.0,131.12,25.6916
709.0,638.0,3.0,1.0,430.0,69.0,578.0,9.0,240.0,6.0,748.0,30.0,933.0,30.0,0.0001369595,32.51372,370846.0,16295760.0,92.1624,34.4858
701.0,830.0,2.0,2.0,882.0,86.0,823.0,30.0,712.0,18.0,549.0,77.0,962.0,84.0,8.732048e-05,66.61635,10785.12,16295760.0,89.2839,38.9755
648.0,865.0,1.0,1.0,903.0,96.0,846.0,27.0,708.0,18.0,531.0,83.0,971.0,77.0,4.492481e-05,66.29327,10785.12,16295760.0,61.1487,16.9425
757.0,913.0,2.0,5.0,206.0,68.0,169.0,74.0,388.0,14.0,123.0,84.0,150.0,41.0,7.838068e-05,16.90307,898000.8,5265529.0,111.007,22.6733
299.0,845.0,7.0,2.0,238.0,67.0,173.0,70.0,235.0,94.0,338.0,92.0,332.0,86.0,0.0002589463,36.03733,370846.0,231377800.0,69.488,14.5975
205.0,793.0,1.0,1.0,380.0,60.0,492.0,58.0,539.0,67.0,344.0,19.0,639.0,86.0,0.0001706675,20.46571,5265528.0,39459980.0,66.0038,42.588
492.0,887.0,4.0,3.0,497.0,14.0,100.0,27.0,459.0,21.0,543.0,66.0,266.0,65.0,9.180434e-05,60.10241,10785.12,10472090.0,112.059,28.1085
753.0,694.0,4.0,1.0,233.0,32.0,877.0,73.0,925.0,33.0,557.0,50.0,829.0,48.0,0.0003393271,64.02996,26117.46,48044980.0,107.332,19.8514
721.0,747.0,1.0,1.0,201.0,16.0,596.0,8.0,196.0,38.0,706.0,75.0,766.0,31.0,4.078586e-05,20.95749,898000.8,10472090.0,74.4766,29.7266
454.0,877.0,1.0,2.0,748.0,6.0,829.0,63.0,468.0,65.0,255.0,49.0,301.0,36.0,4.57311e-05,39.16549,238315.2,16295760.0,78.6025,47.4286
503.0,912.0,1.0,3.0,598.0,13.0,151.0,22.0,446.0,19.0,467.0,66.0,253.0,61.0,4.359915e-05,57.14296,26117.46,16295760.0,82.9376,36.7049
541.0,913.0,1.0,3.0,624.0,13.0,113.0,27.0,156.0,19.0,520.0,54.0,201.0,24.0,3.466768e-05,56.79856,40642.28,19841090.0,62.3368,22.1544
642.0,531.0,8.0,2.0,687.0,66.0,654.0,85.0,853.0,48.0,636.0,48.0,956.0,3.0,0.0004930198,6.241473,1397391.0,1785947.0,82.86,24.8906
526.0,313.0,6.0,7.0,559.0,84.0,492.0,59.0,161.0,66.0,345.0,98.0,999.0,6.0,0.001234534,10.01359,5265528.0,181038800.0,12.1873,8.30402
225.0,823.0,1.0,1.0,360.0,14.0,909.0,15.0,884.0,65.0,171.0,89.0,663.0,23.0,4.079651e-05,59.09412,26117.46,16295760.0,63.5864,22.9035
492.0,260.0,3.0,3.0,775.0,9.0,112.0,67.0,905.0,14.0,704.0,95.0,313.0,41.0,0.001392882,26.57676,898000.8,16295760.0,22.6044,6.09661
664.0,900.0,1.0,1.0,902.0,90.0,822.0,27.0,696.0,18.0,542.0,83.0,969.0,81.0,2.39606e-05,63.36594,6930.448,10472090.0,61.1,15.0988
495.0,700.0,4.0,3.0,230.0,13.0,113.0,32.0,122.0,15.0,459.0,29.0,187.0,69.0,0.000716576,11.58982,5265528.0,19841090.0,28.3472,15.4751
543.0,910.0,1.0,3.0,624.0,11.0,121.0,21.0,156.0,9.0,530.0,54.0,216.0,24.0,3.267064e-05,33.70975,238315.2,10472090.0,67.1054,24.805
448.0,924.0,1.0,3.0,592.0,16.0,112.0,20.0,310.0,23.0,537.0,66.0,253.0,24.0,2.417964e-05,42.54313,98416.24,12750420.0,51.9003,13.5784
483.0,712.0,5.0,2.0,133.0,15.0,889.0,20.0,145.0,15.0,583.0,26.0,955.0,30.0,9.286521e-05,22.26924,577079.0,6729644.0,115.162,32.492
722.0,964.0,1.0,2.0,378.0,67.0,506.0,72.0,881.0,16.0,562.0,45.0,118.0,46.0,1.907038e-05,55.83567,16783.42,8193759.0,62.8398,15.7364
466.0,866.0,1.0,2.0,464.0,39.0,517.0,45.0,493.0,61.0,314.0,23.0,994.0,86.0,4.274819e-05,25.85464,898000.8,16295760.0,62.6387,47.4175
739.0,875.0,1.0,6.0,536.0,75.0,995.0,64.0,173.0,57.0,226.0,32.0,779.0,16.0,2.653971e-05,59.40099,40642.28,19841090.0,36.3632,12.1867
691.0,861.0,1.0,1.0,785.0,91.0,822.0,27.0,727.0,18.0,545.0,83.0,950.0,82.0,5.093609e-05,65.39852,10785.12,19841090.0,62.7103,18.0945
557.0,814.0,1.0,1.0,503.0,34.0,473.0,44.0,586.0,61.0,348.0,92.0,993.0,83.0,0.0001519734,62.96026,63244.55,74763430.0,61.9431,32.0779
731.0,720.0,2.0,1.0,755.0,88.0,913.0,11.0,681.0,36.0,167.0,20.0,905.0,17.0,5.713577e-05,39.89293,153147.4,16295760.0,72.8279,25.5198
747.0,746.0,1.0,1.0,201.0,15.0,622.0,8.0,221.0,43.0,438.0,70.0,730.0,24.0,4.184867e-05,24.8801,898000.8,12750420.0,76.5409,30.7972
661.0,859.0,2.0,1.0,928.0,95.0,871.0,28.0,551.0,52.0,464.0,84.0,944.0,47.0,3.4071e-05,56.44095,16783.42,10472090.0,64.6795,14.6351
336.0,380.0,4.0,1.0,829.0,14.0,800.0,96.0,969.0,43.0,867.0,12.0,347.0,1.0,0.0005859974,24.04333,1397391.0,19841090.0,40.8632,5.56456
396.0,885.0,3.0,3.0,509.0,87.0,858.0,64.0,590.0,68.0,280.0,48.0,939.0,38.0,3.184811e-05,62.42082,10785.12,10472090.0,61.1707,13.854
624.0,836.0,1.0,3.0,977.0,62.0,879.0,9.0,602.0,33.0,362.0,97.0,194.0,4.0,1.893279e-05,62.61606,10785.12,10472090.0,61.5314,17.572
522.0,842.0,1.0,2.0,482.0,30.0,540.0,46.0,585.0,59.0,311.0,21.0,990.0,84.0,6.297093e-05,26.92995,1397391.0,19841090.0,70.1322,52.1671
716.0,836.0,2.0,1.0,900.0,95.0,804.0,28.0,725.0,18.0,559.0,82.0,924.0,77.0,7.655177e-05,67.12025,6930.448,16295760.0,76.293,26.6047
680.0,829.0,1.0,6.0,993.0,87.0,956.0,56.0,381.0,50.0,270.0,33.0,749.0,17.0,5.634175e-05,62.24311,40642.28,48044980.0,65.4714,28.2337
739.0,694.0,4.0,1.0,337.0,32.0,892.0,92.0,927.0,31.0,556.0,50.0,829.0,47.0,0.0003610735,61.78729,40642.28,48044980.0,106.578,21.1848
812.0,830.0,2.0,2.0,882.0,99.0,823.0,30.0,537.0,52.0,465.0,69.0,944.0,47.0,4.909253e-05,42.67991,98416.24,12750420.0,76.8079,43.2893
727.0,634.0,6.0,1.0,202.0,20.0,610.0,12.0,222.0,42.0,343.0,74.0,866.0,58.0,0.0001328808,22.82291,577079.0,5265529.0,111.328,24.2609
615.0,810.0,1.0,2.0,957.0,63.0,647.0,10.0,591.0,43.0,186.0,97.0,149.0,4.0,3.875203e-05,51.00574,63244.55,16295760.0,61.569,19.4367
711.0,766.0,1.0,1.0,733.0,93.0,887.0,20.0,580.0,32.0,123.0,16.0,911.0,18.0,6.522732e-05,59.44901,63244.55,39459980.0,43.5951,10.8291
697.0,891.0,2.0,2.0,899.0,85.0,761.0,27.0,735.0,18.0,591.0,85.0,967.0,76.0,2.83539e-05,66.77411,2861.474,6729644.0,75.4133,21.7479
751.0,840.0,1.0,6.0,969.0,6.0,982.0,55.0,291.0,52.0,224.0,30.0,792.0,16.0,2.605071e-05,39.62995,153147.4,10472090.0,77.8026,33.5157
320.0,839.0,1.0,1.0,205.0,62.0,506.0,62.0,585.0,30.0,548.0,84.0,519.0,49.0,0.0001320272,26.24951,2174500.0,39459980.0,45.6564,13.9966
597.0,594.0,4.0,1.0,745.0,66.0,726.0,52.0,623.0,72.0,714.0,89.0,113.0,66.0,0.0005401528,14.51572,2174500.0,8193759.0,77.5499,20.3946
776.0,808.0,1.0,6.0,969.0,9.0,967.0,56.0,305.0,50.0,227.0,31.0,761.0,16.0,3.223506e-05,33.24467,370846.0,12750420.0,89.7114,28.354
250.0,798.0,1.0,1.0,889.0,67.0,623.0,15.0,637.0,44.0,179.0,89.0,111.0,19.0,0.0001211988,50.55688,98416.24,30874990.0,82.6837,50.0654
731.0,293.0,1.0,1.0,987.0,7.0,966.0,66.0,176.0,66.0,626.0,24.0,778.0,1.0,3.71962e-05,22.40397,898000.8,10472090.0,63.5073,15.0842
700.0,830.0,2.0,1.0,900.0,86.0,806.0,28.0,712.0,18.0,505.0,83.0,971.0,82.0,8.568333e-05,66.38545,10785.12,16295760.0,78.3933,32.5476
705.0,641.0,2.0,1.0,796.0,89.0,770.0,17.0,769.0,33.0,167.0,34.0,855.0,24.0,0.0002213974,64.9251,40642.28,48044980.0,90.1844,54.0899
391.0,857.0,4.0,3.0,738.0,86.0,804.0,72.0,601.0,78.0,316.0,50.0,920.0,38.0,5.968686e-05,63.52374,10785.12,12750420.0,83.2543,40.8484
610.0,793.0,1.0,2.0,925.0,70.0,800.0,11.0,500.0,42.0,205.0,95.0,155.0,5.0,4.956328e-05,59.42131,26117.46,19841090.0,70.7683,44.5397
476.0,876.0,1.0,2.0,511.0,82.0,746.0,63.0,617.0,74.0,378.0,48.0,936.0,37.0,3.944604e-05,64.32321,26117.46,30874990.0,23.4468,5.58018
894.0,687.0,1.0,1.0,879.0,88.0,885.0,21.0,750.0,25.0,204.0,29.0,601.0,21.0,6.866447e-05,36.12584,370846.0,19841090.0,73.6433,66.882
379.0,794.0,1.0,1.0,441.0,18.0,987.0,18.0,872.0,69.0,211.0,93.0,605.0,20.0,6.065226e-05,61.06241,26117.46,25358040.0,62.9785,26.5744
489.0,940.0,1.0,1.0,569.0,4.0,809.0,53.0,590.0,71.0,336.0,48.0,319.0,28.0,1.079009e-05,50.39601,26117.46,5265529.0,57.0101,12.101
799.0,631.0,1.0,1.0,933.0,92.0,830.0,19.0,146.0,42.0,100.0,36.0,913.0,54.0,0.0001143673,23.42809,2174500.0,25358040.0,95.131,30.1627
234.0,927.0,8.0,1.0,648.0,68.0,157.0,19.0,871.0,38.0,993.0,89.0,416.0,65.0,2.586455e-05,57.0041,4453.334,2174501.0,75.0687,14.7864
615.0,809.0,1.0,3.0,934.0,62.0,800.0,9.0,606.0,43.0,186.0,97.0,205.0,3.0,2.474811e-05,35.90415,153147.4,8193759.0,56.5088,16.9286
714.0,431.0,3.0,1.0,179.0,14.0,628.0,12.0,207.0,41.0,387.0,82.0,951.0,48.0,0.0002015683,22.12239,1397391.0,16295760.0,120.157,18.0633
612.0,704.0,2.0,3.0,834.0,48.0,759.0,25.0,691.0,4.0,630.0,34.0,560.0,82.0,0.0005157848,61.0478,40642.28,438383300.0,49.0518,13.7175
324.0,777.0,1.0,1.0,428.0,16.0,941.0,13.0,881.0,75.0,104.0,93.0,544.0,48.0,0.000121313,43.66335,153147.4,19841090.0,77.188,57.2447
494.0,836.0,8.0,5.0,116.0,10.0,159.0,2.0,707.0,4.0,986.0,52.0,659.0,51.0,4.480334e-05,35.32812,16783.42,898001.8,101.355,33.2424
773.0,790.0,1.0,5.0,535.0,16.0,991.0,63.0,170.0,50.0,247.0,35.0,798.0,14.0,6.208816e-05,49.71951,153147.4,39459980.0,85.5063,24.6834
663.0,807.0,1.0,6.0,463.0,83.0,991.0,64.0,179.0,57.0,222.0,33.0,798.0,16.0,8.045737e-05,59.9521,98416.24,95551890.0,69.532,22.2087
634.0,799.0,2.0,1.0,882.0,87.0,823.0,28.0,710.0,18.0,527.0,88.0,908.0,82.0,0.0001386624,66.90202,10785.12,25358040.0,83.3044,43.9886
673.0,818.0,1.0,6.0,919.0,87.0,996.0,56.0,323.0,79.0,242.0,33.0,796.0,17.0,6.171593e-05,59.70807,63244.55,61404200.0,66.0433,26.4325
438.0,700.0,5.0,1.0,436.0,12.0,910.0,63.0,719.0,32.0,364.0,68.0,159.0,24.0,0.0006148721,53.75698,63244.55,25358040.0,117.873,24.3716
276.0,775.0,1.0,1.0,925.0,66.0,716.0,14.0,607.0,98.0,631.0,91.0,112.0,11.0,5.140423e-05,26.53438,577079.0,12750420.0,68.4754,46.5095
731.0,783.0,1.0,1.0,994.0,80.0,992.0,66.0,153.0,57.0,221.0,29.0,797.0,1.0,7.771824e-05,8.277826,5265528.0,30874990.0,-68.958,-12.1425
582.0,641.0,7.0,6.0,523.0,98.0,876.0,14.0,624.0,20.0,681.0,15.0,522.0,10.0,0.0001072312,32.3157,238315.2,74763430.0,33.8669,13.4849
267.0,860.0,1.0,1.0,442.0,16.0,934.0,15.0,916.0,69.0,208.0,86.0,605.0,20.0,2.128465e-05,57.9246,16783.42,10472090.0,59.5935,17.9672
365.0,790.0,1.0,1.0,437.0,11.0,934.0,15.0,911.0,67.0,155.0,89.0,665.0,20.0,5.813983e-05,60.10927,26117.46,19841090.0,65.3224,27.75
709.0,622.0,2.0,1.0,781.0,92.0,671.0,20.0,746.0,34.0,101.0,16.0,903.0,20.0,0.0002355414,61.85652,63244.55,61404200.0,86.6209,57.149
659.0,859.0,2.0,1.0,923.0,98.0,871.0,37.0,537.0,51.0,476.0,83.0,926.0,47.0,3.934972e-05,60.20574,16783.42,12750420.0,59.6633,12.8425
895.0,699.0,1.0,1.0,789.0,88.0,929.0,10.0,714.0,44.0,143.0,33.0,893.0,24.0,4.037261e-05,32.79861,370846.0,10472090.0,71.4069,66.4404
846.0,388.0,1.0,3.0,755.0,7.0,492.0,73.0,696.0,65.0,345.0,79.0,459.0,7.0,4.196128e-05,27.73765,238315.2,5265529.0,82.9986,33.0343
447.0,899.0,2.0,3.0,507.0,82.0,813.0,60.0,591.0,66.0,276.0,49.0,929.0,36.0,2.353967e-05,61.25337,10785.12,10472090.0,44.2029,8.32867
730.0,960.0,1.0,3.0,241.0,67.0,501.0,63.0,921.0,13.0,535.0,45.0,115.0,50.0,2.215901e-05,55.02874,16783.42,8193759.0,70.9226,23.8886
479.0,911.0,1.0,2.0,555.0,4.0,787.0,60.0,554.0,67.0,338.0,48.0,310.0,29.0,2.20214e-05,50.54272,40642.28,10472090.0,64.5874,17.0314
309.0,324.0,2.0,6.0,341.0,91.0,787.0,71.0,156.0,43.0,202.0,86.0,454.0,8.0,0.001982159,10.87282,19841090.0,560278700.0,5.17021,3.28142
519.0,716.0,8.0,1.0,640.0,66.0,294.0,22.0,378.0,95.0,774.0,96.0,805.0,25.0,0.000243798,42.33262,153147.4,16295760.0,97.9647,29.7362
653.0,767.0,1.0,2.0,900.0,66.0,788.0,5.0,610.0,38.0,381.0,86.0,217.0,4.0,3.481417e-05,55.37381,26117.46,16295760.0,69.4257,28.4654
705.0,632.0,1.0,1.0,796.0,89.0,916.0,21.0,789.0,42.0,141.0,34.0,989.0,23.0,0.0002121701,64.47013,63244.55,95551890.0,68.2194,53.806
888.0,770.0,1.0,1.0,793.0,88.0,899.0,14.0,630.0,42.0,141.0,36.0,964.0,21.0,4.010769e-05,44.07887,153147.4,16295760.0,60.4632,18.1493
457.0,923.0,1.0,3.0,590.0,11.0,118.0,19.0,414.0,17.0,467.0,65.0,315.0,67.0,3.529763e-05,59.46717,16783.42,12750420.0,79.0472,36.7786
721.0,745.0,2.0,1.0,425.0,76.0,749.0,8.0,272.0,42.0,772.0,28.0,958.0,32.0,2.58e-05,14.32139,577079.0,2174501.0,76.6177,24.0206
351.0,811.0,1.0,1.0,371.0,22.0,934.0,24.0,888.0,74.0,158.0,89.0,693.0,34.0,7.025192e-05,60.41178,40642.28,25358040.0,63.4989,31.9532
547.0,914.0,3.0,3.0,589.0,8.0,165.0,17.0,186.0,30.0,542.0,66.0,155.0,28.0,2.071084e-05,36.55521,63244.55,3383770.0,88.9686,43.1609
632.0,736.0,1.0,3.0,926.0,63.0,827.0,16.0,601.0,43.0,170.0,88.0,201.0,10.0,0.0001439001,60.66349,63244.55,74763430.0,102.862,39.2175
703.0,911.0,1.0,4.0,207.0,68.0,534.0,73.0,941.0,14.0,527.0,80.0,102.0,49.0,9.69494e-05,56.22205,63244.55,30874990.0,91.1652,22.9966
629.0,821.0,2.0,2.0,905.0,94.0,803.0,28.0,725.0,18.0,525.0,83.0,928.0,82.0,0.0001012764,67.03198,10785.12,19841090.0,91.9257,37.0197
592.0,939.0,1.0,3.0,602.0,8.0,142.0,26.0,172.0,17.0,542.0,65.0,201.0,67.0,2.461565e-05,45.80982,63244.55,10472090.0,81.2178,38.2833
739.0,829.0,1.0,6.0,579.0,82.0,996.0,64.0,173.0,57.0,193.0,33.0,779.0,18.0,5.883833e-05,59.69809,63244.55,61404200.0,71.3759,25.8477
749.0,253.0,1.0,1.0,412.0,3.0,999.0,54.0,352.0,62.0,579.0,44.0,720.0,1.0,3.907666e-05,32.69595,370846.0,12750420.0,67.7821,16.8198
678.0,785.0,1.0,3.0,937.0,64.0,834.0,12.0,581.0,42.0,418.0,96.0,180.0,6.0,5.224904e-05,57.62265,40642.28,25358040.0,75.3211,39.1644
680.0,829.0,1.0,6.0,979.0,85.0,966.0,50.0,395.0,56.0,250.0,33.0,787.0,17.0,5.07951e-05,62.4788,40642.28,48044980.0,64.7159,30.0428
540.0,931.0,1.0,3.0,591.0,19.0,125.0,23.0,162.0,23.0,543.0,50.0,217.0,27.0,1.95994e-05,52.57969,40642.28,12750420.0,57.5305,15.6639
858.0,677.0,1.0,1.0,796.0,89.0,744.0,21.0,200.0,46.0,186.0,46.0,623.0,17.0,6.924063e-05,29.51659,898000.8,25358040.0,76.794,42.6867
762.0,912.0,1.0,1.0,208.0,67.0,559.0,73.0,583.0,35.0,530.0,64.0,102.0,51.0,4.380554e-05,43.8631,153147.4,19841090.0,66.72,19.5298
848.0,849.0,2.0,2.0,919.0,99.0,823.0,30.0,537.0,54.0,443.0,69.0,928.0,40.0,3.597567e-05,53.08667,26117.46,10472090.0,68.9129,21.5185
396.0,885.0,2.0,2.0,509.0,87.0,858.0,64.0,590.0,68.0,285.0,48.0,938.0,38.0,3.183313e-05,62.57412,16783.42,16295760.0,42.1747,7.60206
697.0,760.0,2.0,1.0,188.0,6.0,603.0,8.0,270.0,41.0,327.0,28.0,946.0,8.0,2.99437e-05,34.3126,238315.2,10472090.0,57.4247,9.70873
625.0,836.0,1.0,2.0,900.0,92.0,752.0,28.0,733.0,22.0,531.0,84.0,928.0,77.0,7.763071e-05,66.50231,16783.42,30874990.0,69.8974,35.6747
324.0,791.0,1.0,1.0,424.0,19.0,975.0,26.0,872.0,79.0,158.0,89.0,666.0,29.0,8.680764e-05,60.42668,40642.28,30874990.0,64.2303,39.9646
754.0,287.0,1.0,1.0,993.0,6.0,968.0,52.0,161.0,67.0,239.0,51.0,810.0,1.0,3.504362e-05,33.68417,370846.0,12750420.0,74.1038,19.7966
213.0,801.0,1.0,2.0,399.0,34.0,427.0,50.0,570.0,68.0,553.0,85.0,636.0,87.0,0.0002143649,34.94107,1397391.0,74763430.0,66.5239,18.277
305.0,891.0,2.0,1.0,646.0,70.0,831.0,72.0,364.0,90.0,323.0,89.0,324.0,14.0,3.130055e-05,55.92316,26117.46,16295760.0,26.2432,3.86517
364.0,973.0,1.0,1.0,374.0,57.0,514.0,72.0,915.0,32.0,545.0,50.0,847.0,44.0,7.278364e-06,25.05468,153147.4,2779135.0,-1.234,-121.479
752.0,955.0,3.0,4.0,232.0,32.0,850.0,73.0,636.0,33.0,489.0,84.0,138.0,58.0,1.92089e-05,48.60666,10785.12,2779135.0,88.5991,43.099
466.0,880.0,1.0,2.0,952.0,34.0,563.0,43.0,492.0,57.0,343.0,26.0,997.0,85.0,3.067457e-05,26.62927,577079.0,10472090.0,62.0299,23.2389
365.0,881.0,1.0,1.0,372.0,17.0,934.0,19.0,822.0,70.0,147.0,93.0,628.0,23.0,1.729517e-05,58.81031,10785.12,8193759.0,56.2827,14.4661
698.0,830.0,2.0,2.0,941.0,99.0,820.0,36.0,670.0,54.0,525.0,83.0,975.0,83.0,7.046081e-05,39.85395,153147.4,12750420.0,85.6199,44.6784
376.0,516.0,6.0,5.0,899.0,15.0,901.0,76.0,880.0,21.0,636.0,28.0,987.0,78.0,0.000758092,25.85411,577079.0,231377800.0,-4.02297,-3.44843
707.0,733.0,1.0,1.0,793.0,89.0,721.0,21.0,716.0,44.0,173.0,36.0,905.0,23.0,0.0001211281,64.04617,63244.55,61404200.0,52.8663,35.8704
556.0,925.0,1.0,3.0,553.0,11.0,112.0,32.0,158.0,12.0,543.0,50.0,217.0,27.0,3.158066e-05,34.68438,370846.0,12750420.0,57.2429,17.1564
292.0,444.0,4.0,2.0,593.0,52.0,665.0,45.0,853.0,79.0,627.0,47.0,896.0,3.0,0.000872841,5.634663,3383769.0,5265529.0,72.2096,20.4473
422.0,260.0,1.0,1.0,782.0,9.0,726.0,67.0,905.0,52.0,671.0,93.0,308.0,41.0,0.0006859017,17.88908,3383769.0,19841090.0,93.5184,19.8462
750.0,683.0,8.0,1.0,647.0,92.0,683.0,35.0,411.0,58.0,867.0,98.0,966.0,85.0,0.0001930428,26.71201,370846.0,6729644.0,119.92,22.184
306.0,723.0,6.0,1.0,737.0,78.0,998.0,71.0,167.0,30.0,146.0,34.0,942.0,18.0,0.0002334765,24.04295,898000.8,12750420.0,79.134,37.5792
719.0,678.0,2.0,1.0,861.0,94.0,829.0,22.0,188.0,42.0,192.0,34.0,523.0,28.0,0.0001252653,25.85849,1397391.0,19841090.0,100.436,37.5202
776.0,881.0,1.0,6.0,969.0,7.0,982.0,56.0,305.0,51.0,228.0,27.0,657.0,17.0,1.773209e-05,50.51502,40642.28,10472090.0,64.313,22.4462
886.0,730.0,1.0,1.0,734.0,91.0,877.0,21.0,137.0,43.0,121.0,46.0,544.0,26.0,4.938878e-05,23.73342,898000.8,12750420.0,81.6843,44.0557
841.0,849.0,2.0,2.0,924.0,99.0,823.0,30.0,537.0,54.0,468.0,83.0,928.0,41.0,3.785972e-05,57.60334,16783.42,12750420.0,69.2451,22.0779
492.0,847.0,1.0,2.0,383.0,23.0,553.0,45.0,524.0,56.0,333.0,82.0,948.0,83.0,8.757301e-05,61.66554,40642.28,48044980.0,73.7614,33.8547
530.0,913.0,1.0,3.0,625.0,16.0,112.0,17.0,396.0,22.0,518.0,67.0,220.0,61.0,3.918994e-05,51.51604,63244.55,16295760.0,83.4956,36.2572
307.0,391.0,4.0,1.0,806.0,91.0,778.0,99.0,607.0,28.0,849.0,10.0,364.0,4.0,0.001758723,46.39864,577079.0,95551890.0,61.8737,28.9664
740.0,854.0,3.0,2.0,882.0,83.0,825.0,23.0,712.0,18.0,525.0,83.0,970.0,82.0,5.308627e-05,62.41365,6930.448,6729644.0,88.2044,49.7031
387.0,875.0,2.0,3.0,403.0,88.0,789.0,65.0,592.0,70.0,390.0,49.0,934.0,38.0,4.05121e-05,63.61742,16783.42,19841090.0,54.471,15.8117
531.0,899.0,1.0,3.0,623.0,14.0,133.0,31.0,135.0,19.0,529.0,56.0,221.0,59.0,5.354481e-05,34.49603,370846.0,19841090.0,88.7129,29.7505
706.0,718.0,1.0,1.0,894.0,94.0,932.0,15.0,722.0,29.0,170.0,34.0,520.0,15.0,0.0001132928,63.30376,40642.28,48044980.0,66.4636,56.7374
290.0,752.0,1.0,3.0,932.0,71.0,572.0,9.0,601.0,46.0,204.0,88.0,195.0,8.0,9.871318e-05,59.29433,63244.55,48044980.0,93.915,40.1199
697.0,899.0,1.0,1.0,902.0,91.0,819.0,27.0,708.0,18.0,561.0,77.0,971.0,81.0,2.410565e-05,61.89333,10785.12,10472090.0,60.7344,14.9931
493.0,887.0,4.0,3.0,621.0,11.0,149.0,33.0,462.0,15.0,535.0,65.0,171.0,69.0,0.0001094375,55.84226,16783.42,8193759.0,112.392,27.4482
704.0,650.0,1.0,1.0,796.0,89.0,737.0,14.0,796.0,29.0,183.0,33.0,636.0,14.0,0.0001764281,63.89245,63244.55,74763430.0,66.7929,54.499
621.0,839.0,2.0,2.0,878.0,76.0,897.0,28.0,712.0,11.0,566.0,83.0,971.0,85.0,7.608582e-05,41.12834,98416.24,10472090.0,88.2282,37.9999
718.0,846.0,1.0,6.0,932.0,17.0,996.0,56.0,176.0,57.0,148.0,33.0,776.0,17.0,3.85223e-05,56.33699,40642.28,25358040.0,70.9125,34.38
727.0,895.0,1.0,2.0,336.0,64.0,399.0,74.0,649.0,14.0,539.0,85.0,112.0,54.0,0.00013714,57.79019,63244.55,48044980.0,79.8053,23.6202
354.0,808.0,1.0,1.0,190.0,16.0,972.0,16.0,877.0,74.0,362.0,96.0,556.0,26.0,4.959497e-05,39.42555,238315.2,16295760.0,65.1099,31.4532
234.0,425.0,1.0,1.0,635.0,93.0,193.0,31.0,190.0,57.0,148.0,22.0,832.0,11.0,0.002114294,17.2308,30874990.0,231377800.0,70.3019,23.4043
252.0,858.0,1.0,1.0,371.0,29.0,977.0,15.0,911.0,68.0,144.0,89.0,660.0,21.0,2.179651e-05,58.82661,16783.42,10472090.0,57.5357,16.7701
283.0,837.0,1.0,1.0,366.0,15.0,944.0,19.0,882.0,69.0,173.0,92.0,549.0,30.0,4.583119e-05,56.75154,26117.46,16295760.0,66.6464,28.4777
404.0,912.0,1.0,3.0,599.0,15.0,113.0,33.0,428.0,20.0,530.0,26.0,201.0,69.0,4.839776e-05,31.87783,577079.0,16295760.0,85.363,36.4961
699.0,635.0,2.0,1.0,785.0,92.0,856.0,23.0,184.0,42.0,198.0,37.0,905.0,54.0,0.0001685985,25.30207,1397391.0,25358040.0,110.703,28.8542
673.0,806.0,1.0,4.0,546.0,16.0,968.0,64.0,178.0,74.0,648.0,37.0,797.0,14.0,6.742588e-05,28.85145,1397391.0,25358040.0,54.3266,26.6449
651.0,830.0,2.0,2.0,900.0,85.0,823.0,28.0,550.0,17.0,524.0,73.0,971.0,82.0,8.165715e-05,63.38155,10785.12,16295760.0,90.0264,35.7049
706.0,607.0,4.0,8.0,828.0,60.0,981.0,65.0,337.0,18.0,994.0,49.0,700.0,7.0,0.0002447986,29.04643,577079.0,116340400.0,17.9262,11.1111
791.0,808.0,1.0,1.0,583.0,85.0,973.0,16.0,882.0,75.0,417.0,93.0,557.0,32.0,4.909572e-05,39.04058,238315.2,16295760.0,61.915,33.4796
582.0,641.0,1.0,6.0,523.0,42.0,336.0,34.0,801.0,27.0,382.0,13.0,970.0,89.0,0.0005336441,28.24639,5265528.0,438383300.0,5.07285,-2.29706
313.0,226.0,4.0,4.0,602.0,12.0,861.0,81.0,132.0,53.0,433.0,13.0,227.0,6.0,0.0006848399,6.301387,3383769.0,6729644.0,48.1323,15.7023
771.0,958.0,1.0,3.0,303.0,67.0,677.0,67.0,648.0,11.0,687.0,44.0,139.0,42.0,1.633046e-05,55.36329,16783.42,8193759.0,66.0691,17.4718
543.0,836.0,5.0,1.0,631.0,81.0,897.0,73.0,362.0,92.0,321.0,90.0,811.0,14.0,6.243315e-05,25.69727,370846.0,5265529.0,0.0,0.0
475.0,857.0,4.0,1.0,555.0,85.0,790.0,64.0,616.0,77.0,372.0,50.0,936.0,39.0,5.477102e-05,64.31169,10785.12,12750420.0,47.8201,6.90169
705.0,691.0,1.0,1.0,790.0,89.0,848.0,19.0,786.0,38.0,100.0,23.0,992.0,25.0,0.0001508151,62.21866,63244.55,74763430.0,62.2268,57.3726
737.0,634.0,1.0,1.0,774.0,93.0,788.0,13.0,718.0,43.0,135.0,38.0,903.0,26.0,0.0001680987,45.52441,370846.0,61404200.0,75.2803,55.7086
473.0,911.0,1.0,1.0,541.0,4.0,797.0,60.0,575.0,71.0,338.0,42.0,310.0,29.0,2.07861e-05,43.42001,98416.24,10472090.0,60.2438,13.7458
441.0,877.0,3.0,3.0,729.0,2.0,804.0,64.0,416.0,64.0,376.0,44.0,943.0,36.0,3.495644e-05,53.33027,10785.12,3383770.0,81.8078,28.2604
290.0,803.0,1.0,4.0,818.0,90.0,963.0,98.0,248.0,27.0,772.0,80.0,376.0,83.0,0.0001910695,25.98596,2174500.0,61404200.0,24.3147,10.2445
493.0,912.0,1.0,3.0,600.0,15.0,113.0,33.0,449.0,21.0,530.0,66.0,171.0,63.0,6.660217e-05,56.6689,40642.28,25358040.0,86.828,29.512
770.0,670.0,1.0,6.0,530.0,13.0,653.0,93.0,688.0,44.0,201.0,36.0,812.0,41.0,0.0001515504,33.56583,898000.8,95551890.0,41.6175,7.2332
721.0,634.0,1.0,1.0,693.0,92.0,738.0,21.0,724.0,44.0,169.0,37.0,929.0,27.0,0.0002459265,59.71033,153147.4,116340400.0,72.5811,51.8013
501.0,892.0,1.0,2.0,950.0,29.0,500.0,39.0,451.0,48.0,329.0,85.0,993.0,84.0,3.721674e-05,61.10864,26117.46,19841090.0,62.6266,18.8456
564.0,858.0,3.0,3.0,494.0,82.0,832.0,64.0,717.0,66.0,386.0,47.0,924.0,38.0,5.199321e-05,65.26012,10785.12,16295760.0,75.3474,39.4945
683.0,818.0,1.0,5.0,916.0,91.0,998.0,50.0,323.0,56.0,219.0,39.0,831.0,17.0,5.798422e-05,60.84734,63244.55,48044980.0,62.8288,29.1721
921.0,754.0,1.0,1.0,789.0,95.0,881.0,21.0,755.0,19.0,118.0,40.0,990.0,21.0,5.611725e-05,61.83221,26117.46,19841090.0,63.5068,19.1718
797.0,678.0,2.0,1.0,790.0,91.0,829.0,23.0,723.0,43.0,186.0,33.0,549.0,27.0,0.0001365617,36.91851,370846.0,25358040.0,90.2502,58.5941
701.0,743.0,1.0,1.0,430.0,70.0,615.0,9.0,152.0,2.0,343.0,30.0,973.0,18.0,6.993656e-05,18.95412,1397391.0,8193759.0,61.2326,17.3365
490.0,845.0,1.0,2.0,882.0,41.0,490.0,48.0,490.0,65.0,350.0,86.0,659.0,92.0,0.0001099027,44.30297,370846.0,48044980.0,81.9692,36.3672
606.0,789.0,1.0,1.0,923.0,68.0,624.0,11.0,527.0,41.0,205.0,97.0,194.0,5.0,5.306049e-05,44.02712,153147.4,19841090.0,55.8539,14.5326
348.0,833.0,1.0,1.0,370.0,16.0,935.0,23.0,868.0,73.0,148.0,88.0,665.0,24.0,4.2179e-05,56.6333,40642.28,19841090.0,56.6182,17.6479
753.0,694.0,4.0,1.0,329.0,30.0,860.0,59.0,915.0,31.0,536.0,49.0,829.0,56.0,0.0002845023,41.84227,238315.2,25358040.0,105.411,26.2968
392.0,876.0,3.0,2.0,449.0,79.0,789.0,68.0,422.0,74.0,323.0,40.0,311.0,36.0,4.138616e-05,29.50968,238315.2,6729644.0,85.5954,46.7702
444.0,853.0,3.0,3.0,509.0,81.0,853.0,64.0,667.0,66.0,361.0,47.0,905.0,38.0,5.685355e-05,64.49123,10785.12,16295760.0,81.1246,40.2443
749.0,253.0,1.0,1.0,521.0,3.0,999.0,54.0,328.0,62.0,574.0,44.0,720.0,1.0,3.177316e-05,30.46884,370846.0,10472090.0,71.5415,18.4351
393.0,856.0,4.0,2.0,737.0,85.0,762.0,63.0,599.0,73.0,316.0,47.0,920.0,38.0,5.713142e-05,63.90792,10785.12,12750420.0,67.6805,17.2474
491.0,847.0,1.0,2.0,374.0,25.0,526.0,47.0,500.0,59.0,549.0,18.0,967.0,84.0,5.231997e-05,18.47964,1397391.0,10472090.0,61.2679,39.5466
709.0,625.0,2.0,1.0,790.0,53.0,742.0,18.0,709.0,42.0,104.0,36.0,902.0,27.0,0.0002431917,59.16244,63244.55,48044980.0,94.5326,55.4503
526.0,868.0,9.0,3.0,242.0,81.0,321.0,20.0,299.0,24.0,343.0,96.0,848.0,1.0,2.00499e-05,-9.088539,-10.0,-10.0,-87.0072,-16.8514
752.0,857.0,1.0,1.0,978.0,11.0,946.0,56.0,171.0,76.0,211.0,42.0,784.0,1.0,2.031408e-05,8.696805,898000.8,3383770.0,-61.9082,-9.65016
225.0,854.0,1.0,5.0,292.0,67.0,929.0,33.0,118.0,42.0,402.0,99.0,772.0,17.0,2.833847e-05,57.78869,40642.28,19841090.0,55.7799,23.4354
671.0,551.0,9.0,1.0,474.0,79.0,241.0,6.0,451.0,1.0,755.0,28.0,908.0,84.0,0.0009495231,30.3305,370846.0,8193759.0,130.403,25.79
243.0,858.0,5.0,5.0,197.0,83.0,875.0,73.0,285.0,94.0,323.0,91.0,373.0,22.0,6.054054e-05,55.50147,26117.46,39459980.0,106.937,20.8863
245.0,853.0,5.0,3.0,588.0,83.0,880.0,73.0,414.0,93.0,819.0,90.0,807.0,26.0,5.615031e-05,62.63725,10785.12,10472090.0,73.4286,25.5984
709.0,634.0,2.0,1.0,781.0,92.0,736.0,20.0,746.0,34.0,101.0,16.0,903.0,16.0,0.0001938248,61.70338,63244.55,61404200.0,78.18,57.8153
640.0,826.0,1.0,3.0,950.0,65.0,808.0,9.0,601.0,34.0,387.0,88.0,227.0,4.0,2.097199e-05,62.40832,10785.12,12750420.0,57.5437,16.1797
706.0,634.0,2.0,1.0,797.0,85.0,724.0,21.0,716.0,42.0,226.0,29.0,924.0,24.0,0.0002157747,48.4599,238315.2,48044980.0,87.2853,53.4446
478.0,912.0,1.0,3.0,594.0,16.0,150.0,32.0,446.0,19.0,527.0,64.0,247.0,61.0,5.41039e-05,60.53132,26117.46,25358040.0,80.2011,32.1
707.0,652.0,2.0,1.0,201.0,80.0,609.0,19.0,221.0,46.0,322.0,74.0,947.0,19.0,0.0002111631,60.7301,98416.24,74763430.0,87.3899,26.5524
456.0,939.0,1.0,2.0,614.0,11.0,118.0,21.0,399.0,19.0,540.0,65.0,292.0,55.0,2.385436e-05,59.71779,16783.42,10472090.0,66.1275,18.4547
324.0,820.0,1.0,1.0,483.0,33.0,983.0,26.0,883.0,77.0,184.0,91.0,603.0,25.0,5.666908e-05,61.24193,26117.46,25358040.0,57.0301,21.7441
721.0,745.0,2.0,1.0,366.0,6.0,749.0,5.0,237.0,2.0,700.0,27.0,970.0,31.0,5.500107e-05,34.39165,98416.24,5265529.0,85.9759,35.3975
387.0,970.0,1.0,1.0,396.0,60.0,405.0,69.0,604.0,40.0,546.0,48.0,103.0,40.0,1.353716e-05,48.54264,40642.28,10472090.0,61.8535,14.9505
705.0,632.0,2.0,1.0,796.0,89.0,742.0,19.0,787.0,42.0,167.0,33.0,915.0,24.0,0.0002312105,63.24681,40642.28,61404200.0,88.9043,53.5861
490.0,800.0,1.0,2.0,864.0,30.0,481.0,43.0,533.0,67.0,346.0,18.0,655.0,87.0,0.0001084752,17.79938,2174500.0,16295760.0,91.2128,49.1374
775.0,855.0,1.0,5.0,907.0,11.0,980.0,64.0,172.0,58.0,192.0,32.0,692.0,16.0,2.773546e-05,40.68422,153147.4,12750420.0,65.364,31.4113
242.0,830.0,5.0,6.0,624.0,83.0,879.0,30.0,396.0,90.0,830.0,88.0,806.0,12.0,3.446861e-05,59.59364,10785.12,8193759.0,93.4487,26.5198
493.0,895.0,2.0,1.0,612.0,15.0,147.0,33.0,465.0,14.0,467.0,66.0,180.0,69.0,0.000101569,59.14704,16783.42,16295760.0,85.2412,41.9148
755.0,601.0,1.0,1.0,948.0,89.0,948.0,20.0,758.0,37.0,185.0,34.0,891.0,20.0,0.0001890413,49.24389,370846.0,74763430.0,71.2089,55.7696
633.0,810.0,1.0,3.0,863.0,63.0,656.0,10.0,602.0,43.0,232.0,76.0,149.0,4.0,3.652562e-05,60.31574,26117.46,19841090.0,67.2992,44.7694
630.0,751.0,1.0,1.0,888.0,70.0,554.0,9.0,611.0,84.0,204.0,89.0,195.0,6.0,7.625611e-05,57.10406,63244.55,30874990.0,61.2178,32.5102
207.0,346.0,4.0,2.0,642.0,10.0,626.0,36.0,730.0,94.0,580.0,79.0,316.0,37.0,0.0008694897,15.79804,2174500.0,10472090.0,114.126,16.126
833.0,378.0,4.0,6.0,894.0,82.0,152.0,93.0,308.0,38.0,514.0,73.0,101.0,16.0,0.0002274552,16.31185,898000.8,6729644.0,0.0,0.0
612.0,925.0,6.0,4.0,233.0,72.0,305.0,85.0,132.0,59.0,999.0,88.0,897.0,82.0,3.366944e-05,38.1207,63244.55,5265529.0,73.9228,22.8052
232.0,565.0,3.0,1.0,638.0,11.0,237.0,10.0,169.0,3.0,580.0,29.0,691.0,48.0,0.000798189,39.97772,370846.0,30874990.0,108.979,32.4326
393.0,854.0,4.0,3.0,509.0,88.0,859.0,64.0,618.0,70.0,334.0,50.0,920.0,39.0,5.617525e-05,63.82225,10785.12,12750420.0,87.526,40.3752
323.0,796.0,1.0,3.0,364.0,8.0,971.0,14.0,891.0,69.0,386.0,93.0,649.0,46.0,5.655006e-05,31.92316,370846.0,10472090.0,85.6321,41.981
208.0,886.0,1.0,1.0,928.0,64.0,640.0,16.0,592.0,44.0,188.0,86.0,194.0,14.0,2.255454e-05,57.06997,16783.42,10472090.0,64.5452,16.7593
268.0,870.0,1.0,1.0,422.0,21.0,934.0,15.0,911.0,59.0,111.0,88.0,637.0,23.0,1.973269e-05,51.7151,26117.46,8193759.0,60.2809,16.9157
909.0,775.0,2.0,1.0,796.0,89.0,724.0,22.0,756.0,41.0,116.0,27.0,899.0,27.0,4.681802e-05,41.47356,98416.24,10472090.0,72.6019,25.1565
701.0,770.0,1.0,1.0,796.0,86.0,950.0,22.0,722.0,25.0,187.0,35.0,895.0,20.0,7.154122e-05,39.70552,370846.0,30874990.0,48.9759,13.2678
439.0,887.0,3.0,3.0,509.0,84.0,805.0,64.0,568.0,66.0,365.0,48.0,944.0,38.0,3.131842e-05,63.75352,6930.448,10472090.0,57.8273,12.1415
449.0,817.0,4.0,3.0,523.0,86.0,803.0,64.0,613.0,39.0,296.0,62.0,969.0,37.0,0.0001015417,25.49161,577079.0,8193759.0,114.024,28.5287
701.0,830.0,2.0,2.0,882.0,86.0,823.0,28.0,712.0,18.0,549.0,77.0,971.0,82.0,8.320293e-05,66.04008,10785.12,16295760.0,88.7044,40.1891
694.0,887.0,1.0,1.0,903.0,91.0,822.0,25.0,708.0,19.0,519.0,83.0,980.0,72.0,2.773352e-05,64.74635,6930.448,12750420.0,60.3275,15.1706
888.0,762.0,1.0,1.0,794.0,92.0,886.0,14.0,590.0,55.0,141.0,25.0,983.0,20.0,2.930378e-05,33.65719,370846.0,12750420.0,57.8411,17.5912
779.0,958.0,1.0,3.0,277.0,67.0,481.0,74.0,609.0,15.0,687.0,44.0,145.0,42.0,1.820269e-05,56.69173,16783.42,10472090.0,57.6637,14.5768
710.0,634.0,2.0,1.0,790.0,54.0,622.0,21.0,685.0,41.0,974.0,10.0,903.0,27.0,0.000114648,17.57139,1397391.0,8193759.0,57.8319,17.0636
315.0,839.0,1.0,3.0,274.0,30.0,470.0,52.0,584.0,43.0,726.0,82.0,505.0,50.0,0.0001210625,61.57464,63244.55,95551890.0,63.8394,18.3465
324.0,675.0,6.0,1.0,544.0,83.0,986.0,71.0,174.0,57.0,153.0,29.0,878.0,19.0,0.0003604002,57.24909,63244.55,48044980.0,108.248,32.6104
885.0,755.0,1.0,1.0,759.0,88.0,878.0,19.0,713.0,42.0,168.0,38.0,976.0,13.0,4.451772e-05,64.15479,26117.46,25358040.0,44.517,10.8884
322.0,861.0,1.0,1.0,523.0,14.0,908.0,25.0,883.0,69.0,171.0,85.0,663.0,23.0,2.735699e-05,47.47692,63244.55,12750420.0,52.6809,13.6338
740.0,694.0,2.0,1.0,356.0,15.0,147.0,63.0,443.0,33.0,140.0,55.0,862.0,42.0,0.0003219646,36.69579,898000.8,48044980.0,102.955,27.5466
484.0,873.0,1.0,2.0,918.0,34.0,473.0,44.0,625.0,60.0,282.0,82.0,983.0,84.0,5.936905e-05,62.0543,26117.46,30874990.0,62.7303,37.134
251.0,874.0,5.0,6.0,613.0,83.0,317.0,70.0,396.0,90.0,817.0,89.0,785.0,15.0,7.165833e-05,19.57673,577079.0,3383770.0,43.7601,12.7594
696.0,638.0,8.0,1.0,430.0,69.0,226.0,12.0,200.0,44.0,257.0,30.0,893.0,26.0,0.0002420207,33.49294,370846.0,16295760.0,122.239,31.3622
532.0,923.0,1.0,3.0,626.0,11.0,159.0,25.0,156.0,17.0,536.0,66.0,202.0,58.0,3.119524e-05,45.22716,98416.24,12750420.0,82.8561,36.2032
740.0,694.0,2.0,1.0,829.0,14.0,518.0,65.0,882.0,26.0,147.0,93.0,119.0,81.0,0.000616027,29.70395,370846.0,10472090.0,97.1081,58.9593
953.0,770.0,1.0,1.0,794.0,90.0,912.0,13.0,757.0,27.0,141.0,35.0,994.0,21.0,3.302829e-05,44.37969,63244.55,10472090.0,68.1683,22.9957
773.0,810.0,1.0,6.0,536.0,76.0,996.0,66.0,173.0,57.0,193.0,33.0,779.0,18.0,7.596355e-05,59.56077,98416.24,95551890.0,73.0368,20.0099
801.0,966.0,1.0,2.0,299.0,69.0,409.0,62.0,584.0,42.0,723.0,61.0,120.0,35.0,1.212285e-05,49.26747,40642.28,8193759.0,50.7139,11.4106
272.0,679.0,8.0,1.0,806.0,79.0,799.0,44.0,673.0,50.0,581.0,83.0,975.0,44.0,0.0003814496,57.02923,40642.28,30874990.0,121.96,28.1117
709.0,840.0,2.0,1.0,922.0,83.0,787.0,33.0,703.0,51.0,523.0,70.0,929.0,47.0,5.187653e-05,59.36418,26117.46,16295760.0,61.6077,14.6494
528.0,828.0,5.0,6.0,613.0,83.0,317.0,25.0,397.0,90.0,831.0,83.0,785.0,22.0,6.638517e-05,56.90765,26117.46,48044980.0,70.107,18.2092
694.0,864.0,1.0,1.0,903.0,91.0,822.0,25.0,724.0,18.0,519.0,81.0,980.0,79.0,4.506613e-05,65.02634,10785.12,16295760.0,62.9636,17.7304
300.0,683.0,8.0,2.0,916.0,22.0,976.0,42.0,670.0,56.0,994.0,83.0,980.0,46.0,0.0002510626,32.62471,238315.2,8193759.0,136.688,20.5922
918.0,768.0,1.0,1.0,729.0,88.0,894.0,11.0,580.0,40.0,139.0,30.0,896.0,23.0,2.695135e-05,33.44216,238315.2,8193759.0,68.6226,24.8822
368.0,779.0,1.0,1.0,372.0,15.0,943.0,19.0,880.0,70.0,148.0,93.0,597.0,29.0,9.616724e-05,59.44205,40642.28,30874990.0,70.5924,50.9815
323.0,683.0,8.0,1.0,746.0,78.0,686.0,71.0,405.0,58.0,220.0,25.0,966.0,27.0,0.0004730014,49.87,98416.24,39459980.0,117.193,36.7527
491.0,902.0,2.0,2.0,603.0,13.0,113.0,25.0,275.0,20.0,560.0,61.0,321.0,24.0,3.798433e-05,29.2012,238315.2,6729644.0,59.694,12.4502
472.0,900.0,1.0,1.0,540.0,4.0,797.0,60.0,575.0,71.0,357.0,45.0,354.0,31.0,2.576678e-05,41.66726,98416.24,10472090.0,61.1102,14.4003
719.0,773.0,2.0,1.0,168.0,6.0,644.0,9.0,210.0,45.0,323.0,86.0,960.0,15.0,4.074104e-05,50.09594,40642.28,10472090.0,73.1336,16.9775
734.0,694.0,4.0,1.0,224.0,66.0,521.0,72.0,829.0,33.0,540.0,50.0,829.0,44.0,0.000473646,28.07037,1397391.0,30874990.0,100.732,20.3181
334.0,862.0,1.0,1.0,399.0,19.0,934.0,21.0,865.0,66.0,179.0,93.0,605.0,24.0,2.659726e-05,60.08815,16783.42,12750420.0,57.3994,16.4335
471.0,855.0,1.0,2.0,419.0,4.0,877.0,60.0,424.0,65.0,370.0,48.0,301.0,37.0,5.0119e-05,24.4641,898000.8,10472090.0,82.8275,37.5523
268.0,861.0,1.0,1.0,386.0,14.0,971.0,15.0,884.0,69.0,170.0,88.0,663.0,23.0,2.149641e-05,57.38583,16783.42,8193759.0,61.5657,18.9067
673.0,389.0,4.0,1.0,284.0,78.0,581.0,7.0,219.0,1.0,744.0,81.0,999.0,89.0,0.001639537,58.45257,63244.55,74763430.0,138.315,16.8436
696.0,861.0,1.0,1.0,902.0,91.0,819.0,24.0,717.0,17.0,544.0,83.0,971.0,81.0,4.8022e-05,64.41633,10785.12,16295760.0,64.1121,18.5999
565.0,854.0,1.0,1.0,971.0,31.0,495.0,47.0,601.0,60.0,401.0,82.0,988.0,81.0,7.971926e-05,63.23029,40642.28,39459980.0,54.4017,16.2767
612.0,704.0,2.0,3.0,828.0,48.0,759.0,35.0,542.0,13.0,630.0,33.0,543.0,82.0,0.0002795069,27.76263,898000.8,25358040.0,34.7693,11.9276
709.0,681.0,2.0,1.0,781.0,95.0,736.0,19.0,189.0,34.0,101.0,16.0,895.0,27.0,0.0001206698,30.39981,898000.8,25358040.0,89.4927,44.2153
630.0,268.0,4.0,1.0,968.0,80.0,299.0,66.0,300.0,73.0,611.0,40.0,795.0,2.0,0.0007256692,25.20276,2174500.0,39459980.0,55.0652,23.2904
610.0,720.0,6.0,3.0,632.0,78.0,889.0,22.0,306.0,87.0,307.0,90.0,792.0,14.0,0.0001072562,59.33617,16783.42,39459980.0,131.642,23.1968
619.0,873.0,1.0,2.0,915.0,31.0,474.0,45.0,581.0,57.0,396.0,74.0,999.0,96.0,5.919078e-05,59.95583,40642.28,30874990.0,64.577,35.0933
544.0,885.0,3.0,3.0,599.0,13.0,113.0,27.0,149.0,14.0,530.0,26.0,190.0,25.0,5.25227e-05,46.11029,63244.55,10472090.0,93.586,40.9927
728.0,359.0,2.0,4.0,751.0,42.0,785.0,22.0,711.0,41.0,266.0,37.0,907.0,27.0,0.0002746345,35.18138,577079.0,231377800.0,33.1139,14.4877
754.0,816.0,1.0,1.0,927.0,6.0,981.0,74.0,161.0,74.0,611.0,54.0,824.0,16.0,2.492542e-05,20.26661,577079.0,5265529.0,57.7777,12.9589
753.0,887.0,1.0,4.0,372.0,68.0,456.0,75.0,609.0,14.0,535.0,46.0,127.0,43.0,0.0001010029,58.68538,63244.55,95551890.0,90.1583,21.4491
332.0,846.0,1.0,1.0,403.0,20.0,934.0,19.0,867.0,74.0,148.0,87.0,610.0,32.0,3.893429e-05,56.95983,26117.46,16295760.0,64.2864,24.8034
753.0,694.0,1.0,1.0,272.0,32.0,532.0,63.0,602.0,31.0,536.0,84.0,829.0,43.0,0.000354863,33.51001,2174500.0,74763430.0,64.6222,15.5586
748.0,970.0,1.0,4.0,336.0,66.0,522.0,71.0,607.0,40.0,530.0,65.0,102.0,49.0,1.433963e-05,47.60173,40642.28,6729644.0,71.6064,26.4162
260.0,829.0,1.0,1.0,578.0,85.0,973.0,16.0,858.0,82.0,109.0,91.0,638.0,31.0,4.628992e-05,57.37786,26117.46,16295760.0,61.3351,28.0133
489.0,857.0,1.0,2.0,472.0,40.0,572.0,40.0,588.0,59.0,303.0,24.0,998.0,83.0,4.360141e-05,27.46199,898000.8,16295760.0,65.7312,53.019
377.0,810.0,1.0,1.0,358.0,14.0,950.0,19.0,881.0,73.0,148.0,91.0,628.0,31.0,6.44779e-05,58.38077,40642.28,19841090.0,67.4752,35.8293
609.0,800.0,1.0,3.0,979.0,71.0,800.0,11.0,611.0,37.0,213.0,97.0,155.0,2.0,2.890299e-05,28.09284,370846.0,8193759.0,48.9224,18.0436
212.0,524.0,6.0,8.0,233.0,22.0,305.0,85.0,583.0,59.0,986.0,37.0,897.0,32.0,0.002491126,27.72481,2174500.0,560278700.0,7.45153,3.44074
347.0,784.0,1.0,1.0,414.0,19.0,868.0,18.0,878.0,74.0,171.0,93.0,597.0,22.0,7.741786e-05,60.7174,40642.28,30874990.0,64.3268,35.3635
373.0,861.0,1.0,1.0,340.0,14.0,966.0,15.0,923.0,73.0,205.0,94.0,740.0,22.0,1.959211e-05,58.74108,16783.42,8193759.0,57.7133,16.8584
899.0,755.0,1.0,1.0,764.0,87.0,878.0,8.0,710.0,42.0,112.0,38.0,968.0,12.0,3.235286e-05,58.95826,26117.46,16295760.0,57.297,15.4308
709.0,470.0,2.0,1.0,791.0,93.0,778.0,93.0,173.0,43.0,175.0,37.0,914.0,58.0,0.0005799181,27.8603,3383769.0,95551890.0,69.0032,12.9044
726.0,756.0,2.0,1.0,425.0,15.0,614.0,10.0,241.0,5.0,283.0,30.0,691.0,24.0,9.068413e-05,60.17992,16783.42,16295760.0,85.9765,50.1703
646.0,534.0,3.0,5.0,418.0,47.0,159.0,93.0,658.0,23.0,685.0,98.0,952.0,72.0,0.001540808,19.2678,3383769.0,116340400.0,-13.2694,-7.33554
345.0,790.0,1.0,1.0,376.0,29.0,976.0,27.0,872.0,78.0,178.0,89.0,591.0,29.0,9.452101e-05,60.82319,40642.28,39459980.0,64.2069,45.2503
538.0,736.0,8.0,1.0,642.0,70.0,323.0,22.0,362.0,57.0,797.0,96.0,825.0,22.0,0.0001973768,62.60243,16783.42,16295760.0,84.7503,32.3183
657.0,774.0,1.0,3.0,980.0,67.0,837.0,9.0,570.0,37.0,345.0,98.0,147.0,4.0,4.960707e-05,58.90979,26117.46,19841090.0,76.4475,42.1721
776.0,856.0,1.0,5.0,978.0,11.0,981.0,62.0,172.0,58.0,206.0,33.0,695.0,18.0,2.619998e-05,34.29792,238315.2,12750420.0,69.6831,34.0639
227.0,339.0,4.0,1.0,671.0,8.0,638.0,34.0,691.0,3.0,363.0,65.0,254.0,28.0,0.00273296,-12.16,-10.0,-10.0,123.56,33.0232
758.0,347.0,1.0,9.0,643.0,77.0,718.0,35.0,630.0,23.0,872.0,88.0,793.0,90.0,0.0004956127,26.68843,2174500.0,95551890.0,2.33359,1.61765
708.0,821.0,1.0,2.0,902.0,89.0,753.0,28.0,725.0,18.0,592.0,82.0,928.0,77.0,9.765196e-05,67.41825,16783.42,39459980.0,72.1123,30.9096
454.0,853.0,1.0,2.0,502.0,41.0,495.0,35.0,576.0,54.0,400.0,82.0,998.0,80.0,7.007801e-05,61.72214,40642.28,39459980.0,65.9176,34.5645
331.0,839.0,1.0,1.0,377.0,9.0,505.0,67.0,635.0,45.0,748.0,85.0,506.0,48.0,0.0001347134,58.587,63244.55,48044980.0,53.4091,16.7163
492.0,874.0,1.0,1.0,493.0,29.0,475.0,43.0,564.0,48.0,395.0,79.0,998.0,88.0,5.772859e-05,63.27884,26117.46,30874990.0,52.5247,13.6006
502.0,844.0,1.0,2.0,887.0,39.0,524.0,47.0,490.0,59.0,332.0,82.0,952.0,86.0,9.667794e-05,61.72691,40642.28,48044980.0,73.6442,36.7635
277.0,846.0,1.0,1.0,889.0,62.0,630.0,16.0,513.0,41.0,165.0,89.0,109.0,18.0,6.22643e-05,51.07853,63244.55,19841090.0,79.7684,54.6168
712.0,973.0,1.0,2.0,274.0,17.0,522.0,73.0,527.0,42.0,726.0,87.0,519.0,50.0,8.278726e-06,62.82906,6930.448,6729644.0,30.2488,5.92589
656.0,749.0,1.0,3.0,930.0,64.0,834.0,13.0,601.0,38.0,365.0,97.0,180.0,4.0,7.440815e-05,56.31096,63244.55,39459980.0,75.0562,32.9635
370.0,969.0,1.0,2.0,278.0,59.0,404.0,73.0,608.0,40.0,689.0,44.0,103.0,39.0,1.299504e-05,46.0236,63244.55,10472090.0,62.4371,16.7453
744.0,896.0,1.0,1.0,900.0,88.0,827.0,26.0,637.0,15.0,544.0,84.0,979.0,78.0,2.509031e-05,65.94312,6930.448,10472090.0,62.1348,15.3252
567.0,796.0,7.0,1.0,372.0,16.0,973.0,15.0,881.0,92.0,889.0,93.0,569.0,33.0,3.48998e-05,26.35605,63244.55,1397392.0,86.3979,54.4547
724.0,735.0,2.0,1.0,188.0,3.0,503.0,9.0,256.0,41.0,312.0,84.0,893.0,19.0,6.248098e-05,37.40513,153147.4,10472090.0,83.6443,32.6601
887.0,744.0,1.0,1.0,789.0,88.0,933.0,14.0,637.0,44.0,143.0,36.0,967.0,21.0,4.363575e-05,40.05222,238315.2,16295760.0,63.5327,23.6877
320.0,839.0,1.0,2.0,273.0,17.0,536.0,60.0,908.0,32.0,535.0,85.0,579.0,50.0,0.0001207038,22.14305,1397391.0,16295760.0,65.2804,27.687
887.0,750.0,1.0,1.0,717.0,90.0,745.0,23.0,652.0,34.0,132.0,35.0,881.0,25.0,7.429386e-05,52.93934,98416.24,30874990.0,62.2103,26.0887
544.0,885.0,1.0,3.0,634.0,14.0,112.0,32.0,149.0,14.0,530.0,25.0,190.0,25.0,6.014297e-05,50.36957,98416.24,30874990.0,74.82,38.7332
316.0,876.0,6.0,6.0,263.0,84.0,853.0,76.0,353.0,94.0,323.0,88.0,338.0,23.0,4.774067e-05,57.3893,10785.12,25358040.0,119.092,21.9257
753.0,694.0,4.0,1.0,245.0,31.0,862.0,63.0,915.0,32.0,536.0,50.0,829.0,44.0,0.000309901,64.59758,26117.46,39459980.0,104.655,20.83
914.0,771.0,1.0,1.0,796.0,88.0,884.0,9.0,750.0,32.0,167.0,36.0,887.0,20.0,3.280326e-05,41.74583,98416.24,10472090.0,67.32,24.1595
736.0,553.0,3.0,1.0,441.0,79.0,579.0,7.0,230.0,1.0,762.0,31.0,933.0,94.0,0.0004260037,30.69704,577079.0,12750420.0,108.594,31.2273
888.0,828.0,1.0,1.0,713.0,92.0,887.0,10.0,580.0,41.0,139.0,21.0,896.0,18.0,1.543398e-05,36.27078,153147.4,6729644.0,55.6778,12.6117
703.0,911.0,1.0,4.0,206.0,68.0,533.0,72.0,945.0,14.0,527.0,83.0,101.0,49.0,9.85535e-05,56.07823,63244.55,30874990.0,91.2409,22.6197
717.0,829.0,1.0,6.0,536.0,78.0,968.0,55.0,173.0,74.0,209.0,33.0,779.0,17.0,5.08488e-05,43.30477,370846.0,39459980.0,69.1152,22.3805
367.0,797.0,1.0,1.0,398.0,11.0,933.0,13.0,844.0,76.0,147.0,92.0,609.0,23.0,5.657674e-05,56.4737,40642.28,16295760.0,68.8095,34.1696
505.0,873.0,4.0,3.0,599.0,15.0,113.0,32.0,149.0,18.0,530.0,66.0,190.0,68.0,0.0001104249,36.34427,153147.4,10472090.0,126.773,26.0269
739.0,694.0,4.0,1.0,331.0,32.0,892.0,92.0,927.0,31.0,556.0,50.0,829.0,47.0,0.0003623491,61.1607,40642.28,48044980.0,106.765,21.0938
693.0,709.0,1.0,1.0,789.0,88.0,933.0,11.0,762.0,27.0,100.0,25.0,992.0,26.0,0.0001061232,60.9518,40642.28,39459980.0,69.3577,60.4302
653.0,750.0,1.0,3.0,930.0,66.0,836.0,5.0,633.0,47.0,356.0,90.0,151.0,5.0,4.816482e-05,44.381,98416.24,12750420.0,83.3647,51.4419
493.0,887.0,3.0,1.0,620.0,15.0,121.0,24.0,462.0,15.0,536.0,66.0,190.0,68.0,9.551973e-05,56.50974,16783.42,10472090.0,88.2566,45.5132
268.0,805.0,1.0,1.0,385.0,14.0,948.0,15.0,884.0,78.0,169.0,77.0,663.0,19.0,4.491377e-05,58.72354,26117.46,19841090.0,61.1912,22.8192
522.0,839.0,1.0,2.0,381.0,30.0,538.0,46.0,591.0,59.0,350.0,87.0,993.0,84.0,0.0001013866,63.11631,40642.28,61404200.0,72.0924,32.1644
442.0,870.0,4.0,3.0,521.0,82.0,790.0,61.0,598.0,71.0,376.0,50.0,936.0,40.0,4.271113e-05,63.70841,6930.448,10472090.0,76.2989,33.5119
454.0,272.0,9.0,7.0,414.0,71.0,293.0,34.0,536.0,19.0,800.0,64.0,897.0,89.0,0.003079015,33.54988,898000.8,871857100.0,-6.88785,-5.44649
726.0,747.0,1.0,1.0,201.0,16.0,621.0,8.0,196.0,43.0,337.0,70.0,691.0,24.0,4.633738e-05,26.28249,898000.8,16295760.0,78.9645,34.9758
697.0,878.0,1.0,6.0,969.0,81.0,953.0,36.0,461.0,52.0,215.0,33.0,655.0,18.0,1.930966e-05,60.52453,16783.42,16295760.0,52.4931,23.0049
754.0,856.0,1.0,6.0,959.0,80.0,948.0,56.0,361.0,51.0,277.0,32.0,746.0,14.0,3.422314e-05,61.37499,40642.28,25358040.0,42.0594,23.1551
663.0,900.0,1.0,1.0,903.0,91.0,822.0,27.0,708.0,17.0,519.0,83.0,981.0,79.0,2.379636e-05,66.1536,6930.448,10472090.0,60.6927,14.8465
543.0,864.0,4.0,3.0,581.0,15.0,131.0,32.0,140.0,18.0,530.0,25.0,190.0,76.0,7.620807e-05,14.09776,577079.0,2779135.0,127.967,26.8872
206.0,795.0,1.0,1.0,379.0,64.0,426.0,59.0,524.0,66.0,355.0,19.0,634.0,87.0,0.0001908786,21.04734,5265528.0,48044980.0,64.1483,40.3684
569.0,519.0,6.0,1.0,519.0,71.0,635.0,31.0,854.0,87.0,922.0,11.0,847.0,69.0,0.0003804046,9.746954,1397391.0,4324649.0,115.809,40.4606
224.0,306.0,9.0,8.0,472.0,53.0,302.0,75.0,691.0,50.0,208.0,34.0,460.0,82.0,0.006039482,23.76788,3383769.0,2570507000.0,26.9421,15.2757
710.0,677.0,2.0,1.0,775.0,94.0,839.0,14.0,723.0,46.0,103.0,32.0,893.0,27.0,0.0001489821,48.2795,153147.4,30874990.0,85.7065,57.5299
322.0,861.0,1.0,1.0,439.0,15.0,935.0,16.0,884.0,70.0,180.0,90.0,664.0,23.0,2.225656e-05,58.8062,16783.42,10472090.0,59.8781,17.868
515.0,899.0,1.0,2.0,498.0,3.0,788.0,60.0,434.0,65.0,261.0,48.0,294.0,38.0,2.955118e-05,36.59779,153147.4,10472090.0,76.1467,28.4935
518.0,966.0,1.0,4.0,170.0,12.0,446.0,6.0,539.0,94.0,454.0,59.0,978.0,53.0,2.918707e-06,37.41237,16783.42,898001.8,70.6142,22.2871
717.0,819.0,1.0,6.0,536.0,78.0,968.0,55.0,173.0,74.0,209.0,33.0,779.0,17.0,5.871437e-05,42.46213,370846.0,48044980.0,72.0328,22.6485
753.0,955.0,4.0,1.0,246.0,32.0,862.0,66.0,915.0,33.0,724.0,50.0,115.0,44.0,1.346547e-05,46.14701,10785.12,1785947.0,80.1376,20.9248
476.0,863.0,1.0,2.0,484.0,31.0,521.0,51.0,576.0,59.0,395.0,83.0,994.0,84.0,7.22844e-05,63.40218,40642.28,39459980.0,61.7518,30.2965
715.0,735.0,2.0,1.0,248.0,17.0,628.0,9.0,196.0,43.0,355.0,74.0,691.0,22.0,5.688642e-05,28.77863,577079.0,10472090.0,86.2527,41.0713
232.0,347.0,4.0,2.0,666.0,11.0,550.0,24.0,169.0,2.0,436.0,79.0,691.0,48.0,0.001872954,-0.1567885,-10.0,-10.0,151.122,20.4123
667.0,806.0,1.0,6.0,492.0,79.0,984.0,64.0,179.0,58.0,210.0,33.0,798.0,15.0,8.081141e-05,59.65657,98416.24,95551890.0,70.0015,24.0582
329.0,675.0,7.0,1.0,544.0,6.0,997.0,79.0,178.0,57.0,150.0,28.0,872.0,13.0,0.0003098605,44.88366,63244.55,10472090.0,90.3187,45.9034
474.0,854.0,1.0,2.0,472.0,38.0,548.0,40.0,588.0,59.0,303.0,24.0,998.0,83.0,4.760972e-05,27.77311,898000.8,16295760.0,66.575,52.7408
371.0,959.0,1.0,1.0,397.0,64.0,405.0,74.0,668.0,44.0,577.0,48.0,104.0,50.0,1.829561e-05,45.98526,63244.55,12750420.0,62.6874,16.9142
532.0,654.0,1.0,2.0,290.0,81.0,187.0,61.0,504.0,33.0,775.0,14.0,974.0,23.0,0.001192552,28.85141,12750420.0,231377800.0,45.9444,18.0789
717.0,899.0,1.0,1.0,902.0,89.0,760.0,33.0,734.0,16.0,591.0,79.0,923.0,73.0,2.610279e-05,45.19689,63244.55,10472090.0,53.9231,13.0189
226.0,377.0,1.0,1.0,981.0,92.0,961.0,71.0,189.0,58.0,150.0,24.0,954.0,13.0,0.001378352,49.39341,1397391.0,682174000.0,75.7917,22.3731
272.0,717.0,5.0,1.0,631.0,83.0,907.0,69.0,358.0,98.0,763.0,96.0,365.0,14.0,0.0002787927,40.13497,370846.0,30874990.0,97.4559,25.1021
680.0,829.0,1.0,6.0,990.0,87.0,956.0,50.0,393.0,56.0,251.0,33.0,759.0,17.0,5.158219e-05,62.5249,40642.28,48044980.0,65.5531,29.836
838.0,646.0,1.0,5.0,890.0,12.0,446.0,26.0,719.0,54.0,814.0,19.0,618.0,73.0,1.928792e-05,-1.675007,-10.0,-10.0,94.1899,81.8074
321.0,210.0,3.0,1.0,906.0,34.0,740.0,63.0,492.0,44.0,279.0,66.0,542.0,66.0,0.002186171,27.17529,2174500.0,95551890.0,52.6651,10.0588
701.0,836.0,2.0,2.0,901.0,86.0,823.0,28.0,719.0,15.0,525.0,83.0,971.0,82.0,7.862163e-05,52.8576,40642.28,12750420.0,87.8247,39.8772
320.0,916.0,1.0,2.0,271.0,14.0,521.0,61.0,921.0,42.0,726.0,85.0,519.0,50.0,3.052363e-05,38.29963,238315.2,12750420.0,40.8695,10.2909
562.0,853.0,3.0,3.0,559.0,80.0,816.0,63.0,613.0,70.0,337.0,47.0,925.0,38.0,5.633292e-05,64.5067,10785.12,16295760.0,80.0518,40.5413
888.0,771.0,1.0,1.0,730.0,92.0,887.0,11.0,591.0,43.0,140.0,27.0,896.0,18.0,2.885902e-05,36.8507,238315.2,12750420.0,60.7615,17.2914
654.0,830.0,2.0,2.0,882.0,83.0,823.0,28.0,720.0,16.0,523.0,82.0,971.0,82.0,8.626165e-05,60.33356,16783.42,16295760.0,89.4685,39.0708
205.0,886.0,1.0,1.0,946.0,64.0,654.0,15.0,603.0,44.0,308.0,76.0,206.0,16.0,2.082847e-05,52.50368,26117.46,10472090.0,66.0651,17.9088
528.0,742.0,5.0,1.0,612.0,78.0,317.0,23.0,377.0,66.0,831.0,83.0,807.0,22.0,0.0001911056,63.77036,26117.46,30874990.0,72.9923,21.7564
771.0,952.0,1.0,3.0,277.0,67.0,456.0,75.0,608.0,18.0,687.0,44.0,127.0,42.0,2.096097e-05,54.14646,40642.28,12750420.0,60.6387,15.7464
888.0,768.0,1.0,1.0,730.0,92.0,887.0,9.0,580.0,41.0,121.0,21.0,911.0,18.0,2.432919e-05,33.71992,238315.2,10472090.0,63.2633,18.3624
286.0,473.0,8.0,5.0,649.0,94.0,492.0,10.0,881.0,17.0,795.0,39.0,279.0,66.0,0.0005777075,18.94841,898000.8,74763430.0,62.4691,0.0
656.0,785.0,1.0,3.0,937.0,65.0,834.0,14.0,582.0,38.0,425.0,96.0,180.0,5.0,5.464565e-05,62.64635,26117.46,25358040.0,69.8993,32.0395
503.0,900.0,1.0,2.0,748.0,6.0,829.0,63.0,434.0,65.0,251.0,48.0,301.0,38.0,2.989165e-05,41.02776,153147.4,10472090.0,74.2818,26.7622
753.0,829.0,1.0,6.0,539.0,6.0,968.0,50.0,166.0,57.0,209.0,33.0,773.0,17.0,3.23441e-05,31.29744,370846.0,12750420.0,84.7514,29.1012
456.0,907.0,2.0,1.0,485.0,84.0,828.0,67.0,592.0,69.0,387.0,43.0,290.0,36.0,2.394578e-05,35.2374,153147.4,6729644.0,60.2951,12.4224
330.0,679.0,8.0,2.0,926.0,79.0,986.0,51.0,728.0,58.0,996.0,84.0,966.0,47.0,0.0003155611,38.83807,238315.2,74763430.0,48.1166,13.7517
481.0,806.0,1.0,1.0,863.0,32.0,474.0,44.0,551.0,62.0,354.0,80.0,990.0,79.0,0.0001643476,62.42949,63244.55,61404200.0,65.8721,37.1879
522.0,865.0,1.0,2.0,506.0,28.0,522.0,51.0,573.0,58.0,392.0,13.0,975.0,85.0,4.170716e-05,20.17779,1397391.0,10472090.0,56.7691,26.8228
652.0,764.0,1.0,3.0,992.0,66.0,788.0,10.0,601.0,38.0,360.0,97.0,186.0,3.0,4.855417e-05,45.17169,153147.4,19841090.0,64.3061,33.0978
379.0,794.0,1.0,1.0,426.0,20.0,894.0,15.0,921.0,65.0,214.0,91.0,603.0,20.0,5.891135e-05,61.10726,26117.46,25358040.0,63.3381,27.6042
463.0,887.0,3.0,3.0,599.0,19.0,157.0,33.0,481.0,21.0,585.0,66.0,177.0,71.0,9.59302e-05,53.0203,40642.28,12750420.0,114.735,28.4236
464.0,877.0,3.0,3.0,570.0,84.0,804.0,64.0,617.0,74.0,376.0,51.0,943.0,28.0,3.477608e-05,53.24996,26117.46,10472090.0,45.6467,8.45649
597.0,825.0,1.0,2.0,957.0,33.0,480.0,45.0,585.0,44.0,400.0,84.0,997.0,97.0,0.000138741,63.56036,40642.28,61404200.0,80.9335,31.9501
713.0,779.0,2.0,1.0,439.0,70.0,615.0,9.0,231.0,5.0,778.0,29.0,970.0,35.0,4.822839e-05,33.24626,238315.2,8193759.0,75.4089,20.6734
671.0,625.0,7.0,1.0,427.0,71.0,198.0,21.0,251.0,11.0,763.0,69.0,869.0,92.0,0.0007496866,36.97462,577079.0,148689600.0,48.6833,18.4661
801.0,610.0,7.0,6.0,525.0,14.0,639.0,15.0,632.0,19.0,189.0,46.0,812.0,27.0,0.0001539726,41.01687,40642.28,8193759.0,110.05,14.7981
472.0,887.0,2.0,2.0,599.0,15.0,112.0,30.0,461.0,21.0,531.0,67.0,194.0,72.0,0.0001044974,55.49133,40642.28,19841090.0,97.821,31.9605
331.0,839.0,3.0,2.0,245.0,16.0,896.0,62.0,897.0,42.0,724.0,50.0,500.0,52.0,7.959034e-05,33.33659,238315.2,10472090.0,94.6453,36.3273
564.0,858.0,3.0,3.0,494.0,82.0,832.0,63.0,717.0,65.0,386.0,47.0,924.0,36.0,5.069104e-05,65.14387,10785.12,16295760.0,72.9784,37.5754
379.0,827.0,1.0,1.0,452.0,28.0,975.0,26.0,872.0,74.0,184.0,89.0,566.0,19.0,4.571138e-05,53.61215,63244.55,19841090.0,51.6402,15.459
345.0,862.0,1.0,1.0,442.0,13.0,935.0,18.0,923.0,66.0,179.0,94.0,606.0,23.0,2.436377e-05,60.21007,10785.12,10472090.0,60.1536,18.1581
419.0,899.0,1.0,3.0,447.0,79.0,787.0,68.0,616.0,74.0,273.0,46.0,339.0,38.0,3.330987e-05,50.72796,98416.24,19841090.0,60.3186,42.1901
731.0,287.0,1.0,1.0,987.0,6.0,990.0,67.0,145.0,66.0,626.0,27.0,779.0,1.0,3.241953e-05,20.58508,898000.8,8193759.0,67.436,16.6611
527.0,739.0,8.0,1.0,644.0,69.0,295.0,22.0,358.0,57.0,799.0,96.0,805.0,26.0,0.0002123025,64.58816,10785.12,19841090.0,90.8035,31.9594
650.0,859.0,2.0,1.0,792.0,83.0,854.0,28.0,541.0,49.0,465.0,69.0,971.0,47.0,3.286209e-05,52.87923,26117.46,10472090.0,64.6352,14.0497
706.0,718.0,1.0,1.0,886.0,94.0,932.0,15.0,718.0,29.0,170.0,34.0,604.0,15.0,0.0001060227,64.50831,40642.28,48044980.0,63.1207,53.4922
661.0,632.0,1.0,1.0,775.0,93.0,827.0,21.0,771.0,43.0,136.0,37.0,883.0,25.0,0.0002618476,63.47753,98416.24,116340400.0,73.3507,51.1202
317.0,391.0,4.0,1.0,812.0,15.0,778.0,98.0,969.0,41.0,866.0,12.0,347.0,2.0,0.0006979137,51.58497,98416.24,30874990.0,64.9855,14.5201
484.0,850.0,1.0,2.0,890.0,31.0,471.0,46.0,623.0,59.0,395.0,84.0,992.0,90.0,9.2009e-05,63.35314,40642.28,39459980.0,69.2209,37.8629
334.0,356.0,6.0,9.0,296.0,30.0,519.0,81.0,347.0,21.0,986.0,32.0,509.0,51.0,0.002204597,16.48739,5265528.0,560278700.0,53.1134,15.0393
364.0,895.0,1.0,6.0,953.0,83.0,846.0,75.0,356.0,88.0,323.0,88.0,335.0,16.0,3.000512e-05,60.59976,26117.46,25358040.0,48.2512,22.1092
717.0,691.0,2.0,1.0,711.0,95.0,736.0,19.0,219.0,34.0,100.0,33.0,895.0,27.0,0.0001569105,43.62801,370846.0,39459980.0,89.8026,42.9554
705.0,632.0,2.0,1.0,796.0,89.0,742.0,21.0,787.0,42.0,167.0,34.0,915.0,24.0,0.0002435335,64.84516,40642.28,61404200.0,89.1915,52.9297
673.0,391.0,9.0,7.0,361.0,59.0,450.0,76.0,527.0,41.0,880.0,88.0,368.0,16.0,0.001154552,39.70682,370846.0,560278700.0,-12.456,-7.46665
732.0,801.0,1.0,5.0,556.0,80.0,992.0,70.0,180.0,56.0,183.0,27.0,794.0,18.0,9.185255e-05,59.28729,98416.24,95551890.0,73.0244,23.6333
542.0,913.0,1.0,3.0,632.0,14.0,111.0,20.0,156.0,24.0,513.0,55.0,201.0,21.0,2.614547e-05,53.69043,40642.28,16295760.0,61.4814,19.0529
320.0,816.0,1.0,2.0,273.0,17.0,447.0,51.0,583.0,42.0,724.0,85.0,519.0,49.0,0.0001735867,61.40497,98416.24,95551890.0,67.3977,21.002
347.0,876.0,6.0,5.0,250.0,81.0,835.0,73.0,372.0,94.0,323.0,89.0,361.0,23.0,4.655994e-05,58.26641,10785.12,10472090.0,123.249,25.0018
682.0,856.0,1.0,5.0,918.0,10.0,981.0,48.0,367.0,58.0,227.0,33.0,778.0,17.0,3.043619e-05,58.56161,26117.46,16295760.0,62.6336,29.3829
345.0,876.0,6.0,6.0,263.0,80.0,844.0,76.0,353.0,94.0,323.0,88.0,338.0,23.0,4.793402e-05,57.57769,10785.12,25358040.0,119.514,21.6238
357.0,813.0,1.0,1.0,441.0,12.0,975.0,18.0,884.0,70.0,211.0,89.0,605.0,16.0,4.173892e-05,59.8437,26117.46,19841090.0,58.1239,18.1525
891.0,935.0,8.0,8.0,437.0,64.0,326.0,8.0,922.0,93.0,693.0,15.0,849.0,51.0,2.317193e-06,12.19436,10785.12,40643.28,85.3429,35.0643
332.0,808.0,1.0,1.0,357.0,15.0,947.0,18.0,875.0,77.0,137.0,93.0,743.0,30.0,5.836226e-05,59.14449,26117.46,19841090.0,64.6313,29.2405
790.0,688.0,4.0,1.0,205.0,13.0,622.0,12.0,197.0,1.0,330.0,82.0,952.0,33.0,0.0001624938,7.800004,370846.0,898001.8,96.0998,36.7339
734.0,373.0,1.0,1.0,984.0,14.0,965.0,64.0,178.0,73.0,495.0,40.0,797.0,3.0,7.188401e-05,25.32586,1397391.0,19841090.0,69.9762,22.8919
484.0,842.0,1.0,2.0,498.0,40.0,477.0,45.0,625.0,59.0,399.0,82.0,962.0,84.0,0.0001017714,63.92236,40642.28,61404200.0,68.0671,32.6992
673.0,919.0,1.0,4.0,971.0,78.0,895.0,43.0,843.0,12.0,255.0,39.0,421.0,22.0,1.349811e-05,26.62766,153147.4,2779135.0,50.2182,12.2143
465.0,383.0,2.0,4.0,738.0,90.0,801.0,94.0,973.0,28.0,543.0,60.0,356.0,37.0,0.002978309,45.79035,1397391.0,1061540000.0,-16.0441,-8.57239
501.0,841.0,1.0,2.0,897.0,39.0,536.0,47.0,490.0,59.0,311.0,82.0,952.0,93.0,0.000104267,61.05372,63244.55,48044980.0,77.5514,37.9451
721.0,759.0,1.0,1.0,450.0,13.0,749.0,8.0,272.0,3.0,725.0,89.0,963.0,32.0,7.947916e-05,27.30792,370846.0,6729644.0,76.9603,29.3342
226.0,886.0,1.0,1.0,932.0,65.0,631.0,15.0,592.0,44.0,188.0,87.0,122.0,14.0,2.65295e-05,52.08899,26117.46,10472090.0,72.5661,25.2406
696.0,912.0,1.0,4.0,338.0,62.0,469.0,92.0,669.0,40.0,555.0,84.0,101.0,51.0,6.575121e-05,52.66379,98416.24,39459980.0,87.1795,21.0942
718.0,678.0,1.0,1.0,794.0,94.0,865.0,12.0,723.0,43.0,103.0,32.0,882.0,11.0,9.382233e-05,60.06663,63244.55,48044980.0,49.2845,16.8922
714.0,743.0,1.0,1.0,796.0,90.0,743.0,21.0,787.0,44.0,167.0,36.0,915.0,24.0,0.0001104183,64.01044,63244.55,61404200.0,51.7279,23.9086
500.0,850.0,1.0,3.0,478.0,81.0,787.0,65.0,619.0,71.0,368.0,52.0,925.0,40.0,6.365731e-05,64.51889,40642.28,48044980.0,48.6848,27.6945
665.0,785.0,1.0,2.0,937.0,57.0,826.0,14.0,582.0,36.0,343.0,96.0,143.0,4.0,5.711975e-05,59.86572,40642.28,25358040.0,64.474,27.2715
377.0,813.0,1.0,1.0,482.0,15.0,975.0,18.0,884.0,70.0,237.0,89.0,602.0,28.0,5.642191e-05,56.82666,40642.28,19841090.0,67.2136,32.0045
326.0,336.0,1.0,7.0,238.0,67.0,841.0,25.0,116.0,43.0,505.0,99.0,751.0,11.0,0.0008411555,52.36561,1397391.0,871857100.0,6.20938,5.73646
325.0,678.0,1.0,1.0,779.0,96.0,997.0,30.0,375.0,42.0,217.0,44.0,934.0,66.0,0.0002324309,33.34678,2174500.0,74763430.0,91.9135,35.9029
685.0,640.0,8.0,1.0,395.0,71.0,662.0,7.0,200.0,47.0,763.0,64.0,933.0,92.0,6.638471e-05,10.48829,370846.0,898001.8,107.861,27.4452
489.0,865.0,1.0,2.0,432.0,32.0,519.0,43.0,469.0,51.0,326.0,83.0,990.0,82.0,6.367756e-05,62.17441,40642.28,39459980.0,66.1909,31.4263
223.0,833.0,4.0,5.0,597.0,86.0,870.0,79.0,414.0,92.0,819.0,90.0,810.0,22.0,8.100052e-05,63.37295,16783.42,48044980.0,79.632,19.0866
701.0,830.0,2.0,2.0,900.0,86.0,823.0,28.0,712.0,18.0,525.0,83.0,971.0,82.0,8.466272e-05,67.03488,10785.12,16295760.0,88.9998,39.9282
888.0,768.0,1.0,1.0,727.0,95.0,848.0,11.0,580.0,41.0,139.0,21.0,896.0,18.0,2.668359e-05,33.93911,238315.2,10472090.0,60.2406,16.9573
489.0,844.0,1.0,2.0,472.0,40.0,572.0,40.0,588.0,59.0,344.0,24.0,975.0,84.0,5.222635e-05,25.87865,898000.8,16295760.0,69.2674,51.8994
268.0,860.0,1.0,1.0,372.0,15.0,934.0,15.0,911.0,68.0,155.0,89.0,665.0,20.0,2.063381e-05,59.01122,16783.42,10472090.0,57.8318,16.3522
530.0,717.0,4.0,1.0,936.0,83.0,295.0,22.0,358.0,86.0,754.0,96.0,805.0,16.0,0.0002295948,61.7309,40642.28,39459980.0,64.2231,20.9963
697.0,858.0,2.0,1.0,891.0,84.0,870.0,28.0,526.0,17.0,464.0,69.0,971.0,83.0,5.119953e-05,61.12544,10785.12,10472090.0,77.5404,22.7576
870.0,694.0,2.0,1.0,319.0,41.0,149.0,64.0,872.0,43.0,537.0,82.0,528.0,42.0,0.0002053722,36.77188,577079.0,30874990.0,86.6868,24.5129
466.0,830.0,3.0,1.0,858.0,89.0,780.0,98.0,607.0,40.0,543.0,60.0,962.0,37.0,0.0001143756,24.93366,577079.0,10472090.0,35.5869,6.20056
493.0,864.0,1.0,1.0,599.0,15.0,149.0,24.0,449.0,17.0,465.0,24.0,190.0,63.0,7.481679e-05,25.40813,898000.8,16295760.0,79.3412,50.2335
522.0,863.0,4.0,3.0,497.0,14.0,113.0,32.0,459.0,14.0,541.0,25.0,297.0,68.0,0.0001157231,38.58365,153147.4,10472090.0,124.974,25.2972
300.0,683.0,8.0,2.0,916.0,19.0,976.0,42.0,670.0,53.0,991.0,84.0,979.0,46.0,0.0002567814,33.03416,153147.4,8193759.0,132.597,21.0901
478.0,885.0,1.0,3.0,610.0,16.0,131.0,31.0,446.0,19.0,519.0,64.0,247.0,61.0,9.568126e-05,60.25,40642.28,39459980.0,91.7957,26.9539
789.0,389.0,4.0,2.0,215.0,16.0,643.0,9.0,221.0,10.0,416.0,83.0,690.0,48.0,0.0002478121,25.64179,577079.0,8193759.0,126.587,15.4673
682.0,829.0,2.0,2.0,900.0,84.0,823.0,24.0,698.0,19.0,525.0,83.0,987.0,82.0,7.928553e-05,63.82371,10785.12,16295760.0,88.9239,42.4801
541.0,834.0,1.0,2.0,388.0,28.0,522.0,47.0,522.0,59.0,553.0,81.0,995.0,85.0,0.0001022652,46.3016,370846.0,48044980.0,67.8708,26.3447
627.0,731.0,1.0,2.0,885.0,67.0,788.0,10.0,610.0,38.0,376.0,99.0,240.0,15.0,0.0001130194,41.14221,370846.0,30874990.0,89.7857,42.794
791.0,701.0,1.0,1.0,381.0,9.0,521.0,69.0,925.0,10.0,557.0,47.0,808.0,39.0,0.0002035056,63.16556,40642.28,39459980.0,77.4935,26.7688
306.0,391.0,4.0,1.0,812.0,91.0,778.0,99.0,614.0,40.0,849.0,12.0,347.0,4.0,0.001748797,44.1641,898000.8,116340400.0,71.9665,28.3353
217.0,821.0,1.0,2.0,926.0,31.0,472.0,51.0,517.0,58.0,560.0,86.0,630.0,87.0,0.0001587117,36.21198,898000.8,48044980.0,83.2261,23.3283
543.0,906.0,1.0,2.0,599.0,12.0,113.0,26.0,103.0,17.0,530.0,50.0,190.0,23.0,3.667689e-05,51.82149,63244.55,19841090.0,60.3557,17.277
848.0,840.0,2.0,2.0,883.0,99.0,823.0,36.0,537.0,54.0,465.0,84.0,936.0,83.0,5.357523e-05,36.38181,153147.4,10472090.0,84.6158,46.6391
903.0,764.0,1.0,1.0,764.0,92.0,878.0,6.0,658.0,43.0,112.0,38.0,976.0,13.0,2.837857e-05,53.19357,26117.46,10472090.0,61.8344,17.2273
673.0,231.0,8.0,4.0,271.0,39.0,721.0,46.0,619.0,80.0,160.0,48.0,728.0,46.0,0.0008545751,32.55397,577079.0,871857100.0,-15.3096,-1.00691
496.0,665.0,8.0,1.0,640.0,66.0,295.0,22.0,358.0,60.0,754.0,96.0,805.0,17.0,0.000364397,32.79652,577079.0,16295760.0,103.265,27.4665
712.0,275.0,1.0,1.0,979.0,8.0,998.0,59.0,302.0,73.0,609.0,44.0,796.0,1.0,5.579005e-05,33.6644,577079.0,19841090.0,59.4047,14.1345
526.0,939.0,1.0,3.0,591.0,8.0,159.0,23.0,170.0,26.0,543.0,49.0,209.0,27.0,1.424058e-05,47.81234,40642.28,8193759.0,63.7116,16.8117
660.0,685.0,1.0,2.0,995.0,67.0,863.0,9.0,540.0,36.0,360.0,87.0,272.0,4.0,8.897931e-05,63.62114,40642.28,39459980.0,72.0597,36.6262
726.0,638.0,3.0,1.0,210.0,82.0,623.0,7.0,200.0,43.0,322.0,32.0,921.0,24.0,6.981505e-05,22.51138,898000.8,8193759.0,95.5487,36.8563
695.0,859.0,1.0,1.0,921.0,95.0,812.0,27.0,537.0,53.0,455.0,82.0,935.0,47.0,3.430688e-05,55.92067,40642.28,19841090.0,49.1726,11.9435
678.0,843.0,1.0,6.0,993.0,11.0,213.0,66.0,191.0,71.0,614.0,39.0,801.0,2.0,6.382369e-05,6.428696,2174500.0,4324649.0,-43.7271,-6.43686
614.0,810.0,1.0,3.0,983.0,63.0,818.0,8.0,606.0,43.0,196.0,97.0,149.0,4.0,3.131131e-05,58.99567,16783.42,12750420.0,71.7665,48.2658
704.0,623.0,1.0,1.0,796.0,89.0,937.0,14.0,787.0,36.0,183.0,34.0,609.0,14.0,0.0001731682,51.23888,238315.2,74763430.0,71.3939,55.2691
564.0,837.0,3.0,3.0,494.0,82.0,832.0,64.0,717.0,66.0,386.0,47.0,924.0,38.0,7.355427e-05,65.41623,16783.42,25358040.0,89.8998,38.2166
564.0,858.0,3.0,3.0,494.0,82.0,832.0,63.0,731.0,65.0,390.0,47.0,935.0,36.0,5.055228e-05,65.13849,10785.12,16295760.0,72.2666,36.952
306.0,391.0,4.0,1.0,778.0,91.0,778.0,99.0,608.0,32.0,849.0,12.0,347.0,4.0,0.001788998,45.19398,898000.8,116340400.0,72.6407,28.3982
705.0,777.0,2.0,1.0,787.0,89.0,884.0,22.0,716.0,42.0,167.0,29.0,916.0,12.0,5.391638e-05,44.30815,153147.4,19841090.0,37.6039,6.34974
888.0,770.0,1.0,1.0,794.0,88.0,933.0,14.0,630.0,44.0,141.0,36.0,964.0,21.0,3.848115e-05,42.63981,153147.4,16295760.0,60.5854,18.3688
907.0,770.0,1.0,1.0,794.0,88.0,912.0,13.0,757.0,27.0,141.0,35.0,994.0,19.0,4.069128e-05,61.01432,16783.42,16295760.0,61.625,17.6712
738.0,855.0,1.0,6.0,946.0,11.0,976.0,62.0,300.0,56.0,302.0,32.0,718.0,17.0,3.255958e-05,53.46855,40642.28,16295760.0,68.6411,32.3771
771.0,812.0,1.0,5.0,516.0,13.0,945.0,63.0,170.0,76.0,240.0,35.0,798.0,7.0,4.460569e-05,57.12044,63244.55,25358040.0,40.223,13.5046
298.0,698.0,8.0,1.0,917.0,21.0,986.0,42.0,663.0,57.0,706.0,82.0,980.0,45.0,0.0002454778,38.49521,98416.24,8193759.0,101.382,37.0948
264.0,799.0,1.0,1.0,368.0,15.0,935.0,15.0,924.0,67.0,180.0,93.0,611.0,23.0,5.895896e-05,59.163,26117.46,19841090.0,66.2904,31.6698
754.0,856.0,1.0,6.0,999.0,11.0,996.0,56.0,343.0,51.0,225.0,33.0,749.0,14.0,2.776766e-05,58.62798,26117.46,16295760.0,61.2286,29.7795
741.0,490.0,1.0,1.0,641.0,14.0,201.0,29.0,178.0,74.0,647.0,39.0,797.0,23.0,9.95162e-05,10.07788,3383769.0,8193759.0,86.1775,26.4173
858.0,680.0,2.0,1.0,870.0,94.0,818.0,18.0,723.0,28.0,100.0,32.0,903.0,26.0,0.0001266049,52.02066,63244.55,19841090.0,84.0837,63.4362
786.0,798.0,2.0,1.0,583.0,85.0,973.0,16.0,882.0,82.0,109.0,93.0,557.0,32.0,7.687293e-05,57.37596,26117.46,12750420.0,76.2005,56.3865
739.0,788.0,1.0,6.0,516.0,80.0,954.0,64.0,167.0,57.0,193.0,33.0,759.0,18.0,0.0001045386,59.24761,98416.24,181038800.0,59.682,16.6538
732.0,806.0,1.0,1.0,188.0,14.0,498.0,12.0,276.0,37.0,326.0,86.0,971.0,17.0,3.939483e-05,48.34143,98416.24,25358040.0,48.3353,10.3819
642.0,802.0,2.0,4.0,811.0,94.0,809.0,32.0,640.0,18.0,525.0,69.0,659.0,83.0,0.0001502522,49.38056,98416.24,116340400.0,67.1966,16.6476
678.0,829.0,1.0,6.0,990.0,87.0,953.0,49.0,403.0,53.0,250.0,33.0,759.0,17.0,5.117978e-05,62.49732,40642.28,48044980.0,65.9673,30.158
624.0,703.0,5.0,3.0,507.0,60.0,489.0,66.0,691.0,51.0,221.0,34.0,460.0,82.0,0.000666115,36.82221,577079.0,682174000.0,10.6466,10.2694
268.0,792.0,1.0,1.0,372.0,15.0,923.0,15.0,912.0,68.0,158.0,90.0,665.0,17.0,5.214126e-05,55.14087,63244.55,19841090.0,60.0406,21.8812
787.0,951.0,1.0,4.0,303.0,14.0,409.0,61.0,573.0,42.0,723.0,47.0,106.0,34.0,1.449496e-05,43.21471,63244.55,8193759.0,68.3587,24.1081
587.0,724.0,2.0,5.0,616.0,80.0,890.0,26.0,288.0,88.0,322.0,82.0,405.0,17.0,0.0001179762,33.04673,898000.8,116340400.0,24.2462,9.66385
504.0,925.0,1.0,3.0,558.0,11.0,122.0,20.0,156.0,11.0,543.0,50.0,217.0,27.0,2.429042e-05,57.93424,16783.42,12750420.0,65.1129,20.0324
465.0,779.0,1.0,2.0,317.0,29.0,505.0,40.0,590.0,61.0,304.0,26.0,988.0,82.0,0.0001517824,28.73413,2174500.0,48044980.0,89.0048,34.7318
644.0,895.0,1.0,1.0,876.0,93.0,905.0,27.0,708.0,18.0,519.0,83.0,987.0,77.0,2.477972e-05,64.10593,6930.448,10472090.0,61.4646,15.2796
715.0,842.0,1.0,1.0,902.0,86.0,750.0,26.0,734.0,15.0,613.0,78.0,924.0,73.0,6.779054e-05,63.92369,16783.42,25358040.0,60.8241,18.0692
484.0,921.0,1.0,2.0,964.0,30.0,577.0,34.0,493.0,57.0,338.0,81.0,989.0,84.0,1.785151e-05,54.75265,26117.46,10472090.0,59.9249,15.0143
888.0,771.0,1.0,1.0,794.0,88.0,886.0,9.0,577.0,43.0,140.0,36.0,914.0,20.0,3.053115e-05,38.24635,153147.4,10472090.0,65.7923,20.842
705.0,632.0,2.0,1.0,796.0,89.0,742.0,17.0,769.0,33.0,167.0,34.0,855.0,24.0,0.0002362058,64.90932,40642.28,48044980.0,91.4436,53.626
759.0,368.0,1.0,1.0,530.0,13.0,987.0,71.0,166.0,56.0,612.0,30.0,955.0,14.0,8.674896e-05,13.51883,3383769.0,12750420.0,85.2323,26.3919
330.0,795.0,8.0,1.0,154.0,63.0,313.0,32.0,368.0,57.0,456.0,13.0,826.0,67.0,0.0001204672,13.28298,898000.8,4324649.0,85.8248,44.0683
875.0,744.0,1.0,1.0,788.0,84.0,932.0,9.0,633.0,38.0,143.0,32.0,983.0,22.0,3.61046e-05,36.99085,238315.2,12750420.0,68.5236,28.5847
791.0,701.0,2.0,1.0,382.0,33.0,460.0,68.0,925.0,30.0,585.0,48.0,819.0,34.0,0.0002569436,62.82962,63244.55,61404200.0,78.2018,27.5721
791.0,699.0,1.0,1.0,381.0,8.0,524.0,65.0,925.0,12.0,557.0,44.0,819.0,34.0,0.0001710192,62.69011,40642.28,39459980.0,75.8136,28.6672
528.0,717.0,4.0,1.0,632.0,83.0,295.0,22.0,289.0,99.0,754.0,94.0,801.0,14.0,0.000223284,63.72941,40642.28,39459980.0,55.9088,13.0045
553.0,847.0,1.0,1.0,420.0,29.0,513.0,46.0,524.0,57.0,331.0,81.0,970.0,81.0,8.930133e-05,62.69463,40642.28,48044980.0,56.8345,17.4558
304.0,384.0,5.0,9.0,329.0,53.0,572.0,65.0,511.0,90.0,208.0,73.0,280.0,82.0,0.00319295,25.2897,3383769.0,1651877000.0,-10.1763,-1.80692
668.0,832.0,1.0,5.0,535.0,11.0,201.0,65.0,215.0,56.0,662.0,39.0,805.0,13.0,0.000112673,25.85593,2174500.0,25358040.0,42.5389,22.94
893.0,775.0,2.0,1.0,794.0,89.0,724.0,14.0,778.0,27.0,167.0,30.0,916.0,23.0,4.846453e-05,54.12667,26117.46,10472090.0,73.371,22.0136
253.0,838.0,1.0,1.0,373.0,11.0,935.0,17.0,928.0,75.0,179.0,94.0,610.0,24.0,3.590864e-05,58.19779,26117.46,12750420.0,62.9101,22.8339
697.0,854.0,1.0,1.0,898.0,85.0,820.0,27.0,731.0,18.0,504.0,83.0,966.0,85.0,5.86219e-05,66.14765,10785.12,19841090.0,64.5021,19.5516
414.0,928.0,3.0,3.0,407.0,89.0,825.0,64.0,589.0,66.0,260.0,48.0,946.0,38.0,1.343462e-05,58.45974,6930.448,5265529.0,38.9252,5.17759
555.0,896.0,2.0,4.0,595.0,80.0,881.0,77.0,286.0,87.0,325.0,90.0,401.0,22.0,2.952387e-05,59.06046,16783.42,12750420.0,64.0226,21.7335
670.0,675.0,1.0,5.0,535.0,10.0,190.0,70.0,174.0,56.0,126.0,38.0,783.0,19.0,0.0002178446,39.16395,898000.8,281716800.0,60.5614,14.2206
314.0,391.0,4.0,1.0,812.0,14.0,778.0,96.0,969.0,26.0,867.0,10.0,346.0,3.0,0.00069576,37.94568,370846.0,25358040.0,75.5729,24.3745
523.0,842.0,1.0,1.0,866.0,31.0,488.0,44.0,551.0,64.0,353.0,85.0,990.0,86.0,9.736958e-05,61.89194,40642.28,39459980.0,60.0358,21.0825
740.0,694.0,2.0,1.0,336.0,15.0,159.0,63.0,388.0,33.0,140.0,50.0,862.0,42.0,0.0003266125,48.33644,238315.2,61404200.0,104.2,26.9559
652.0,707.0,1.0,1.0,943.0,65.0,785.0,8.0,610.0,38.0,344.0,86.0,179.0,3.0,7.774933e-05,62.65416,40642.28,30874990.0,60.2706,19.5444
449.0,932.0,3.0,2.0,509.0,78.0,814.0,64.0,591.0,66.0,370.0,48.0,944.0,35.0,1.186126e-05,63.19459,4453.334,5265529.0,26.6485,3.10562
466.0,866.0,1.0,2.0,963.0,32.0,524.0,43.0,493.0,61.0,236.0,15.0,997.0,80.0,3.821414e-05,23.94059,898000.8,10472090.0,64.045,55.2964
454.0,900.0,1.0,1.0,482.0,82.0,831.0,63.0,585.0,60.0,254.0,49.0,300.0,36.0,3.251848e-05,55.70878,40642.28,19841090.0,50.3355,12.1477
756.0,911.0,1.0,4.0,374.0,71.0,456.0,75.0,609.0,14.0,587.0,49.0,127.0,43.0,6.2068e-05,58.72875,40642.28,39459980.0,83.0264,24.351
473.0,911.0,1.0,2.0,548.0,4.0,686.0,60.0,613.0,71.0,265.0,48.0,281.0,35.0,2.675439e-05,51.34766,40642.28,10472090.0,68.7052,21.4997
268.0,856.0,1.0,1.0,439.0,14.0,899.0,15.0,972.0,63.0,171.0,88.0,604.0,20.0,2.37079e-05,59.9037,10785.12,10472090.0,59.8611,18.1705
430.0,796.0,1.0,1.0,911.0,33.0,524.0,39.0,498.0,64.0,263.0,23.0,952.0,81.0,0.0001105564,25.79031,1397391.0,25358040.0,70.5598,54.6751
848.0,849.0,2.0,2.0,923.0,99.0,823.0,30.0,537.0,54.0,465.0,69.0,928.0,41.0,3.575001e-05,49.48695,40642.28,10472090.0,69.2677,22.002
522.0,872.0,1.0,2.0,484.0,31.0,462.0,44.0,446.0,57.0,399.0,27.0,998.0,84.0,4.013694e-05,26.14449,898000.8,12750420.0,59.8413,24.9786
332.0,798.0,2.0,1.0,372.0,16.0,973.0,20.0,882.0,76.0,386.0,93.0,610.0,32.0,6.511663e-05,40.42916,153147.4,10472090.0,77.517,47.9768
337.0,406.0,4.0,1.0,812.0,91.0,778.0,99.0,614.0,34.0,849.0,12.0,347.0,4.0,0.001638216,52.45232,370846.0,116340400.0,69.522,29.3881
459.0,902.0,1.0,2.0,902.0,31.0,545.0,36.0,483.0,57.0,272.0,81.0,997.0,84.0,2.824556e-05,58.59147,26117.46,16295760.0,61.8687,17.7934
446.0,924.0,1.0,3.0,591.0,11.0,151.0,20.0,156.0,18.0,542.0,50.0,217.0,25.0,2.0123e-05,52.69738,40642.28,12750420.0,65.0265,19.7099
526.0,760.0,8.0,1.0,713.0,68.0,310.0,23.0,288.0,51.0,306.0,96.0,796.0,22.0,0.0001634491,26.18417,370846.0,6729644.0,85.5287,35.5022
509.0,719.0,7.0,5.0,641.0,69.0,312.0,22.0,362.0,60.0,754.0,74.0,805.0,23.0,0.0002360555,56.67657,40642.28,231377800.0,20.1265,12.8047
527.0,889.0,8.0,1.0,642.0,87.0,323.0,23.0,362.0,87.0,797.0,89.0,364.0,23.0,2.393785e-05,37.35794,40642.28,2174501.0,66.5688,10.3847
484.0,845.0,1.0,2.0,930.0,33.0,583.0,45.0,628.0,59.0,334.0,80.0,989.0,84.0,8.742051e-05,62.6409,40642.28,39459980.0,71.8392,42.7049
364.0,815.0,5.0,6.0,953.0,81.0,846.0,75.0,385.0,84.0,323.0,88.0,339.0,16.0,0.0001186167,58.22754,26117.46,181038800.0,40.2689,14.3953
365.0,961.0,1.0,2.0,278.0,58.0,404.0,73.0,627.0,40.0,531.0,44.0,157.0,39.0,1.582077e-05,52.64629,40642.28,12750420.0,49.637,11.3988
768.0,812.0,1.0,5.0,493.0,13.0,991.0,63.0,179.0,50.0,216.0,38.0,798.0,14.0,5.283727e-05,57.65806,63244.55,30874990.0,75.4309,28.241
669.0,792.0,1.0,2.0,829.0,99.0,825.0,35.0,537.0,14.0,516.0,84.0,639.0,86.0,0.0002062468,64.84824,40642.28,74763430.0,90.8255,21.9826
466.0,439.0,1.0,3.0,813.0,8.0,783.0,99.0,606.0,40.0,570.0,12.0,347.0,1.0,0.0002600021,44.04072,370846.0,48044980.0,71.5089,27.0222
738.0,293.0,1.0,1.0,987.0,8.0,964.0,65.0,153.0,73.0,626.0,27.0,779.0,1.0,3.913062e-05,22.30575,898000.8,12750420.0,61.7425,14.641
709.0,821.0,1.0,2.0,902.0,88.0,753.0,28.0,734.0,18.0,547.0,82.0,928.0,76.0,9.77346e-05,63.87179,26117.46,39459980.0,73.0692,32.4696
393.0,856.0,4.0,3.0,737.0,85.0,803.0,64.0,655.0,77.0,316.0,48.0,920.0,38.0,5.594601e-05,64.11756,10785.12,12750420.0,83.8602,43.2435
502.0,853.0,3.0,3.0,494.0,81.0,816.0,64.0,717.0,66.0,390.0,47.0,925.0,38.0,5.776396e-05,65.07606,10785.12,16295760.0,78.8953,39.6329
726.0,960.0,1.0,2.0,371.0,65.0,523.0,75.0,588.0,14.0,525.0,47.0,126.0,39.0,1.932583e-05,57.45164,16783.42,10472090.0,59.8795,14.1726
508.0,907.0,2.0,2.0,497.0,4.0,858.0,61.0,707.0,68.0,392.0,48.0,311.0,29.0,2.298815e-05,50.50206,16783.42,5265529.0,74.0118,19.7499
234.0,886.0,1.0,1.0,973.0,64.0,654.0,22.0,585.0,44.0,188.0,87.0,194.0,9.0,2.070303e-05,38.30834,153147.4,10472090.0,47.8824,10.1574
354.0,857.0,1.0,1.0,397.0,18.0,929.0,17.0,885.0,74.0,170.0,89.0,557.0,23.0,2.673485e-05,57.57882,16783.42,10472090.0,60.9449,20.0083
776.0,881.0,1.0,6.0,988.0,12.0,982.0,56.0,305.0,55.0,228.0,32.0,815.0,17.0,1.940971e-05,58.30707,16783.42,12750420.0,50.9025,14.8859
492.0,885.0,1.0,3.0,619.0,13.0,101.0,21.0,189.0,20.0,527.0,66.0,216.0,25.0,5.707016e-05,57.35948,40642.28,25358040.0,74.6862,33.3325
674.0,764.0,1.0,3.0,900.0,66.0,788.0,10.0,612.0,38.0,386.0,97.0,235.0,2.0,3.581632e-05,28.3709,370846.0,10472090.0,43.7906,13.6866
673.0,347.0,4.0,1.0,239.0,77.0,579.0,7.0,218.0,1.0,744.0,81.0,999.0,94.0,0.001877147,49.29155,153147.4,74763430.0,143.311,16.288
544.0,884.0,2.0,3.0,590.0,11.0,113.0,27.0,481.0,21.0,530.0,66.0,189.0,26.0,6.911865e-05,36.1789,238315.2,10472090.0,91.5348,32.9219
888.0,765.0,2.0,1.0,797.0,95.0,848.0,16.0,580.0,41.0,166.0,21.0,949.0,18.0,3.15672e-05,35.62025,153147.4,8193759.0,68.3524,17.1598
475.0,963.0,1.0,1.0,569.0,4.0,809.0,59.0,590.0,71.0,361.0,52.0,310.0,29.0,7.002036e-06,50.27154,16783.42,4324649.0,53.4493,10.767
392.0,862.0,4.0,2.0,737.0,85.0,784.0,64.0,599.0,78.0,316.0,50.0,858.0,38.0,5.204319e-05,63.71056,10785.12,10472090.0,67.6256,16.5075
788.0,558.0,4.0,1.0,234.0,14.0,662.0,12.0,198.0,1.0,396.0,76.0,690.0,47.0,0.0006317306,27.01953,370846.0,6729644.0,104.367,25.9083
725.0,628.0,7.0,1.0,185.0,11.0,238.0,7.0,252.0,42.0,278.0,81.0,922.0,88.0,0.0001793615,22.47945,370846.0,5265529.0,113.479,22.4705
393.0,710.0,7.0,4.0,855.0,78.0,625.0,38.0,375.0,82.0,471.0,7.0,376.0,60.0,0.0001781945,1.15104,898000.8,370847.0,37.647,17.3845
366.0,396.0,1.0,5.0,778.0,6.0,588.0,60.0,857.0,80.0,710.0,36.0,146.0,10.0,0.0003283798,11.65967,3383769.0,12750420.0,30.2582,-1.35844
251.0,875.0,3.0,5.0,588.0,82.0,922.0,72.0,396.0,84.0,818.0,89.0,784.0,19.0,3.462989e-05,61.1591,10785.12,10472090.0,52.7157,14.5066
807.0,333.0,6.0,2.0,753.0,73.0,133.0,73.0,344.0,30.0,394.0,80.0,630.0,33.0,0.0004528337,32.60839,370846.0,181038800.0,24.037,9.63789
503.0,859.0,8.0,1.0,640.0,69.0,295.0,22.0,362.0,59.0,754.0,96.0,829.0,16.0,3.578361e-05,32.64696,63244.55,3383770.0,0.0,0.0
268.0,814.0,1.0,1.0,483.0,14.0,894.0,15.0,875.0,69.0,171.0,85.0,602.0,23.0,4.852238e-05,58.35839,26117.46,16295760.0,66.0253,27.3819
663.0,316.0,1.0,6.0,447.0,11.0,968.0,64.0,179.0,67.0,636.0,33.0,779.0,18.0,0.0001834765,11.48857,5265528.0,16295760.0,12.4423,4.42932
678.0,806.0,1.0,6.0,962.0,12.0,201.0,65.0,215.0,73.0,644.0,33.0,797.0,17.0,8.908823e-05,26.25061,1397391.0,19841090.0,76.2037,22.667
991.0,474.0,1.0,2.0,584.0,22.0,175.0,81.0,779.0,56.0,472.0,18.0,124.0,69.0,3.729757e-06,-23.61368,-10.0,-10.0,135.175,59.041
706.0,652.0,1.0,1.0,411.0,82.0,611.0,19.0,221.0,46.0,323.0,74.0,947.0,19.0,0.0002020663,60.2831,153147.4,116340400.0,64.486,25.1935
510.0,799.0,2.0,1.0,379.0,62.0,503.0,44.0,520.0,66.0,346.0,79.0,988.0,89.0,0.0001807324,57.51006,98416.24,61404200.0,85.0506,37.3617
254.0,861.0,1.0,1.0,384.0,14.0,909.0,13.0,876.0,69.0,171.0,88.0,663.0,23.0,2.084318e-05,56.19362,16783.42,8193759.0,62.758,19.6949
506.0,883.0,1.0,3.0,654.0,13.0,101.0,31.0,459.0,23.0,541.0,64.0,317.0,63.0,9.561701e-05,60.65383,40642.28,39459980.0,87.7964,27.2508
709.0,746.0,1.0,1.0,796.0,92.0,720.0,21.0,716.0,27.0,170.0,35.0,994.0,20.0,9.707799e-05,32.35686,898000.8,30874990.0,44.5017,12.9609
479.0,863.0,1.0,2.0,526.0,29.0,534.0,47.0,505.0,54.0,553.0,80.0,993.0,85.0,6.534572e-05,56.97527,63244.55,39459980.0,61.0179,25.4605
727.0,689.0,1.0,1.0,212.0,70.0,618.0,9.0,198.0,39.0,347.0,84.0,933.0,16.0,9.521917e-05,44.91603,370846.0,48044980.0,63.7426,20.4104
522.0,828.0,1.0,2.0,493.0,33.0,490.0,44.0,591.0,59.0,350.0,91.0,992.0,84.0,0.0001232313,63.15494,63244.55,61404200.0,75.4487,30.9932
696.0,775.0,2.0,1.0,201.0,13.0,576.0,13.0,216.0,41.0,323.0,87.0,969.0,17.0,5.667316e-05,59.10982,26117.46,19841090.0,66.6573,14.5777
718.0,632.0,2.0,1.0,796.0,89.0,742.0,21.0,787.0,42.0,167.0,28.0,915.0,24.0,0.0002239562,53.33955,153147.4,61404200.0,87.9906,54.6644
537.0,708.0,6.0,1.0,631.0,78.0,889.0,26.0,358.0,93.0,307.0,90.0,804.0,14.0,0.0001353001,62.43212,16783.42,16295760.0,84.1691,36.7268
754.0,873.0,1.0,6.0,996.0,5.0,981.0,56.0,344.0,51.0,225.0,33.0,748.0,21.0,2.047758e-05,52.77454,26117.46,10472090.0,73.3342,32.7057
466.0,880.0,1.0,1.0,949.0,34.0,557.0,38.0,492.0,58.0,338.0,26.0,997.0,85.0,2.754052e-05,25.55333,577079.0,8193759.0,55.9285,13.7753
583.0,839.0,1.0,2.0,484.0,30.0,482.0,49.0,635.0,59.0,333.0,84.0,993.0,84.0,0.0001097815,60.93061,63244.55,61404200.0,71.3528,33.5469
328.0,698.0,4.0,1.0,337.0,17.0,882.0,90.0,930.0,30.0,556.0,82.0,829.0,49.0,0.0005185612,12.74859,2174500.0,6729644.0,117.002,24.4568
492.0,821.0,1.0,2.0,877.0,33.0,526.0,46.0,533.0,62.0,549.0,18.0,943.0,76.0,7.616414e-05,19.56788,1397391.0,12750420.0,66.4759,47.7401
544.0,886.0,4.0,3.0,619.0,15.0,102.0,31.0,149.0,21.0,530.0,66.0,174.0,65.0,8.128086e-05,33.10738,153147.4,6729644.0,117.061,26.7414
703.0,500.0,2.0,1.0,790.0,53.0,710.0,21.0,127.0,33.0,103.0,35.0,903.0,27.0,0.0002634778,31.29626,1397391.0,39459980.0,116.212,32.3618
762.0,856.0,1.0,6.0,996.0,6.0,999.0,59.0,392.0,51.0,250.0,33.0,774.0,13.0,2.164275e-05,57.88306,16783.42,10472090.0,63.6771,21.819
920.0,755.0,1.0,1.0,780.0,88.0,886.0,20.0,752.0,27.0,104.0,34.0,994.0,17.0,4.632661e-05,61.69245,16783.42,19841090.0,58.1017,15.735
857.0,771.0,1.0,1.0,793.0,89.0,887.0,7.0,592.0,49.0,140.0,36.0,906.0,14.0,2.718545e-05,42.1368,98416.24,12750420.0,59.8946,16.6088
464.0,812.0,1.0,2.0,308.0,41.0,478.0,50.0,521.0,61.0,353.0,86.0,632.0,86.0,0.0001960587,51.67039,370846.0,148689600.0,82.9371,22.019
811.0,369.0,1.0,1.0,527.0,12.0,987.0,72.0,165.0,56.0,639.0,24.0,961.0,14.0,4.38699e-05,7.669557,2174500.0,3383770.0,84.3598,29.7471
258.0,847.0,1.0,1.0,373.0,11.0,935.0,15.0,873.0,75.0,109.0,93.0,610.0,32.0,3.666075e-05,55.29232,26117.46,10472090.0,68.0714,27.4928
439.0,899.0,3.0,3.0,503.0,84.0,858.0,64.0,589.0,66.0,372.0,48.0,929.0,34.0,2.310672e-05,63.73997,6930.448,8193759.0,47.5701,7.58698
701.0,846.0,2.0,1.0,900.0,86.0,823.0,28.0,712.0,19.0,525.0,85.0,971.0,82.0,6.547873e-05,66.40957,6930.448,12750420.0,76.492,25.341
671.0,582.0,2.0,1.0,440.0,67.0,211.0,12.0,199.0,1.0,764.0,31.0,945.0,94.0,0.0009712165,28.87321,2174500.0,48044980.0,106.815,21.2177
706.0,623.0,1.0,1.0,796.0,91.0,981.0,21.0,716.0,42.0,168.0,36.0,927.0,24.0,0.0002145738,52.25979,238315.2,95551890.0,72.648,53.1829
393.0,853.0,4.0,3.0,506.0,84.0,802.0,57.0,590.0,73.0,253.0,64.0,343.0,32.0,7.128839e-05,58.65254,16783.42,16295760.0,112.212,41.1746
753.0,694.0,4.0,1.0,263.0,17.0,896.0,63.0,873.0,32.0,535.0,52.0,834.0,44.0,0.0002450987,44.36677,153147.4,19841090.0,99.8806,25.2792
347.0,781.0,1.0,1.0,444.0,15.0,959.0,17.0,911.0,73.0,168.0,86.0,606.0,15.0,6.028584e-05,57.44895,40642.28,25358040.0,59.4817,22.6672
776.0,835.0,1.0,6.0,994.0,11.0,988.0,46.0,355.0,58.0,249.0,33.0,779.0,17.0,2.862426e-05,40.85001,153147.4,12750420.0,78.0933,32.0367
405.0,964.0,1.0,3.0,394.0,73.0,456.0,68.0,604.0,38.0,535.0,47.0,137.0,39.0,1.376113e-05,51.21152,40642.28,10472090.0,59.8582,16.3711
723.0,392.0,8.0,1.0,747.0,92.0,781.0,19.0,156.0,57.0,450.0,37.0,929.0,58.0,0.0001884663,12.53409,898000.8,3383770.0,141.78,18.8839
244.0,901.0,1.0,1.0,895.0,66.0,618.0,15.0,593.0,87.0,178.0,86.0,194.0,19.0,1.778841e-05,49.21116,26117.46,6729644.0,65.3637,21.2129
709.0,600.0,2.0,1.0,779.0,92.0,729.0,21.0,746.0,34.0,108.0,36.0,903.0,27.0,0.0003174491,60.053,63244.55,74763430.0,99.8139,51.7343
621.0,823.0,2.0,1.0,882.0,76.0,847.0,24.0,669.0,18.0,590.0,83.0,955.0,82.0,8.67287e-05,61.64752,16783.42,16295760.0,80.4175,37.0363
698.0,856.0,1.0,6.0,515.0,75.0,991.0,56.0,173.0,55.0,195.0,33.0,797.0,10.0,3.103325e-05,51.51172,98416.24,25358040.0,24.3888,7.38875
791.0,700.0,1.0,1.0,381.0,10.0,506.0,68.0,876.0,11.0,560.0,46.0,810.0,40.0,0.0002085047,64.53777,40642.28,48044980.0,77.2251,27.0703
760.0,520.0,8.0,7.0,473.0,53.0,581.0,97.0,205.0,29.0,478.0,71.0,784.0,52.0,0.0004697237,28.97462,577079.0,360050100.0,0.0,0.0
208.0,922.0,1.0,1.0,862.0,64.0,788.0,9.0,588.0,38.0,401.0,76.0,198.0,15.0,8.323631e-06,45.26477,16783.42,2779135.0,73.2739,22.3751
718.0,678.0,2.0,1.0,840.0,94.0,829.0,21.0,723.0,42.0,186.0,33.0,895.0,30.0,0.0001745647,46.98524,238315.2,39459980.0,86.6838,55.0397
624.0,734.0,5.0,3.0,481.0,53.0,752.0,25.0,675.0,53.0,235.0,34.0,460.0,82.0,0.0001427618,24.36178,370846.0,5265529.0,84.8779,39.4231
346.0,830.0,1.0,1.0,444.0,21.0,974.0,12.0,879.0,73.0,168.0,89.0,606.0,20.0,3.132849e-05,56.22113,26117.46,12750420.0,63.8761,23.1814
740.0,694.0,2.0,1.0,829.0,14.0,523.0,65.0,882.0,26.0,147.0,93.0,119.0,81.0,0.0006150654,29.69161,370846.0,10472090.0,97.0995,58.8637
227.0,798.0,1.0,8.0,215.0,15.0,973.0,15.0,881.0,72.0,109.0,96.0,557.0,49.0,0.0001000286,45.68284,153147.4,30874990.0,120.038,29.5807
462.0,851.0,3.0,3.0,507.0,83.0,798.0,66.0,577.0,62.0,390.0,49.0,943.0,38.0,6.175803e-05,64.34489,16783.42,19841090.0,80.7178,35.9323
680.0,829.0,1.0,6.0,991.0,87.0,956.0,50.0,319.0,57.0,259.0,33.0,759.0,17.0,5.093641e-05,61.50437,40642.28,48044980.0,66.4047,28.8222
752.0,821.0,1.0,1.0,984.0,8.0,949.0,60.0,178.0,73.0,611.0,44.0,796.0,3.0,2.49545e-05,58.62136,26117.46,12750420.0,-6.17268,-1.02316
379.0,794.0,1.0,1.0,452.0,28.0,975.0,26.0,872.0,73.0,184.0,89.0,603.0,26.0,8.284635e-05,61.43484,40642.28,30874990.0,62.1783,34.5387
640.0,822.0,1.0,3.0,988.0,61.0,808.0,7.0,601.0,34.0,355.0,87.0,227.0,3.0,1.729296e-05,58.34512,16783.42,10472090.0,56.1166,14.9263
328.0,678.0,7.0,1.0,807.0,87.0,998.0,79.0,178.0,57.0,162.0,28.0,872.0,13.0,0.0003541993,41.28594,238315.2,25358040.0,84.7921,39.6613
379.0,790.0,1.0,1.0,420.0,37.0,914.0,24.0,884.0,78.0,184.0,88.0,638.0,25.0,8.192763e-05,61.5507,40642.28,39459980.0,59.0034,30.6333
572.0,802.0,1.0,2.0,494.0,41.0,495.0,49.0,576.0,58.0,373.0,82.0,975.0,84.0,0.0001868588,63.78778,63244.55,116340400.0,78.7129,24.0351
673.0,818.0,1.0,6.0,973.0,87.0,996.0,55.0,146.0,74.0,159.0,39.0,796.0,10.0,5.516657e-05,56.62215,98416.24,39459980.0,48.9632,29.3061
340.0,792.0,1.0,1.0,376.0,23.0,975.0,26.0,872.0,73.0,135.0,86.0,652.0,29.0,8.74939e-05,59.17496,63244.55,30874990.0,63.8743,39.9581
708.0,684.0,2.0,1.0,794.0,94.0,743.0,19.0,187.0,29.0,100.0,43.0,546.0,23.0,0.0002002019,44.45131,238315.2,39459980.0,98.5914,35.97
730.0,960.0,1.0,4.0,371.0,68.0,522.0,71.0,919.0,14.0,538.0,46.0,102.0,51.0,2.406093e-05,54.12467,26117.46,10472090.0,75.8753,36.3002
907.0,770.0,1.0,1.0,794.0,88.0,898.0,14.0,757.0,27.0,141.0,35.0,994.0,21.0,4.408573e-05,60.42817,26117.46,16295760.0,62.5749,18.7477
336.0,862.0,1.0,1.0,434.0,13.0,935.0,18.0,923.0,63.0,179.0,93.0,606.0,23.0,2.445472e-05,60.23674,10785.12,10472090.0,60.3897,18.0353
226.0,341.0,4.0,1.0,637.0,12.0,627.0,37.0,743.0,47.0,369.0,60.0,297.0,41.0,0.001387734,21.78347,2174500.0,19841090.0,127.547,20.6469
331.0,404.0,8.0,4.0,978.0,55.0,118.0,97.0,511.0,44.0,206.0,15.0,281.0,76.0,0.002796679,14.34905,3383769.0,1061540000.0,56.0281,13.5286
332.0,812.0,1.0,5.0,603.0,12.0,981.0,65.0,174.0,74.0,647.0,38.0,798.0,19.0,6.984009e-05,24.47314,1397391.0,19841090.0,74.0739,26.5099
792.0,874.0,1.0,6.0,987.0,11.0,987.0,55.0,310.0,50.0,227.0,27.0,816.0,17.0,1.933573e-05,56.65695,26117.46,12750420.0,57.2185,18.6908
723.0,751.0,1.0,3.0,935.0,67.0,834.0,10.0,597.0,38.0,363.0,97.0,179.0,4.0,6.200458e-05,62.12355,26117.46,30874990.0,75.6775,37.9651
508.0,844.0,1.0,2.0,487.0,32.0,515.0,48.0,522.0,58.0,343.0,99.0,998.0,82.0,9.733881e-05,60.31147,63244.55,48044980.0,70.0205,30.2569
675.0,869.0,1.0,1.0,903.0,94.0,829.0,25.0,738.0,15.0,520.0,82.0,990.0,81.0,4.280577e-05,64.0094,10785.12,16295760.0,63.3257,17.3795
367.0,838.0,1.0,1.0,398.0,18.0,994.0,15.0,879.0,76.0,149.0,91.0,623.0,22.0,3.131631e-05,57.90142,16783.42,12750420.0,61.9977,21.4833
756.0,913.0,1.0,1.0,170.0,64.0,521.0,65.0,884.0,25.0,150.0,87.0,109.0,48.0,8.680978e-05,53.26376,63244.55,25358040.0,69.0509,24.2259
707.0,747.0,1.0,1.0,264.0,82.0,635.0,22.0,250.0,43.0,321.0,87.0,938.0,59.0,0.0001428324,35.71206,1397391.0,61404200.0,79.1858,23.9635
493.0,884.0,3.0,3.0,603.0,9.0,101.0,32.0,485.0,17.0,480.0,64.0,317.0,70.0,0.0001033351,36.29359,153147.4,8193759.0,108.349,28.6609
713.0,431.0,3.0,1.0,184.0,14.0,625.0,9.0,211.0,42.0,396.0,82.0,951.0,52.0,0.000165008,19.98299,1397391.0,10472090.0,116.068,15.2778
694.0,775.0,1.0,1.0,199.0,14.0,606.0,7.0,212.0,38.0,452.0,84.0,953.0,16.0,3.441953e-05,37.69124,238315.2,16295760.0,62.585,15.8217
479.0,866.0,1.0,2.0,963.0,34.0,524.0,45.0,493.0,61.0,285.0,17.0,994.0,86.0,3.945453e-05,23.17213,898000.8,10472090.0,64.2815,58.7283
661.0,925.0,1.0,3.0,552.0,7.0,118.0,23.0,172.0,23.0,543.0,50.0,227.0,27.0,1.980513e-05,50.48636,40642.28,10472090.0,64.4238,18.846
452.0,906.0,2.0,3.0,606.0,11.0,142.0,27.0,153.0,17.0,542.0,64.0,318.0,68.0,4.798752e-05,50.65259,40642.28,10472090.0,93.6167,34.2905
380.0,861.0,1.0,1.0,459.0,11.0,934.0,17.0,834.0,59.0,210.0,89.0,605.0,20.0,2.214805e-05,60.40233,10785.12,10472090.0,60.5516,16.3959
330.0,698.0,1.0,1.0,307.0,65.0,405.0,69.0,604.0,36.0,543.0,50.0,100.0,43.0,0.0009585308,27.04176,8193758.0,281716800.0,36.3469,15.1559
419.0,260.0,1.0,1.0,754.0,11.0,726.0,65.0,905.0,52.0,671.0,93.0,308.0,41.0,0.0008296598,19.39538,3383769.0,25358040.0,95.7834,17.6899
726.0,431.0,2.0,1.0,173.0,14.0,627.0,12.0,225.0,43.0,387.0,82.0,690.0,48.0,0.000190372,18.81974,2174500.0,16295760.0,117.436,16.4566
753.0,694.0,3.0,1.0,307.0,32.0,862.0,63.0,915.0,30.0,504.0,50.0,835.0,44.0,0.0003055118,64.92539,26117.46,48044980.0,98.9807,24.6409
453.0,900.0,1.0,2.0,741.0,4.0,826.0,60.0,581.0,64.0,260.0,48.0,355.0,38.0,3.002861e-05,50.81275,40642.28,10472090.0,73.155,25.023
528.0,739.0,5.0,1.0,613.0,83.0,317.0,25.0,414.0,66.0,828.0,83.0,804.0,23.0,0.0002140892,65.43061,16783.42,30874990.0,74.966,27.0012
335.0,616.0,2.0,1.0,599.0,63.0,929.0,87.0,382.0,76.0,378.0,14.0,699.0,11.0,0.0005917032,35.38205,2174500.0,95551890.0,55.5339,31.3107
940.0,634.0,2.0,1.0,796.0,91.0,715.0,21.0,787.0,42.0,170.0,35.0,880.0,22.0,4.31171e-05,31.65345,153147.4,5265529.0,81.1618,72.5243
949.0,391.0,4.0,3.0,701.0,53.0,246.0,35.0,127.0,13.0,742.0,86.0,814.0,39.0,3.504213e-05,12.46691,153147.4,577080.0,101.316,21.6562
667.0,741.0,1.0,2.0,900.0,66.0,580.0,16.0,614.0,38.0,384.0,87.0,217.0,9.0,0.0001391502,63.22832,63244.55,61404200.0,79.1678,33.102
708.0,821.0,1.0,2.0,900.0,94.0,753.0,28.0,734.0,22.0,592.0,82.0,943.0,77.0,9.389493e-05,65.56894,26117.46,39459980.0,70.4453,32.1528
465.0,940.0,3.0,3.0,500.0,82.0,790.0,64.0,618.0,71.0,357.0,50.0,952.0,40.0,1.043768e-05,62.40226,2861.474,4324649.0,35.4314,4.52386
422.0,248.0,1.0,1.0,782.0,9.0,726.0,67.0,905.0,52.0,671.0,93.0,308.0,41.0,0.0006875651,17.75084,3383769.0,19841090.0,93.5692,19.9246
793.0,470.0,5.0,4.0,945.0,74.0,625.0,88.0,915.0,82.0,299.0,37.0,373.0,80.0,0.0002506137,17.06789,577079.0,4324649.0,67.2943,46.5782
592.0,939.0,1.0,3.0,605.0,8.0,118.0,23.0,158.0,26.0,507.0,44.0,209.0,27.0,1.513291e-05,47.71934,40642.28,8193759.0,61.6022,15.8705
651.0,638.0,7.0,1.0,430.0,71.0,627.0,7.0,343.0,1.0,763.0,29.0,869.0,92.0,0.0004203247,36.16576,98416.24,6729644.0,105.531,33.3267
484.0,784.0,1.0,2.0,841.0,34.0,457.0,55.0,476.0,65.0,561.0,6.0,998.0,87.0,0.0001499241,8.411359,5265528.0,8193759.0,62.8932,46.7508
776.0,827.0,1.0,6.0,979.0,86.0,982.0,50.0,312.0,60.0,224.0,33.0,693.0,17.0,5.01197e-05,59.52001,63244.55,48044980.0,70.5605,28.6348
328.0,842.0,1.0,1.0,372.0,15.0,935.0,19.0,879.0,76.0,147.0,95.0,610.0,31.0,4.110215e-05,57.54943,26117.46,16295760.0,64.6137,25.5894
378.0,788.0,1.0,1.0,398.0,7.0,995.0,15.0,879.0,76.0,148.0,91.0,623.0,31.0,7.710284e-05,53.83314,40642.28,19841090.0,73.3678,53.8914
293.0,740.0,2.0,3.0,938.0,63.0,824.0,11.0,612.0,44.0,179.0,87.0,196.0,10.0,0.0001165474,56.52865,40642.28,25358040.0,113.439,41.1923
396.0,885.0,3.0,3.0,509.0,91.0,858.0,64.0,590.0,66.0,274.0,47.0,946.0,38.0,3.183038e-05,62.1087,10785.12,10472090.0,60.7085,13.6072
774.0,680.0,4.0,3.0,242.0,30.0,848.0,62.0,561.0,32.0,730.0,83.0,830.0,43.0,0.0002727969,42.44589,238315.2,231377800.0,15.1967,5.87407
754.0,246.0,1.0,1.0,914.0,7.0,946.0,53.0,179.0,72.0,611.0,32.0,694.0,1.0,3.26599e-05,22.49276,898000.8,10472090.0,69.1705,17.7167
701.0,803.0,2.0,2.0,965.0,86.0,901.0,28.0,688.0,18.0,563.0,83.0,920.0,81.0,0.0001210239,64.60187,16783.42,19841090.0,95.8111,32.2754
789.0,431.0,4.0,2.0,236.0,14.0,648.0,12.0,221.0,3.0,387.0,82.0,690.0,48.0,0.0006181699,36.75848,238315.2,12750420.0,133.298,16.7462
214.0,737.0,1.0,2.0,900.0,68.0,788.0,10.0,533.0,37.0,381.0,87.0,217.0,12.0,9.430678e-05,38.84136,370846.0,25358040.0,89.2142,36.6016
392.0,876.0,4.0,3.0,451.0,79.0,789.0,68.0,616.0,74.0,323.0,48.0,843.0,36.0,4.173752e-05,63.13516,6930.448,10472090.0,71.6329,22.9377
529.0,727.0,6.0,1.0,566.0,83.0,318.0,26.0,402.0,99.0,753.0,94.0,805.0,16.0,0.0002283688,58.90738,40642.28,30874990.0,66.2359,16.9244
663.0,870.0,1.0,1.0,899.0,88.0,822.0,27.0,708.0,18.0,592.0,83.0,979.0,76.0,4.047863e-05,65.76847,10785.12,16295760.0,59.74,15.4683
709.0,892.0,1.0,1.0,902.0,93.0,753.0,27.0,734.0,17.0,545.0,83.0,928.0,77.0,2.909218e-05,64.55979,10785.12,12750420.0,59.3219,14.518
755.0,815.0,2.0,1.0,261.0,81.0,671.0,93.0,547.0,63.0,545.0,45.0,492.0,59.0,0.0001537729,31.59201,1397391.0,39459980.0,73.5945,29.5424
260.0,821.0,1.0,1.0,371.0,10.0,973.0,16.0,858.0,75.0,148.0,91.0,638.0,32.0,5.179016e-05,54.74435,40642.28,16295760.0,69.5805,33.4304
705.0,913.0,1.0,4.0,202.0,67.0,398.0,71.0,625.0,42.0,544.0,64.0,106.0,43.0,4.788743e-05,49.79357,153147.4,30874990.0,84.0912,23.9644
496.0,886.0,4.0,3.0,509.0,88.0,858.0,64.0,590.0,68.0,383.0,49.0,939.0,38.0,3.041748e-05,63.67166,6930.448,8193759.0,64.1152,13.4613
666.0,884.0,1.0,1.0,931.0,66.0,828.0,14.0,595.0,43.0,363.0,97.0,189.0,13.0,1.826399e-05,51.21702,26117.46,6729644.0,66.3448,17.5799
446.0,899.0,2.0,2.0,502.0,79.0,813.0,60.0,591.0,66.0,276.0,49.0,288.0,34.0,3.097065e-05,52.29731,40642.28,10472090.0,71.9588,23.7229
393.0,862.0,4.0,2.0,495.0,85.0,762.0,64.0,599.0,73.0,316.0,47.0,920.0,38.0,5.218549e-05,63.36971,10785.12,12750420.0,63.9039,13.8527
323.0,683.0,8.0,1.0,741.0,78.0,686.0,71.0,405.0,27.0,220.0,28.0,963.0,27.0,0.0004738916,19.00013,1397391.0,8193759.0,119.492,33.7115
739.0,829.0,1.0,4.0,494.0,16.0,996.0,61.0,178.0,57.0,146.0,33.0,814.0,18.0,5.255747e-05,57.21603,63244.55,30874990.0,64.6357,32.759
680.0,829.0,1.0,6.0,991.0,17.0,996.0,49.0,447.0,56.0,251.0,33.0,761.0,17.0,4.772596e-05,60.40573,26117.46,30874990.0,79.2648,34.1475
468.0,834.0,4.0,1.0,808.0,90.0,801.0,62.0,574.0,39.0,543.0,11.0,310.0,39.0,5.916875e-05,17.98472,370846.0,2779135.0,72.5393,18.2978
732.0,295.0,1.0,1.0,979.0,14.0,964.0,66.0,178.0,73.0,493.0,30.0,797.0,3.0,7.151335e-05,21.74853,2174500.0,19841090.0,73.0126,25.4766
679.0,828.0,1.0,6.0,957.0,93.0,945.0,50.0,322.0,56.0,264.0,33.0,795.0,17.0,5.172962e-05,62.03343,40642.28,48044980.0,64.4217,28.3503
462.0,695.0,8.0,1.0,639.0,69.0,331.0,22.0,362.0,60.0,754.0,96.0,805.0,23.0,0.0002942276,63.72036,16783.42,25358040.0,103.579,27.964
331.0,839.0,1.0,2.0,288.0,17.0,577.0,72.0,585.0,8.0,724.0,85.0,170.0,50.0,0.0002440292,24.24663,1397391.0,19841090.0,91.7925,20.6244
695.0,761.0,2.0,1.0,192.0,76.0,622.0,9.0,240.0,2.0,725.0,28.0,957.0,32.0,8.506817e-05,52.10062,63244.55,16295760.0,75.7342,21.8803
799.0,680.0,2.0,1.0,930.0,91.0,830.0,19.0,745.0,34.0,100.0,36.0,913.0,52.0,0.0001877009,42.77786,238315.2,25358040.0,92.3576,59.6782
665.0,900.0,1.0,1.0,903.0,91.0,822.0,27.0,761.0,18.0,543.0,83.0,980.0,81.0,2.400452e-05,65.16053,6930.448,10472090.0,60.3939,14.9494
718.0,678.0,2.0,1.0,775.0,94.0,829.0,13.0,723.0,43.0,103.0,33.0,908.0,27.0,0.0001462548,49.98098,98416.24,30874990.0,85.5073,57.8876
709.0,680.0,1.0,1.0,939.0,75.0,831.0,23.0,184.0,42.0,197.0,35.0,544.0,54.0,0.0001264067,19.58587,3383769.0,25358040.0,97.4375,27.9158
330.0,675.0,7.0,1.0,737.0,78.0,987.0,69.0,188.0,58.0,126.0,24.0,956.0,27.0,0.0003593469,42.11068,238315.2,30874990.0,118.65,33.0385
715.0,970.0,1.0,1.0,357.0,63.0,405.0,73.0,604.0,38.0,546.0,45.0,103.0,47.0,1.356199e-05,47.94451,40642.28,8193759.0,59.5941,13.4015
570.0,319.0,4.0,7.0,800.0,10.0,401.0,1.0,505.0,53.0,994.0,82.0,381.0,63.0,5.71451e-05,1.295747,238315.2,125782.8,135.606,51.5024
711.0,852.0,1.0,2.0,341.0,18.0,415.0,74.0,598.0,13.0,563.0,83.0,495.0,52.0,0.0001217289,16.46783,1397391.0,8193759.0,67.3829,24.1002
696.0,775.0,2.0,1.0,201.0,13.0,576.0,8.0,216.0,41.0,323.0,25.0,932.0,17.0,2.573562e-05,22.77704,370846.0,5265529.0,72.0524,16.2105
858.0,677.0,1.0,1.0,797.0,89.0,829.0,21.0,186.0,46.0,186.0,46.0,617.0,17.0,6.475155e-05,28.54625,898000.8,25358040.0,77.5492,43.689
990.0,230.0,2.0,4.0,948.0,23.0,878.0,21.0,991.0,63.0,271.0,54.0,313.0,89.0,6.095594e-05,4.724143,40642.28,51944.42,88.7994,64.2941
866.0,771.0,1.0,1.0,794.0,89.0,887.0,7.0,592.0,43.0,140.0,36.0,893.0,20.0,2.914402e-05,37.40838,153147.4,10472090.0,67.5572,22.6197
462.0,868.0,1.0,3.0,498.0,13.0,790.0,60.0,434.0,39.0,313.0,51.0,294.0,37.0,6.016204e-05,52.31481,98416.24,30874990.0,88.2377,34.3448
671.0,617.0,8.0,1.0,445.0,78.0,211.0,5.0,200.0,1.0,763.0,29.0,933.0,92.0,0.000572708,40.07266,153147.4,12750420.0,119.804,26.2348
724.0,743.0,1.0,1.0,789.0,94.0,744.0,13.0,716.0,27.0,116.0,34.0,892.0,25.0,9.460567e-05,62.23788,40642.28,48044980.0,63.3069,50.8535
466.0,823.0,2.0,2.0,728.0,89.0,801.0,54.0,694.0,27.0,885.0,88.0,951.0,34.0,8.142145e-05,25.5217,577079.0,8193759.0,54.0715,18.6762
378.0,794.0,1.0,1.0,452.0,29.0,992.0,24.0,872.0,73.0,177.0,92.0,603.0,24.0,7.628508e-05,61.27207,40642.28,30874990.0,61.4116,30.3626
466.0,833.0,1.0,2.0,951.0,34.0,531.0,43.0,492.0,59.0,343.0,23.0,992.0,87.0,6.755958e-05,24.38975,1397391.0,16295760.0,75.1714,51.4736
630.0,830.0,2.0,2.0,854.0,86.0,821.0,26.0,760.0,16.0,563.0,83.0,963.0,83.0,8.528672e-05,66.87002,6930.448,16295760.0,89.005,39.8445
726.0,959.0,1.0,2.0,274.0,16.0,526.0,62.0,588.0,12.0,532.0,46.0,493.0,49.0,1.101675e-05,29.63822,153147.4,3383770.0,43.9177,8.57768
475.0,891.0,1.0,2.0,599.0,15.0,112.0,33.0,449.0,20.0,530.0,66.0,224.0,62.0,9.667251e-05,59.87562,40642.28,39459980.0,80.4246,31.2977
655.0,827.0,1.0,3.0,899.0,66.0,830.0,5.0,598.0,29.0,393.0,88.0,165.0,3.0,1.56327e-05,55.9672,16783.42,6729644.0,67.3194,20.294
274.0,733.0,6.0,4.0,945.0,78.0,846.0,71.0,310.0,50.0,323.0,96.0,279.0,17.0,0.0003413531,41.32122,238315.2,438383300.0,33.132,9.20866
206.0,708.0,3.0,9.0,422.0,22.0,141.0,99.0,479.0,63.0,163.0,56.0,308.0,40.0,0.001814899,6.55882,8193758.0,231377800.0,492.824,1.20202
482.0,701.0,5.0,2.0,142.0,15.0,901.0,20.0,145.0,15.0,399.0,28.0,958.0,32.0,0.0001154517,26.54264,577079.0,10472090.0,124.594,29.6526
332.0,800.0,1.0,1.0,374.0,15.0,947.0,19.0,878.0,77.0,137.0,93.0,743.0,30.0,6.643929e-05,59.49779,40642.28,25358040.0,65.0365,31.9182
342.0,839.0,1.0,2.0,331.0,17.0,494.0,74.0,598.0,42.0,724.0,84.0,500.0,50.0,0.0001486539,44.05881,577079.0,61404200.0,61.9037,21.8876
719.0,368.0,1.0,1.0,531.0,13.0,987.0,71.0,166.0,58.0,612.0,39.0,955.0,14.0,0.0001283675,17.21168,3383769.0,19841090.0,86.1338,24.3694
850.0,784.0,1.0,2.0,822.0,99.0,748.0,35.0,537.0,14.0,515.0,90.0,639.0,86.0,0.0001882063,50.3901,153147.4,48044980.0,90.7958,21.2563
332.0,807.0,1.0,1.0,360.0,15.0,945.0,27.0,875.0,76.0,111.0,93.0,648.0,30.0,7.607946e-05,52.80764,98416.24,30874990.0,63.1953,30.0088
726.0,853.0,4.0,1.0,687.0,67.0,139.0,16.0,568.0,91.0,483.0,49.0,333.0,62.0,4.357064e-05,21.25081,238315.2,2779135.0,85.4441,56.81
681.0,834.0,1.0,6.0,939.0,87.0,967.0,50.0,417.0,54.0,250.0,29.0,796.0,17.0,4.675769e-05,62.86198,40642.28,39459980.0,61.6269,31.5285
301.0,811.0,2.0,1.0,415.0,17.0,152.0,10.0,388.0,43.0,378.0,65.0,856.0,65.0,9.627624e-05,36.57438,370846.0,19841090.0,84.1234,43.6988
556.0,867.0,3.0,3.0,576.0,81.0,816.0,62.0,721.0,71.0,367.0,49.0,925.0,38.0,4.395121e-05,65.08018,10785.12,12750420.0,69.7093,30.037
676.0,799.0,1.0,6.0,536.0,14.0,197.0,40.0,837.0,64.0,639.0,45.0,817.0,25.0,0.0001420045,36.22103,898000.8,74763430.0,42.6339,13.4017
753.0,694.0,4.0,1.0,245.0,32.0,862.0,63.0,915.0,32.0,536.0,58.0,835.0,44.0,0.0003176077,62.14006,40642.28,39459980.0,105.738,22.7566
305.0,811.0,2.0,1.0,415.0,17.0,147.0,6.0,383.0,14.0,383.0,87.0,953.0,64.0,9.571447e-05,38.00336,238315.2,12750420.0,85.3476,40.4701
636.0,828.0,2.0,2.0,882.0,82.0,819.0,27.0,712.0,15.0,525.0,73.0,908.0,82.0,9.076288e-05,66.78637,10785.12,16295760.0,90.9551,39.8262
540.0,913.0,1.0,3.0,623.0,14.0,111.0,23.0,156.0,29.0,568.0,65.0,201.0,21.0,2.852914e-05,54.01501,40642.28,16295760.0,57.7095,17.6699
729.0,762.0,2.0,1.0,179.0,5.0,620.0,8.0,241.0,40.0,327.0,88.0,923.0,17.0,4.59732e-05,43.20355,98416.24,10472090.0,78.8137,22.0048
484.0,844.0,1.0,2.0,488.0,25.0,552.0,48.0,522.0,59.0,598.0,28.0,999.0,83.0,5.831689e-05,23.27581,1397391.0,16295760.0,63.2347,36.2568
570.0,866.0,1.0,2.0,445.0,34.0,524.0,43.0,437.0,58.0,303.0,84.0,997.0,84.0,6.127689e-05,60.98327,40642.28,30874990.0,66.453,31.9421
544.0,910.0,1.0,1.0,590.0,15.0,141.0,30.0,148.0,19.0,514.0,50.0,172.0,68.0,4.008169e-05,26.66846,577079.0,12750420.0,76.0386,26.1747
471.0,854.0,1.0,2.0,484.0,30.0,564.0,50.0,576.0,53.0,391.0,83.0,998.0,84.0,8.11507e-05,63.48306,40642.28,48044980.0,66.5524,32.2394
886.0,694.0,2.0,1.0,327.0,17.0,159.0,63.0,378.0,19.0,145.0,92.0,847.0,42.0,0.0001788584,53.12275,40642.28,16295760.0,92.7645,33.7078
413.0,391.0,4.0,1.0,812.0,16.0,778.0,98.0,979.0,41.0,867.0,12.0,399.0,2.0,0.000556786,48.6885,153147.4,30874990.0,59.4107,11.4867
300.0,679.0,8.0,2.0,831.0,73.0,986.0,51.0,681.0,16.0,996.0,71.0,975.0,43.0,0.0003656797,26.91461,370846.0,8193759.0,56.2193,15.2028
583.0,896.0,1.0,1.0,447.0,29.0,479.0,39.0,625.0,44.0,392.0,82.0,993.0,84.0,3.526419e-05,63.78121,16783.42,19841090.0,50.0373,11.5156
663.0,879.0,1.0,1.0,900.0,91.0,837.0,27.0,708.0,18.0,508.0,83.0,971.0,78.0,3.530798e-05,66.05636,10785.12,12750420.0,61.4971,15.476
700.0,815.0,1.0,3.0,826.0,99.0,821.0,33.0,630.0,14.0,538.0,71.0,953.0,84.0,0.0001154936,59.88432,63244.55,61404200.0,86.1518,23.1637
739.0,846.0,1.0,6.0,544.0,10.0,999.0,64.0,173.0,57.0,193.0,33.0,779.0,18.0,4.000001e-05,55.31213,63244.55,25358040.0,74.4733,31.0084
475.0,694.0,5.0,1.0,419.0,8.0,177.0,4.0,841.0,73.0,145.0,98.0,412.0,92.0,0.0002545162,26.66778,238315.2,4324649.0,101.661,51.7106
347.0,807.0,1.0,1.0,498.0,19.0,977.0,17.0,860.0,74.0,217.0,93.0,606.0,20.0,4.953454e-05,59.96295,26117.46,19841090.0,61.9948,24.0073
748.0,747.0,1.0,1.0,193.0,19.0,597.0,8.0,233.0,44.0,698.0,76.0,906.0,31.0,3.905299e-05,22.0567,898000.8,10472090.0,70.9067,24.6305
742.0,736.0,2.0,1.0,440.0,77.0,629.0,22.0,192.0,43.0,440.0,25.0,921.0,24.0,8.292731e-05,25.75039,1397391.0,19841090.0,65.2298,20.2042
393.0,854.0,4.0,3.0,521.0,88.0,776.0,64.0,599.0,74.0,281.0,49.0,920.0,38.0,5.959852e-05,62.4264,10785.12,12750420.0,86.9657,40.409
736.0,654.0,1.0,1.0,430.0,71.0,578.0,7.0,240.0,2.0,728.0,30.0,933.0,30.0,0.0001813871,54.81466,153147.4,61404200.0,73.3026,31.5587
286.0,832.0,4.0,5.0,588.0,87.0,890.0,71.0,408.0,94.0,819.0,90.0,810.0,22.0,7.354229e-05,64.49304,10785.12,39459980.0,85.0603,19.7285
702.0,686.0,2.0,1.0,214.0,16.0,586.0,15.0,221.0,42.0,275.0,86.0,906.0,26.0,0.0001562276,44.53823,238315.2,39459980.0,92.75,32.3031
331.0,839.0,1.0,1.0,273.0,15.0,523.0,63.0,585.0,41.0,724.0,82.0,508.0,46.0,0.0001262482,59.84904,98416.24,61404200.0,47.6602,14.6265
333.0,810.0,1.0,1.0,399.0,15.0,937.0,19.0,872.0,68.0,171.0,89.0,555.0,23.0,5.828055e-05,59.91655,26117.46,19841090.0,65.0542,28.3853
707.0,770.0,2.0,1.0,793.0,89.0,885.0,13.0,778.0,42.0,165.0,35.0,916.0,26.0,5.904316e-05,48.46223,63244.55,12750420.0,73.6033,26.9964
896.0,774.0,1.0,1.0,795.0,89.0,928.0,21.0,794.0,27.0,149.0,32.0,966.0,24.0,5.28091e-05,62.8352,26117.46,25358040.0,59.2331,17.8359
489.0,911.0,1.0,1.0,569.0,4.0,809.0,53.0,590.0,71.0,332.0,50.0,310.0,28.0,2.006874e-05,50.06731,40642.28,10472090.0,61.7593,14.4528
735.0,825.0,1.0,1.0,973.0,14.0,964.0,66.0,177.0,73.0,493.0,30.0,792.0,4.0,3.768313e-05,58.82056,26117.46,19841090.0,-18.2764,-2.94884
430.0,844.0,1.0,2.0,887.0,33.0,524.0,40.0,498.0,59.0,321.0,23.0,952.0,86.0,5.502703e-05,24.4064,898000.8,12750420.0,73.5657,53.2683
396.0,862.0,2.0,3.0,737.0,86.0,784.0,64.0,588.0,70.0,315.0,51.0,870.0,38.0,5.228825e-05,63.65309,16783.42,19841090.0,66.7067,37.182
206.0,733.0,1.0,2.0,941.0,64.0,788.0,10.0,603.0,37.0,426.0,87.0,218.0,14.0,9.789436e-05,36.27502,370846.0,25358040.0,89.9101,36.5959
551.0,953.0,5.0,1.0,102.0,75.0,474.0,65.0,702.0,12.0,386.0,93.0,142.0,79.0,4.274407e-05,38.61058,26117.46,2174501.0,84.7773,25.0266
466.0,866.0,1.0,2.0,963.0,34.0,524.0,43.0,493.0,61.0,303.0,18.0,997.0,80.0,3.793218e-05,23.67951,898000.8,10472090.0,62.5458,50.6426
346.0,783.0,1.0,1.0,401.0,15.0,937.0,18.0,881.0,59.0,171.0,92.0,598.0,20.0,7.308279e-05,56.09332,63244.55,25358040.0,65.5646,31.1877
558.0,824.0,5.0,1.0,947.0,77.0,878.0,74.0,286.0,94.0,814.0,91.0,338.0,15.0,8.335747e-05,38.43137,153147.4,12750420.0,59.7693,11.0162
317.0,391.0,4.0,1.0,820.0,19.0,771.0,98.0,927.0,41.0,867.0,12.0,347.0,2.0,0.0008093369,47.9612,153147.4,39459980.0,60.7786,13.2295
263.0,854.0,3.0,4.0,273.0,76.0,871.0,76.0,287.0,88.0,322.0,85.0,369.0,18.0,6.404489e-05,58.37932,26117.46,25358040.0,105.207,22.2013
528.0,851.0,4.0,5.0,588.0,83.0,302.0,25.0,396.0,90.0,831.0,82.0,785.0,16.0,4.455407e-05,65.31291,6930.448,12750420.0,71.1008,26.0632
801.0,610.0,1.0,6.0,546.0,14.0,652.0,93.0,688.0,65.0,203.0,36.0,812.0,41.0,9.58283e-05,25.36618,898000.8,19841090.0,88.6226,15.539
492.0,921.0,1.0,2.0,964.0,23.0,585.0,34.0,492.0,57.0,311.0,73.0,997.0,96.0,1.888114e-05,53.04266,26117.46,8193759.0,64.6822,17.4412
367.0,838.0,1.0,2.0,398.0,18.0,994.0,13.0,879.0,74.0,149.0,92.0,635.0,28.0,3.443773e-05,54.29667,26117.46,10472090.0,70.7744,49.9769
501.0,851.0,2.0,3.0,496.0,82.0,798.0,66.0,592.0,66.0,390.0,49.0,925.0,38.0,6.155981e-05,64.71213,16783.42,25358040.0,69.8101,34.1256
705.0,626.0,3.0,1.0,179.0,16.0,729.0,22.0,252.0,43.0,383.0,82.0,961.0,61.0,0.0002025563,26.04727,898000.8,19841090.0,115.015,19.3966
888.0,771.0,1.0,1.0,731.0,91.0,887.0,10.0,591.0,43.0,157.0,36.0,895.0,19.0,3.160779e-05,39.03139,153147.4,12750420.0,63.4846,19.0802
721.0,760.0,2.0,1.0,423.0,72.0,627.0,8.0,205.0,35.0,723.0,91.0,957.0,32.0,4.115845e-05,27.82943,370846.0,8193759.0,78.8462,27.6224
515.0,869.0,4.0,3.0,495.0,82.0,785.0,64.0,721.0,71.0,368.0,49.0,925.0,38.0,4.471818e-05,64.66414,6930.448,10472090.0,73.6151,30.2059
254.0,516.0,6.0,2.0,836.0,40.0,249.0,22.0,167.0,33.0,536.0,22.0,389.0,51.0,0.0008659341,8.347906,3383769.0,6729644.0,79.798,25.0843
617.0,816.0,2.0,1.0,888.0,76.0,823.0,41.0,537.0,50.0,465.0,80.0,993.0,82.0,9.371692e-05,40.96301,238315.2,19841090.0,77.4631,42.8443
345.0,876.0,1.0,1.0,442.0,13.0,935.0,18.0,923.0,72.0,179.0,94.0,624.0,18.0,1.61595e-05,53.34923,26117.46,8193759.0,52.8753,13.4262
874.0,684.0,2.0,2.0,413.0,11.0,485.0,65.0,524.0,19.0,805.0,17.0,897.0,92.0,2.369353e-05,5.629712,370846.0,473963.5,94.7246,29.1868
366.0,831.0,1.0,1.0,397.0,13.0,915.0,13.0,861.0,76.0,147.0,92.0,751.0,21.0,2.986955e-05,59.19363,16783.42,12750420.0,60.6346,19.4755
748.0,829.0,1.0,6.0,514.0,3.0,996.0,55.0,167.0,57.0,620.0,33.0,799.0,18.0,2.036103e-05,15.93389,898000.8,3383770.0,81.163,28.5895
705.0,775.0,2.0,1.0,796.0,89.0,724.0,22.0,778.0,42.0,167.0,30.0,916.0,24.0,8.13004e-05,64.39101,16783.42,25358040.0,61.6523,16.4332
277.0,752.0,2.0,3.0,926.0,68.0,834.0,15.0,602.0,92.0,179.0,89.0,113.0,11.0,9.734446e-05,36.20835,238315.2,16295760.0,118.369,40.7716
459.0,901.0,1.0,2.0,909.0,30.0,570.0,36.0,492.0,57.0,237.0,81.0,999.0,83.0,2.84289e-05,59.23998,16783.42,16295760.0,62.8846,18.3047
274.0,802.0,6.0,1.0,632.0,87.0,802.0,72.0,416.0,88.0,318.0,74.0,804.0,16.0,0.0001166801,25.85544,577079.0,8193759.0,29.6286,3.27841
470.0,887.0,3.0,3.0,583.0,15.0,156.0,33.0,480.0,21.0,585.0,66.0,177.0,67.0,9.411351e-05,53.38773,26117.46,12750420.0,112.514,28.0362
495.0,701.0,3.0,4.0,224.0,14.0,914.0,21.0,123.0,15.0,459.0,28.0,958.0,26.0,0.0001108152,28.05767,577079.0,19841090.0,86.4815,24.4448
579.0,881.0,1.0,3.0,937.0,66.0,837.0,14.0,610.0,44.0,176.0,88.0,113.0,4.0,1.474517e-05,57.75601,10785.12,6729644.0,58.3965,14.4193
555.0,896.0,2.0,5.0,273.0,80.0,862.0,75.0,372.0,88.0,309.0,82.0,366.0,18.0,2.882531e-05,60.23623,16783.42,12750420.0,66.0967,26.4478
725.0,747.0,1.0,1.0,193.0,16.0,597.0,8.0,152.0,43.0,685.0,73.0,856.0,24.0,3.707372e-05,21.63522,898000.8,10472090.0,68.6664,22.1734
490.0,820.0,1.0,1.0,862.0,31.0,490.0,44.0,552.0,64.0,561.0,83.0,984.0,87.0,0.0001236807,41.59737,577079.0,39459980.0,59.1463,23.0834
226.0,358.0,1.0,5.0,981.0,93.0,947.0,64.0,215.0,56.0,150.0,24.0,881.0,23.0,0.001440364,35.77606,5265528.0,1356708000.0,11.8083,5.70111
719.0,730.0,1.0,1.0,730.0,87.0,928.0,21.0,186.0,41.0,175.0,44.0,538.0,23.0,9.111557e-05,31.18187,1397391.0,39459980.0,77.8546,40.3169
398.0,856.0,4.0,3.0,737.0,86.0,803.0,64.0,602.0,77.0,316.0,48.0,931.0,38.0,5.551733e-05,63.96126,10785.12,12750420.0,83.6583,42.4148
491.0,924.0,1.0,3.0,591.0,11.0,146.0,20.0,156.0,18.0,434.0,50.0,217.0,25.0,2.074306e-05,54.19445,26117.46,12750420.0,66.37,19.9776
758.0,594.0,1.0,1.0,796.0,86.0,948.0,22.0,595.0,26.0,187.0,39.0,977.0,20.0,0.0002205168,64.33308,63244.55,95551890.0,75.3756,51.6684
586.0,858.0,1.0,2.0,484.0,29.0,556.0,50.0,576.0,59.0,342.0,84.0,989.0,84.0,7.519738e-05,63.18882,40642.28,39459980.0,66.1605,34.3732
478.0,873.0,1.0,2.0,488.0,30.0,521.0,40.0,637.0,48.0,304.0,85.0,993.0,83.0,5.475528e-05,59.15989,40642.28,30874990.0,64.1207,31.9071
555.0,896.0,2.0,5.0,273.0,79.0,890.0,74.0,287.0,83.0,325.0,83.0,405.0,17.0,2.662974e-05,59.6989,16783.42,12750420.0,60.2531,19.7801
490.0,919.0,1.0,2.0,476.0,30.0,486.0,36.0,630.0,49.0,350.0,69.0,993.0,95.0,2.189485e-05,58.3964,16783.42,12750420.0,57.4995,15.1028
786.0,985.0,1.0,2.0,267.0,8.0,505.0,57.0,585.0,40.0,721.0,85.0,120.0,38.0,8.431349e-06,46.0373,26117.46,3383770.0,64.8298,15.5051
678.0,861.0,1.0,5.0,529.0,13.0,446.0,65.0,179.0,74.0,623.0,63.0,778.0,14.0,5.663714e-05,35.84105,577079.0,25358040.0,27.3357,8.47919
729.0,812.0,1.0,5.0,540.0,16.0,988.0,64.0,152.0,74.0,130.0,38.0,798.0,14.0,6.309708e-05,55.48765,98416.24,39459980.0,71.9862,28.3984
696.0,883.0,2.0,1.0,788.0,82.0,854.0,28.0,544.0,49.0,524.0,68.0,971.0,47.0,2.137099e-05,53.59844,16783.42,6729644.0,62.155,12.4549
322.0,823.0,1.0,1.0,384.0,14.0,909.0,15.0,884.0,69.0,171.0,89.0,663.0,23.0,4.038296e-05,59.25186,26117.46,16295760.0,63.1843,22.9666
491.0,905.0,1.0,3.0,603.0,12.0,142.0,23.0,389.0,17.0,538.0,65.0,292.0,55.0,4.768205e-05,59.78941,26117.46,19841090.0,80.3843,33.6942
549.0,979.0,1.0,3.0,594.0,15.0,118.0,21.0,156.0,14.0,465.0,50.0,179.0,23.0,7.321861e-06,56.26228,10785.12,5265529.0,49.9399,10.1782
507.0,846.0,1.0,2.0,311.0,29.0,523.0,49.0,541.0,59.0,311.0,18.0,614.0,85.0,6.146601e-05,19.97032,1397391.0,12750420.0,79.492,48.0563
229.0,881.0,1.0,1.0,889.0,66.0,631.0,15.0,531.0,44.0,179.0,87.0,194.0,19.0,2.81963e-05,53.47724,26117.46,10472090.0,70.7507,21.8377
733.0,805.0,1.0,5.0,556.0,16.0,968.0,64.0,178.0,74.0,655.0,38.0,853.0,13.0,5.722401e-05,29.10052,898000.8,19841090.0,57.8048,25.4662
793.0,470.0,5.0,1.0,937.0,74.0,626.0,88.0,908.0,82.0,299.0,37.0,373.0,80.0,0.000251398,17.04345,577079.0,4324649.0,118.902,54.2422
727.0,944.0,1.0,3.0,272.0,15.0,385.0,62.0,637.0,14.0,740.0,82.0,166.0,58.0,3.320229e-05,60.79455,16783.42,12750420.0,69.8864,24.5985
358.0,870.0,5.0,3.0,495.0,75.0,625.0,42.0,349.0,24.0,320.0,87.0,376.0,68.0,8.043868e-05,58.3607,10785.12,8193759.0,114.826,26.652
269.0,858.0,6.0,5.0,953.0,83.0,846.0,73.0,287.0,48.0,323.0,74.0,338.0,17.0,6.111109e-05,43.66972,63244.55,12750420.0,129.153,24.5146
336.0,391.0,4.0,1.0,812.0,14.0,778.0,96.0,969.0,41.0,867.0,12.0,343.0,2.0,0.0006298739,43.97594,238315.2,25358040.0,66.7641,15.2901
379.0,798.0,1.0,1.0,452.0,30.0,925.0,25.0,872.0,77.0,184.0,89.0,639.0,25.0,7.490731e-05,61.28062,40642.28,30874990.0,58.7739,26.5545
755.0,828.0,1.0,6.0,978.0,93.0,916.0,62.0,344.0,57.0,265.0,32.0,798.0,17.0,6.003464e-05,62.12144,63244.55,61404200.0,61.4946,27.2344
697.0,828.0,1.0,1.0,903.0,92.0,759.0,27.0,731.0,15.0,513.0,87.0,971.0,77.0,8.587296e-05,39.58012,238315.2,19841090.0,62.8786,20.9729
358.0,373.0,7.0,1.0,495.0,75.0,622.0,42.0,350.0,24.0,320.0,87.0,398.0,68.0,0.003064078,35.97845,898000.8,1651877000.0,8.05889,5.48258
496.0,969.0,4.0,3.0,628.0,15.0,110.0,31.0,472.0,16.0,531.0,66.0,177.0,72.0,2.20913e-05,59.30842,2861.474,2779135.0,85.3732,32.7315
886.0,735.0,1.0,1.0,729.0,91.0,828.0,21.0,186.0,43.0,175.0,45.0,544.0,26.0,4.614443e-05,24.03679,898000.8,12750420.0,79.9991,48.1591
647.0,333.0,9.0,5.0,843.0,34.0,313.0,73.0,164.0,49.0,394.0,20.0,720.0,33.0,0.0003864187,11.37382,898000.8,4324649.0,12.3939,6.44617
697.0,907.0,2.0,1.0,898.0,91.0,693.0,26.0,708.0,18.0,518.0,83.0,980.0,79.0,2.135265e-05,63.54484,4453.334,5265529.0,70.4163,15.7123
341.0,806.0,1.0,5.0,536.0,81.0,984.0,64.0,173.0,57.0,193.0,33.0,798.0,19.0,8.85021e-05,59.06998,98416.24,95551890.0,73.4505,23.4806
317.0,796.0,1.0,1.0,923.0,64.0,744.0,14.0,538.0,98.0,199.0,88.0,112.0,10.0,5.827955e-05,38.64515,370846.0,19841090.0,73.7273,52.85
689.0,751.0,1.0,1.0,899.0,67.0,816.0,10.0,602.0,38.0,363.0,97.0,180.0,4.0,6.353553e-05,62.60346,26117.46,30874990.0,58.7516,17.1055
592.0,939.0,1.0,3.0,605.0,6.0,118.0,23.0,172.0,23.0,503.0,40.0,209.0,27.0,1.514223e-05,48.52202,40642.28,8193759.0,63.6643,16.5301
424.0,979.0,4.0,3.0,554.0,90.0,815.0,63.0,618.0,63.0,358.0,50.0,989.0,37.0,3.906704e-06,59.82445,1181.114,1397392.0,23.559,2.233
501.0,842.0,1.0,2.0,492.0,32.0,501.0,43.0,590.0,47.0,350.0,91.0,977.0,84.0,9.924221e-05,53.82218,153147.4,48044980.0,72.9363,32.5041
446.0,924.0,1.0,3.0,591.0,11.0,159.0,20.0,156.0,18.0,542.0,50.0,217.0,25.0,1.961185e-05,52.27622,40642.28,10472090.0,65.5632,20.2344
235.0,516.0,6.0,2.0,877.0,59.0,185.0,22.0,164.0,82.0,535.0,22.0,372.0,50.0,0.001055786,4.206049,5265528.0,5265529.0,75.1656,29.0465
668.0,806.0,1.0,1.0,517.0,12.0,201.0,71.0,188.0,75.0,647.0,39.0,798.0,13.0,0.0001473113,57.27451,98416.24,48044980.0,6.86573,1.30843
473.0,912.0,4.0,1.0,541.0,4.0,796.0,60.0,575.0,71.0,338.0,42.0,182.0,29.0,2.08288e-05,33.38386,40642.28,1785947.0,81.0688,20.6718
327.0,333.0,1.0,3.0,573.0,54.0,673.0,73.0,704.0,89.0,394.0,1.0,450.0,33.0,0.00141015,-5.882486,-10.0,-10.0,0.0,69.5714
753.0,694.0,4.0,1.0,244.0,32.0,877.0,73.0,915.0,33.0,540.0,50.0,829.0,44.0,0.000327113,64.38309,26117.46,48044980.0,105.674,20.5962
910.0,747.0,1.0,1.0,711.0,88.0,897.0,12.0,757.0,41.0,139.0,29.0,994.0,34.0,3.501601e-05,32.10302,238315.2,8193759.0,69.8315,66.0049
345.0,866.0,1.0,1.0,442.0,13.0,935.0,18.0,923.0,77.0,183.0,97.0,605.0,27.0,2.465435e-05,57.21178,16783.42,10472090.0,61.8483,20.8027
627.0,822.0,2.0,1.0,921.0,95.0,869.0,27.0,537.0,53.0,465.0,82.0,951.0,47.0,5.664096e-05,46.8277,98416.24,16295760.0,69.1178,19.8745
322.0,861.0,1.0,1.0,509.0,25.0,884.0,15.0,874.0,69.0,211.0,91.0,681.0,26.0,2.337192e-05,57.43114,16783.42,10472090.0,60.5021,19.4379
901.0,643.0,2.0,1.0,327.0,8.0,176.0,63.0,387.0,33.0,153.0,48.0,856.0,44.0,3.617356e-05,20.69321,238315.2,1785947.0,89.4507,45.1779
330.0,956.0,1.0,3.0,273.0,66.0,526.0,73.0,922.0,41.0,722.0,45.0,110.0,49.0,1.631512e-05,40.47813,98416.24,10472090.0,68.6283,34.9811
494.0,701.0,4.0,4.0,142.0,15.0,870.0,29.0,145.0,15.0,410.0,28.0,958.0,30.0,0.0001667194,31.90077,577079.0,181038800.0,64.3762,21.8387
789.0,337.0,4.0,1.0,639.0,16.0,643.0,32.0,164.0,4.0,396.0,82.0,690.0,48.0,0.0004193969,29.4513,238315.2,6729644.0,102.84,24.1168
264.0,857.0,1.0,1.0,340.0,12.0,966.0,15.0,923.0,73.0,180.0,92.0,754.0,28.0,2.415233e-05,56.34483,16783.42,10472090.0,62.5505,21.0818
463.0,861.0,1.0,1.0,734.0,8.0,836.0,61.0,598.0,38.0,292.0,51.0,856.0,39.0,5.023663e-05,33.28511,370846.0,16295760.0,55.505,12.3399
388.0,875.0,1.0,3.0,498.0,79.0,787.0,67.0,434.0,65.0,261.0,48.0,801.0,35.0,4.254086e-05,61.3551,40642.28,30874990.0,42.8098,13.6879
475.0,912.0,1.0,3.0,599.0,15.0,112.0,32.0,450.0,20.0,467.0,66.0,222.0,61.0,6.41947e-05,60.04151,26117.46,25358040.0,82.7577,31.3989
726.0,747.0,2.0,1.0,201.0,15.0,622.0,9.0,221.0,43.0,323.0,74.0,730.0,24.0,5.453045e-05,29.42117,370846.0,10472090.0,85.641,42.4551
528.0,739.0,5.0,1.0,613.0,83.0,317.0,25.0,414.0,66.0,831.0,83.0,807.0,22.0,0.0002119903,65.46817,16783.42,30874990.0,72.6237,25.5045
473.0,911.0,1.0,1.0,569.0,4.0,809.0,60.0,715.0,65.0,446.0,51.0,310.0,29.0,2.197082e-05,51.53956,40642.28,10472090.0,58.8262,13.7736
352.0,810.0,1.0,1.0,405.0,13.0,978.0,19.0,898.0,70.0,136.0,93.0,597.0,23.0,5.590269e-05,59.23376,26117.46,19841090.0,64.4498,26.7126
482.0,739.0,6.0,1.0,647.0,78.0,897.0,17.0,362.0,88.0,306.0,93.0,808.0,15.0,7.81415e-05,52.53446,26117.46,8193759.0,81.3383,25.6691
904.0,749.0,1.0,1.0,730.0,92.0,975.0,8.0,580.0,44.0,120.0,21.0,911.0,14.0,2.100454e-05,32.94975,238315.2,8193759.0,63.8467,18.883
705.0,632.0,2.0,1.0,796.0,90.0,742.0,19.0,787.0,45.0,167.0,34.0,915.0,24.0,0.0002288404,60.206,63244.55,61404200.0,88.6405,53.4158
202.0,604.0,7.0,1.0,371.0,47.0,159.0,58.0,206.0,63.0,345.0,19.0,767.0,29.0,0.002090354,37.58114,898000.8,438383300.0,95.3819,25.169
659.0,775.0,2.0,1.0,193.0,13.0,588.0,13.0,151.0,40.0,323.0,87.0,983.0,24.0,6.322395e-05,49.28228,63244.55,16295760.0,75.524,21.2033
540.0,913.0,1.0,2.0,579.0,14.0,115.0,20.0,187.0,17.0,508.0,65.0,201.0,24.0,3.061798e-05,58.04294,26117.46,16295760.0,60.3747,16.2653
269.0,876.0,6.0,5.0,914.0,83.0,845.0,73.0,349.0,93.0,293.0,90.0,291.0,23.0,4.883552e-05,57.54196,10785.12,8193759.0,125.473,28.3709
472.0,857.0,3.0,2.0,524.0,83.0,790.0,58.0,438.0,65.0,386.0,49.0,854.0,33.0,4.94526e-05,62.44222,16783.42,16295760.0,60.7942,13.5179
522.0,826.0,1.0,2.0,954.0,31.0,537.0,45.0,631.0,59.0,338.0,81.0,993.0,84.0,0.0001216819,62.95241,40642.28,48044980.0,77.884,39.6627
714.0,719.0,2.0,1.0,778.0,90.0,763.0,21.0,728.0,41.0,167.0,39.0,905.0,24.0,0.000136612,63.41509,26117.46,39459980.0,75.4485,54.0483
811.0,869.0,1.0,5.0,969.0,4.0,982.0,55.0,394.0,51.0,225.0,32.0,656.0,15.0,1.314818e-05,43.66961,40642.28,5265529.0,71.4755,21.0482
492.0,888.0,1.0,3.0,579.0,17.0,148.0,20.0,226.0,12.0,543.0,64.0,240.0,32.0,5.292025e-05,58.51386,40642.28,25358040.0,78.5484,33.7884
852.0,684.0,9.0,3.0,413.0,62.0,485.0,65.0,943.0,19.0,806.0,17.0,897.0,92.0,0.000141464,22.00458,238315.2,2779135.0,59.609,13.3486
704.0,632.0,2.0,1.0,796.0,87.0,930.0,14.0,757.0,27.0,187.0,29.0,855.0,21.0,0.0001768309,52.88093,98416.24,39459980.0,88.2324,56.6495
491.0,863.0,1.0,2.0,909.0,28.0,524.0,44.0,524.0,58.0,307.0,16.0,954.0,85.0,4.011215e-05,22.16548,898000.8,10472090.0,66.3019,57.1231
474.0,794.0,1.0,1.0,509.0,26.0,935.0,25.0,875.0,78.0,207.0,91.0,603.0,26.0,8.163846e-05,61.91956,40642.28,30874990.0,62.0341,33.8954
566.0,887.0,3.0,3.0,497.0,14.0,112.0,29.0,166.0,20.0,547.0,66.0,266.0,18.0,5.102324e-05,26.28733,370846.0,5265529.0,75.9217,29.3406
260.0,821.0,1.0,1.0,377.0,85.0,951.0,16.0,858.0,81.0,148.0,92.0,638.0,31.0,5.080514e-05,55.93645,40642.28,19841090.0,61.9351,28.255
901.0,754.0,1.0,1.0,796.0,95.0,868.0,21.0,777.0,27.0,118.0,40.0,997.0,21.0,5.915718e-05,62.63237,26117.46,25358040.0,58.3631,17.8704
334.0,839.0,1.0,1.0,336.0,20.0,415.0,56.0,609.0,42.0,737.0,62.0,112.0,37.0,0.0001346481,31.99681,1397391.0,39459980.0,73.4438,30.9357
703.0,760.0,2.0,1.0,425.0,76.0,749.0,8.0,272.0,1.0,725.0,28.0,957.0,32.0,8.025787e-05,29.24149,238315.2,6729644.0,78.5406,23.6937
528.0,742.0,5.0,1.0,612.0,78.0,317.0,23.0,377.0,70.0,831.0,83.0,807.0,22.0,0.0001895343,60.09751,40642.28,25358040.0,72.9366,23.3099
522.0,913.0,1.0,3.0,624.0,6.0,113.0,21.0,156.0,14.0,528.0,66.0,201.0,25.0,3.219064e-05,55.76613,26117.46,12750420.0,71.349,27.8604
486.0,847.0,1.0,2.0,326.0,41.0,427.0,49.0,540.0,66.0,529.0,83.0,586.0,93.0,0.0001033579,33.75527,898000.8,39459980.0,75.3524,25.8602
888.0,771.0,1.0,1.0,731.0,91.0,869.0,11.0,591.0,48.0,140.0,25.0,896.0,17.0,2.638224e-05,35.26774,238315.2,10472090.0,58.6816,16.4109
502.0,861.0,1.0,2.0,960.0,30.0,466.0,50.0,492.0,48.0,338.0,78.0,997.0,88.0,7.975128e-05,61.53259,40642.28,39459980.0,68.9547,35.431
719.0,760.0,2.0,1.0,425.0,76.0,749.0,8.0,217.0,2.0,725.0,85.0,957.0,31.0,7.832148e-05,22.40206,370846.0,3383770.0,80.8093,28.7306
466.0,823.0,2.0,4.0,728.0,89.0,801.0,65.0,606.0,28.0,538.0,56.0,946.0,36.0,9.368135e-05,27.22866,577079.0,12750420.0,83.5137,22.1618
943.0,471.0,6.0,5.0,267.0,8.0,159.0,20.0,848.0,71.0,136.0,98.0,412.0,92.0,0.0001022504,15.03111,40642.28,195732.3,96.1486,46.4366
379.0,860.0,1.0,1.0,441.0,13.0,987.0,18.0,872.0,69.0,211.0,93.0,605.0,19.0,2.182317e-05,60.3201,10785.12,10472090.0,57.4544,15.8809
528.0,748.0,5.0,1.0,612.0,83.0,297.0,22.0,405.0,89.0,831.0,82.0,806.0,16.0,0.0001674248,65.51185,16783.42,25358040.0,52.3318,9.67326
492.0,923.0,1.0,3.0,491.0,12.0,159.0,19.0,657.0,19.0,540.0,65.0,202.0,22.0,2.242226e-05,36.55846,153147.4,8193759.0,60.63,16.4024
705.0,650.0,2.0,1.0,722.0,87.0,948.0,14.0,781.0,44.0,157.0,35.0,935.0,18.0,0.0001405651,57.33096,63244.55,39459980.0,80.664,56.4017
493.0,887.0,4.0,2.0,628.0,15.0,157.0,33.0,481.0,21.0,604.0,62.0,166.0,70.0,9.001569e-05,48.47334,40642.28,8193759.0,101.762,33.5764
771.0,911.0,1.0,1.0,433.0,68.0,864.0,68.0,606.0,14.0,612.0,47.0,129.0,43.0,3.811299e-05,53.08861,40642.28,16295760.0,67.223,19.0931
422.0,262.0,1.0,1.0,803.0,9.0,726.0,67.0,894.0,52.0,655.0,93.0,308.0,38.0,0.000674961,18.58645,3383769.0,19841090.0,93.5294,19.8754
493.0,887.0,4.0,3.0,599.0,10.0,113.0,32.0,459.0,20.0,536.0,26.0,267.0,63.0,6.734399e-05,32.17292,153147.4,5265529.0,106.263,36.1258
476.0,821.0,1.0,2.0,877.0,33.0,526.0,41.0,524.0,56.0,549.0,18.0,943.0,76.0,6.93673e-05,19.55161,1397391.0,12750420.0,68.0083,48.3458
495.0,695.0,8.0,1.0,657.0,68.0,295.0,22.0,358.0,60.0,754.0,96.0,805.0,26.0,0.0003220308,63.73619,16783.42,25358040.0,108.508,26.8833
379.0,876.0,1.0,1.0,437.0,22.0,908.0,24.0,872.0,80.0,171.0,89.0,637.0,22.0,2.033649e-05,57.29555,16783.42,10472090.0,48.1926,12.0263
371.0,839.0,1.0,1.0,272.0,17.0,394.0,63.0,603.0,42.0,584.0,85.0,500.0,42.0,0.0001407224,27.36045,1397391.0,30874990.0,44.3217,13.5937
725.0,747.0,1.0,1.0,196.0,15.0,612.0,5.0,193.0,36.0,379.0,89.0,917.0,19.0,3.822663e-05,32.35405,370846.0,12750420.0,74.7477,23.7506
502.0,844.0,1.0,2.0,333.0,41.0,491.0,44.0,538.0,58.0,271.0,91.0,997.0,81.0,9.527397e-05,55.27004,98416.24,61404200.0,70.749,32.2933
702.0,762.0,1.0,2.0,941.0,64.0,807.0,9.0,610.0,39.0,425.0,96.0,218.0,4.0,4.818105e-05,62.80513,26117.46,25358040.0,61.6499,23.5912
508.0,880.0,1.0,3.0,618.0,13.0,111.0,24.0,436.0,20.0,522.0,65.0,311.0,61.0,8.61712e-05,60.22803,40642.28,30874990.0,89.95,28.4503
747.0,743.0,2.0,2.0,439.0,76.0,628.0,10.0,239.0,2.0,763.0,28.0,933.0,31.0,0.0001035652,58.36885,26117.46,19841090.0,90.1728,32.7797
493.0,800.0,1.0,2.0,407.0,34.0,489.0,44.0,491.0,63.0,406.0,92.0,993.0,87.0,0.0001810411,61.44669,98416.24,116340400.0,79.5918,21.939
691.0,867.0,1.0,1.0,986.0,64.0,824.0,9.0,540.0,39.0,223.0,97.0,217.0,4.0,1.088404e-05,46.60219,26117.46,5265529.0,50.332,10.2759
726.0,959.0,1.0,2.0,371.0,65.0,523.0,75.0,588.0,14.0,525.0,47.0,126.0,44.0,2.046886e-05,56.48503,16783.42,10472090.0,62.8837,15.3479
479.0,773.0,1.0,2.0,863.0,32.0,457.0,58.0,540.0,66.0,559.0,25.0,626.0,87.0,0.000210342,18.52946,3383769.0,25358040.0,85.0543,27.1031
709.0,634.0,1.0,2.0,747.0,53.0,738.0,21.0,735.0,45.0,169.0,37.0,919.0,27.0,0.0002259704,50.80579,370846.0,116340400.0,95.8997,46.6805
475.0,754.0,1.0,1.0,441.0,27.0,983.0,25.0,874.0,77.0,143.0,91.0,608.0,27.0,0.000132354,61.03832,63244.55,48044980.0,68.8498,49.0492
745.0,265.0,1.0,5.0,978.0,5.0,982.0,62.0,184.0,58.0,209.0,32.0,811.0,17.0,3.149506e-05,6.496099,898000.8,1785947.0,109.301,16.4827
736.0,806.0,1.0,6.0,492.0,85.0,996.0,63.0,179.0,57.0,213.0,33.0,740.0,17.0,8.031035e-05,59.61478,98416.24,116340400.0,69.3781,20.9213
701.0,828.0,2.0,2.0,921.0,86.0,823.0,28.0,712.0,18.0,525.0,83.0,961.0,82.0,8.775091e-05,66.99627,10785.12,16295760.0,89.6007,39.528
493.0,711.0,5.0,4.0,156.0,17.0,914.0,26.0,145.0,20.0,410.0,20.0,970.0,23.0,0.0001091011,26.35325,577079.0,12750420.0,93.2011,24.7564
562.0,853.0,2.0,1.0,495.0,10.0,809.0,59.0,715.0,68.0,412.0,47.0,925.0,29.0,4.933737e-05,62.3194,16783.42,16295760.0,45.9723,7.54033
344.0,792.0,1.0,3.0,182.0,16.0,971.0,16.0,879.0,69.0,348.0,92.0,556.0,46.0,6.227774e-05,28.63429,577079.0,12750420.0,89.2227,35.6961
332.0,806.0,2.0,1.0,372.0,10.0,964.0,19.0,882.0,76.0,148.0,98.0,610.0,32.0,7.056897e-05,57.40798,16783.42,10472090.0,79.2877,51.663
540.0,913.0,1.0,3.0,579.0,14.0,115.0,21.0,187.0,19.0,508.0,65.0,201.0,24.0,3.085942e-05,57.65791,26117.46,16295760.0,64.8752,22.985
493.0,906.0,1.0,3.0,603.0,13.0,142.0,22.0,652.0,20.0,541.0,64.0,318.0,62.0,4.834695e-05,62.14271,16783.42,19841090.0,78.8718,37.0936
330.0,825.0,1.0,2.0,273.0,55.0,538.0,72.0,571.0,42.0,553.0,84.0,500.0,50.0,0.0001765094,38.72392,1397391.0,95551890.0,61.7223,18.71
888.0,705.0,1.0,1.0,788.0,91.0,887.0,10.0,590.0,23.0,186.0,36.0,878.0,22.0,5.631576e-05,39.20424,238315.2,16295760.0,74.8882,63.0701
799.0,680.0,1.0,1.0,930.0,91.0,830.0,19.0,207.0,34.0,112.0,36.0,484.0,53.0,0.0001070458,21.41922,2174500.0,19841090.0,95.9052,0.0
475.0,912.0,1.0,3.0,599.0,17.0,112.0,26.0,420.0,19.0,540.0,66.0,201.0,61.0,5.657128e-05,57.56599,40642.28,25358040.0,83.7533,31.1727
482.0,800.0,1.0,2.0,381.0,34.0,530.0,40.0,533.0,59.0,336.0,18.0,988.0,87.0,9.757735e-05,22.3931,2174500.0,25358040.0,83.0737,44.7609
348.0,833.0,1.0,2.0,371.0,15.0,935.0,24.0,868.0,74.0,148.0,94.0,651.0,32.0,5.116191e-05,59.68525,26117.46,19841090.0,69.2758,47.4302
495.0,701.0,3.0,4.0,224.0,14.0,914.0,21.0,145.0,15.0,463.0,28.0,958.0,26.0,0.0001129541,29.4356,577079.0,25358040.0,85.5349,23.9441
528.0,739.0,4.0,1.0,597.0,83.0,295.0,22.0,415.0,64.0,821.0,83.0,804.0,23.0,0.0002037282,65.31366,26117.46,39459980.0,70.5585,25.1248
529.0,913.0,1.0,3.0,632.0,16.0,122.0,20.0,370.0,20.0,467.0,51.0,316.0,61.0,3.635525e-05,54.97238,40642.28,16295760.0,79.1338,37.685
706.0,830.0,2.0,1.0,870.0,86.0,795.0,28.0,794.0,18.0,523.0,81.0,971.0,80.0,8.503253e-05,62.16765,16783.42,16295760.0,77.282,30.8013
357.0,947.0,1.0,4.0,336.0,69.0,341.0,60.0,573.0,42.0,542.0,63.0,129.0,43.0,2.371766e-05,51.41382,63244.55,16295760.0,71.2795,31.3691
672.0,231.0,3.0,4.0,721.0,39.0,268.0,95.0,166.0,80.0,160.0,48.0,728.0,95.0,0.0005636452,12.59765,3383769.0,39459980.0,-3.49456,-4.76007
542.0,908.0,2.0,1.0,626.0,15.0,147.0,32.0,467.0,14.0,561.0,64.0,180.0,67.0,6.973914e-05,58.06902,16783.42,12750420.0,81.9507,28.1063
592.0,939.0,1.0,3.0,603.0,8.0,205.0,23.0,172.0,23.0,503.0,44.0,209.0,27.0,1.245329e-05,45.74048,40642.28,6729644.0,67.1282,17.883
812.0,930.0,1.0,4.0,413.0,58.0,824.0,63.0,606.0,18.0,552.0,84.0,126.0,50.0,3.319603e-05,52.78979,26117.46,12750420.0,81.3425,30.7087
306.0,391.0,4.0,1.0,812.0,91.0,778.0,99.0,614.0,34.0,849.0,12.0,347.0,4.0,0.001766635,50.68887,370846.0,116340400.0,72.2777,28.5266
691.0,619.0,1.0,1.0,796.0,87.0,981.0,15.0,715.0,27.0,170.0,37.0,520.0,17.0,0.000230622,52.16464,238315.2,74763430.0,81.8765,53.7947
583.0,832.0,1.0,2.0,979.0,28.0,479.0,50.0,491.0,59.0,397.0,81.0,999.0,81.0,0.0001173469,62.05108,40642.28,48044980.0,74.6601,31.6362
553.0,716.0,6.0,1.0,632.0,80.0,889.0,22.0,362.0,92.0,307.0,90.0,805.0,14.0,0.0001124998,61.64953,16783.42,12750420.0,82.6362,34.7999
707.0,634.0,2.0,1.0,796.0,91.0,743.0,21.0,787.0,42.0,167.0,36.0,915.0,24.0,0.0002419569,64.69799,40642.28,61404200.0,88.9846,52.6081
241.0,854.0,1.0,7.0,292.0,53.0,928.0,33.0,118.0,42.0,423.0,99.0,638.0,6.0,2.225514e-05,21.90973,898000.8,10472090.0,28.1155,8.0712
621.0,824.0,1.0,3.0,900.0,60.0,895.0,9.0,601.0,34.0,386.0,94.0,179.0,5.0,2.533497e-05,57.36347,16783.42,10472090.0,69.6909,27.6181
726.0,764.0,2.0,1.0,878.0,95.0,823.0,26.0,708.0,51.0,506.0,85.0,926.0,47.0,0.0001173511,46.73344,153147.4,25358040.0,75.7796,46.0136
330.0,673.0,7.0,2.0,737.0,78.0,987.0,71.0,187.0,53.0,126.0,24.0,833.0,27.0,0.000383654,41.01046,238315.2,438383300.0,77.1766,21.2192
907.0,743.0,1.0,1.0,794.0,88.0,911.0,10.0,757.0,27.0,141.0,34.0,994.0,14.0,3.971328e-05,60.133,16783.42,16295760.0,62.0033,17.9403
392.0,876.0,1.0,3.0,447.0,3.0,801.0,67.0,436.0,74.0,369.0,48.0,843.0,37.0,3.901087e-05,54.769,40642.28,16295760.0,63.6572,20.8434
707.0,854.0,6.0,4.0,984.0,12.0,920.0,85.0,587.0,25.0,184.0,49.0,354.0,55.0,0.0001044119,59.21269,6930.448,5265529.0,119.922,27.2039
324.0,803.0,1.0,5.0,578.0,83.0,986.0,68.0,171.0,57.0,178.0,32.0,851.0,20.0,9.647129e-05,58.91936,98416.24,116340400.0,72.3738,17.548
704.0,651.0,1.0,1.0,796.0,83.0,937.0,10.0,631.0,28.0,141.0,34.0,604.0,19.0,0.0001325479,42.67065,370846.0,39459980.0,80.4359,58.1391
348.0,737.0,7.0,1.0,642.0,68.0,327.0,68.0,362.0,56.0,793.0,96.0,793.0,23.0,0.0004876116,16.33865,1397391.0,8193759.0,84.0249,28.9304
486.0,694.0,6.0,5.0,777.0,8.0,159.0,14.0,838.0,82.0,145.0,98.0,412.0,92.0,0.0005346483,30.80992,238315.2,74763430.0,109.021,49.6139
522.0,836.0,1.0,2.0,493.0,41.0,468.0,45.0,625.0,58.0,399.0,83.0,962.0,80.0,0.0001106948,64.23261,40642.28,61404200.0,68.4074,31.2205
371.0,970.0,1.0,1.0,396.0,16.0,388.0,73.0,575.0,41.0,726.0,50.0,103.0,40.0,1.347857e-05,46.95834,40642.28,8193759.0,63.7428,15.5388
210.0,815.0,1.0,2.0,865.0,30.0,454.0,59.0,545.0,67.0,339.0,18.0,973.0,86.0,0.0001347049,24.08723,2174500.0,30874990.0,77.8285,44.4121
739.0,694.0,4.0,1.0,330.0,32.0,892.0,92.0,927.0,36.0,522.0,50.0,829.0,45.0,0.0003524238,63.89123,26117.46,48044980.0,106.076,21.8081
709.0,638.0,3.0,1.0,410.0,72.0,578.0,9.0,243.0,2.0,751.0,30.0,933.0,30.0,0.0002316379,62.06992,26117.46,30874990.0,92.1108,34.4551
279.0,895.0,5.0,5.0,899.0,79.0,885.0,73.0,287.0,88.0,324.0,89.0,406.0,18.0,2.816986e-05,59.88272,6930.448,5265529.0,83.7495,34.1802
706.0,634.0,2.0,1.0,924.0,92.0,714.0,21.0,716.0,33.0,171.0,35.0,883.0,21.0,0.0002335189,59.70965,63244.55,61404200.0,87.8103,52.5033
633.0,828.0,2.0,2.0,900.0,86.0,823.0,28.0,712.0,50.0,525.0,82.0,971.0,49.0,5.815922e-05,59.14111,26117.46,16295760.0,77.0956,44.9573
264.0,856.0,1.0,1.0,328.0,18.0,935.0,15.0,924.0,75.0,176.0,92.0,611.0,20.0,2.2849e-05,58.13785,16783.42,10472090.0,58.3108,18.1499
930.0,224.0,5.0,4.0,689.0,66.0,932.0,84.0,871.0,11.0,208.0,92.0,773.0,92.0,0.0004157614,31.76025,98416.24,2779135.0,120.761,30.663
698.0,862.0,1.0,1.0,901.0,91.0,821.0,27.0,724.0,18.0,544.0,84.0,969.0,76.0,4.742766e-05,66.93343,10785.12,19841090.0,60.7151,16.9297
946.0,447.0,6.0,3.0,918.0,31.0,261.0,65.0,967.0,8.0,544.0,29.0,430.0,76.0,3.33029e-05,8.529054,40642.28,63245.55,94.9583,42.9409
208.0,886.0,1.0,1.0,931.0,64.0,674.0,15.0,592.0,44.0,188.0,87.0,167.0,15.0,2.371305e-05,53.87558,26117.46,8193759.0,69.5229,20.1918
206.0,881.0,1.0,1.0,889.0,62.0,662.0,15.0,532.0,44.0,165.0,86.0,128.0,20.0,3.315499e-05,49.68793,40642.28,10472090.0,76.9204,35.6601
279.0,798.0,1.0,1.0,593.0,19.0,930.0,20.0,868.0,76.0,113.0,93.0,645.0,36.0,8.604442e-05,58.43866,40642.28,25358040.0,70.1396,52.1145
655.0,764.0,1.0,3.0,916.0,66.0,788.0,10.0,612.0,38.0,424.0,95.0,195.0,5.0,5.833008e-05,60.81458,26117.46,25358040.0,75.1023,36.9704
322.0,861.0,1.0,1.0,384.0,15.0,909.0,15.0,884.0,66.0,169.0,90.0,662.0,23.0,2.213309e-05,58.93623,16783.42,10472090.0,60.5792,18.0089
543.0,864.0,4.0,3.0,599.0,16.0,113.0,31.0,149.0,15.0,530.0,22.0,207.0,26.0,8.034264e-05,34.28493,238315.2,8193759.0,107.85,36.1787
705.0,749.0,1.0,1.0,887.0,92.0,858.0,20.0,717.0,28.0,131.0,33.0,991.0,21.0,8.693228e-05,41.51751,370846.0,39459980.0,49.4323,14.8798
237.0,875.0,4.0,5.0,588.0,82.0,876.0,72.0,414.0,92.0,818.0,89.0,806.0,22.0,3.672356e-05,64.19459,6930.448,10472090.0,67.5854,23.5547
275.0,858.0,5.0,5.0,868.0,83.0,885.0,72.0,287.0,94.0,324.0,89.0,370.0,22.0,5.893735e-05,57.20091,16783.42,19841090.0,125.468,22.8932
756.0,913.0,1.0,4.0,362.0,12.0,480.0,74.0,637.0,14.0,534.0,84.0,126.0,58.0,7.935858e-05,58.54691,26117.46,25358040.0,93.3377,25.1147
709.0,634.0,2.0,1.0,790.0,53.0,743.0,21.0,710.0,43.0,103.0,38.0,903.0,27.0,0.0002470873,61.03794,40642.28,48044980.0,94.0343,54.7364
379.0,794.0,1.0,1.0,441.0,26.0,987.0,18.0,872.0,66.0,206.0,93.0,602.0,26.0,7.079414e-05,59.7561,40642.28,25358040.0,66.4476,38.1598
452.0,934.0,1.0,3.0,544.0,12.0,159.0,20.0,156.0,20.0,540.0,65.0,202.0,23.0,1.639973e-05,53.67822,26117.46,10472090.0,61.4239,16.3667
776.0,856.0,1.0,6.0,974.0,7.0,982.0,56.0,305.0,51.0,226.0,32.0,693.0,17.0,2.289225e-05,44.43293,98416.24,10472090.0,75.3781,34.0232
332.0,820.0,1.0,1.0,425.0,23.0,977.0,46.0,872.0,75.0,151.0,83.0,612.0,28.0,7.818505e-05,37.10128,577079.0,30874990.0,53.0194,18.996
772.0,913.0,1.0,3.0,328.0,15.0,749.0,74.0,595.0,15.0,531.0,88.0,128.0,52.0,5.903499e-05,56.46478,26117.46,16295760.0,84.7908,28.7937
345.0,877.0,4.0,5.0,262.0,82.0,846.0,71.0,287.0,88.0,323.0,90.0,393.0,23.0,4.313057e-05,57.37636,16783.42,12750420.0,111.333,25.1509
208.0,886.0,1.0,1.0,943.0,60.0,803.0,17.0,581.0,44.0,309.0,76.0,206.0,15.0,1.954142e-05,52.12515,26117.46,8193759.0,66.4281,17.8403
708.0,826.0,1.0,4.0,881.0,99.0,823.0,41.0,536.0,52.0,472.0,70.0,556.0,48.0,7.280294e-05,37.53671,577079.0,30874990.0,79.6813,25.3776
621.0,813.0,1.0,3.0,903.0,63.0,654.0,14.0,602.0,43.0,311.0,97.0,143.0,2.0,3.124932e-05,27.60571,370846.0,8193759.0,37.7776,9.9681
709.0,632.0,2.0,1.0,788.0,93.0,743.0,21.0,723.0,42.0,164.0,37.0,903.0,26.0,0.0002538177,64.18515,40642.28,61404200.0,92.314,52.0872
706.0,716.0,1.0,1.0,795.0,88.0,932.0,14.0,771.0,25.0,100.0,37.0,524.0,17.0,0.000129207,60.47353,63244.55,48044980.0,71.4822,58.0693
689.0,785.0,2.0,1.0,188.0,3.0,623.0,9.0,209.0,41.0,323.0,87.0,946.0,19.0,3.999519e-05,44.15382,63244.55,8193759.0,78.3583,20.6578
657.0,906.0,1.0,1.0,895.0,91.0,822.0,25.0,708.0,18.0,519.0,83.0,980.0,79.0,2.027209e-05,62.71188,6930.448,8193759.0,61.9012,15.0908
696.0,902.0,1.0,1.0,900.0,91.0,822.0,27.0,714.0,14.0,550.0,83.0,969.0,81.0,2.372269e-05,58.15702,16783.42,8193759.0,61.4875,15.0502
472.0,771.0,1.0,1.0,508.0,25.0,934.0,25.0,872.0,78.0,206.0,88.0,576.0,24.0,0.0001059609,61.93931,40642.28,39459980.0,64.7997,47.0391
439.0,885.0,1.0,1.0,781.0,84.0,858.0,64.0,588.0,66.0,365.0,47.0,273.0,38.0,3.627415e-05,34.51129,370846.0,16295760.0,53.1285,15.1391
317.0,391.0,4.0,1.0,812.0,14.0,778.0,98.0,969.0,41.0,866.0,12.0,347.0,2.0,0.0006650733,49.44957,98416.24,30874990.0,66.2046,14.9355
543.0,712.0,5.0,1.0,632.0,75.0,897.0,22.0,362.0,88.0,331.0,90.0,805.0,3.0,7.915536e-05,20.54781,577079.0,5265529.0,0.0,0.0
379.0,800.0,1.0,1.0,438.0,28.0,982.0,17.0,878.0,74.0,185.0,91.0,604.0,19.0,5.319418e-05,61.03455,26117.46,25358040.0,59.8635,23.5378
732.0,901.0,1.0,1.0,906.0,91.0,752.0,26.0,735.0,18.0,590.0,82.0,925.0,74.0,2.294258e-05,64.49982,6930.448,10472090.0,58.5445,14.1998
493.0,887.0,1.0,1.0,622.0,15.0,141.0,24.0,450.0,22.0,536.0,67.0,172.0,63.0,7.697103e-05,49.18393,98416.24,25358040.0,77.6643,32.6839
633.0,736.0,1.0,3.0,926.0,63.0,574.0,15.0,638.0,38.0,358.0,88.0,198.0,10.0,0.000157301,61.99313,63244.55,116340400.0,90.8381,25.6562
354.0,319.0,9.0,5.0,680.0,7.0,203.0,25.0,736.0,53.0,613.0,11.0,557.0,98.0,0.0003927003,-4.3058,-10.0,-10.0,0.0,0.0
888.0,784.0,1.0,1.0,794.0,88.0,909.0,14.0,630.0,41.0,141.0,37.0,964.0,21.0,3.77829e-05,49.2357,63244.55,16295760.0,58.8421,16.3279
501.0,851.0,2.0,1.0,478.0,90.0,803.0,66.0,598.0,66.0,390.0,49.0,268.0,33.0,6.869729e-05,35.75751,370846.0,19841090.0,69.7185,26.0976
621.0,799.0,2.0,2.0,882.0,76.0,823.0,28.0,669.0,18.0,590.0,83.0,955.0,82.0,0.0001306256,65.98884,16783.42,25358040.0,97.7868,29.2302
792.0,753.0,2.0,1.0,444.0,75.0,614.0,26.0,220.0,43.0,743.0,84.0,948.0,18.0,9.321528e-05,55.99914,63244.55,39459980.0,47.4226,10.7414
493.0,900.0,1.0,1.0,494.0,15.0,122.0,31.0,459.0,19.0,529.0,66.0,240.0,59.0,7.367337e-05,60.79034,40642.28,30874990.0,65.4694,18.8937
801.0,610.0,1.0,1.0,546.0,23.0,652.0,93.0,688.0,65.0,195.0,37.0,794.0,41.0,0.0001457265,29.38082,1397391.0,30874990.0,78.5708,34.0839
365.0,810.0,1.0,1.0,370.0,15.0,943.0,19.0,881.0,70.0,148.0,93.0,628.0,23.0,5.48853e-05,59.54973,26117.46,19841090.0,62.5199,24.64
538.0,911.0,1.0,3.0,623.0,9.0,134.0,21.0,137.0,16.0,521.0,66.0,211.0,23.0,2.910252e-05,56.25505,26117.46,12750420.0,67.5927,23.6928
297.0,860.0,1.0,1.0,422.0,15.0,958.0,15.0,935.0,59.0,160.0,88.0,665.0,22.0,2.178519e-05,59.70256,10785.12,8193759.0,60.9007,17.8964
500.0,800.0,1.0,2.0,409.0,38.0,457.0,44.0,532.0,59.0,349.0,91.0,995.0,87.0,0.000192702,62.65537,98416.24,148689600.0,80.1165,22.6944
791.0,700.0,1.0,1.0,381.0,10.0,506.0,68.0,871.0,11.0,569.0,46.0,810.0,40.0,0.0002075759,64.45235,40642.28,48044980.0,77.121,27.1031
523.0,842.0,1.0,1.0,866.0,31.0,488.0,44.0,590.0,63.0,371.0,90.0,990.0,86.0,9.834131e-05,62.86461,40642.28,39459980.0,59.0991,20.7356
365.0,856.0,1.0,1.0,397.0,15.0,936.0,19.0,921.0,78.0,175.0,89.0,607.0,23.0,2.705523e-05,59.28055,16783.42,12750420.0,58.0146,18.3394
422.0,839.0,3.0,9.0,275.0,62.0,347.0,94.0,727.0,43.0,181.0,65.0,890.0,69.0,0.000194365,14.34705,1397391.0,19841090.0,10.298,5.12788
464.0,885.0,3.0,3.0,522.0,91.0,824.0,59.0,597.0,64.0,182.0,47.0,939.0,38.0,3.10409e-05,53.16851,26117.46,8193759.0,61.5353,14.0192
294.0,807.0,1.0,6.0,989.0,88.0,998.0,64.0,179.0,52.0,616.0,38.0,796.0,17.0,7.823467e-05,36.61665,898000.8,48044980.0,57.7989,21.1193
272.0,210.0,7.0,8.0,982.0,40.0,102.0,6.0,638.0,79.0,578.0,71.0,538.0,77.0,0.001266588,17.37462,1397391.0,181038800.0,33.664,0.0
494.0,701.0,5.0,4.0,142.0,16.0,870.0,22.0,145.0,15.0,410.0,28.0,941.0,30.0,0.0001289693,28.25784,577079.0,30874990.0,71.6188,21.9563
761.0,639.0,1.0,1.0,796.0,89.0,721.0,16.0,778.0,44.0,167.0,30.0,915.0,24.0,0.0001547941,44.03973,577079.0,61404200.0,69.1659,56.758
473.0,887.0,4.0,3.0,599.0,15.0,115.0,33.0,462.0,15.0,530.0,66.0,204.0,69.0,0.0001198033,59.37563,10785.12,12750420.0,116.871,23.6528
654.0,737.0,1.0,3.0,943.0,64.0,788.0,7.0,610.0,29.0,425.0,87.0,217.0,1.0,3.126695e-05,24.15812,577079.0,6729644.0,36.3385,9.7742
555.0,902.0,2.0,4.0,273.0,80.0,842.0,70.0,371.0,85.0,327.0,82.0,347.0,14.0,2.33439e-05,58.20273,16783.42,10472090.0,43.1781,8.68991
631.0,736.0,1.0,3.0,925.0,66.0,568.0,7.0,605.0,33.0,359.0,88.0,198.0,5.0,7.978068e-05,62.31221,26117.46,39459980.0,84.0583,36.0244
332.0,809.0,1.0,1.0,388.0,12.0,973.0,15.0,809.0,75.0,386.0,90.0,629.0,28.0,4.477405e-05,38.81499,238315.2,12750420.0,67.0856,30.5148
208.0,849.0,1.0,1.0,931.0,59.0,604.0,15.0,587.0,43.0,203.0,87.0,191.0,15.0,4.515448e-05,57.03422,26117.46,16295760.0,69.3862,23.9619
701.0,855.0,2.0,2.0,882.0,83.0,823.0,27.0,712.0,18.0,525.0,78.0,971.0,82.0,5.523411e-05,65.08825,6930.448,10472090.0,83.6057,45.8435
522.0,842.0,1.0,2.0,484.0,30.0,538.0,46.0,586.0,59.0,350.0,91.0,993.0,84.0,9.686058e-05,63.2483,40642.28,48044980.0,71.3985,33.2792
680.0,797.0,1.0,1.0,986.0,9.0,200.0,65.0,178.0,71.0,611.0,44.0,802.0,12.0,7.286551e-05,32.46811,577079.0,19841090.0,37.6295,7.89774
448.0,911.0,4.0,3.0,495.0,81.0,828.0,64.0,718.0,64.0,368.0,49.0,294.0,38.0,2.527924e-05,49.00855,16783.42,4324649.0,84.5573,51.0198
418.0,885.0,3.0,3.0,509.0,84.0,925.0,64.0,589.0,66.0,365.0,48.0,944.0,36.0,2.941522e-05,63.5371,6930.448,10472090.0,58.8943,12.3812
378.0,854.0,4.0,3.0,509.0,84.0,790.0,64.0,599.0,70.0,281.0,50.0,919.0,33.0,5.669721e-05,48.98043,63244.55,12750420.0,80.6885,39.2116
651.0,851.0,2.0,1.0,891.0,83.0,822.0,28.0,535.0,16.0,463.0,74.0,971.0,80.0,5.911479e-05,65.08792,6930.448,12750420.0,77.384,23.7842
216.0,836.0,1.0,1.0,889.0,66.0,656.0,15.0,558.0,86.0,179.0,82.0,194.0,18.0,4.60407e-05,41.79831,153147.4,16295760.0,69.8612,44.2847
503.0,899.0,1.0,3.0,491.0,3.0,788.0,60.0,430.0,70.0,256.0,48.0,264.0,38.0,2.899434e-05,32.83238,238315.2,8193759.0,81.2955,42.6466
379.0,807.0,1.0,1.0,451.0,20.0,894.0,18.0,921.0,70.0,185.0,92.0,607.0,20.0,5.345489e-05,60.80888,26117.46,19841090.0,59.6606,22.6127
326.0,809.0,1.0,1.0,785.0,15.0,973.0,15.0,860.0,75.0,412.0,93.0,649.0,47.0,5.057315e-05,33.30329,238315.2,10472090.0,72.4685,52.2988
528.0,726.0,5.0,6.0,587.0,83.0,315.0,26.0,461.0,87.0,326.0,83.0,835.0,15.0,0.000227198,24.80719,898000.8,148689600.0,17.9082,7.30493
708.0,750.0,1.0,1.0,197.0,15.0,636.0,2.0,233.0,33.0,379.0,89.0,859.0,24.0,2.391514e-05,25.51507,238315.2,4324649.0,83.5291,35.74
348.0,678.0,8.0,1.0,746.0,6.0,994.0,71.0,188.0,58.0,636.0,24.0,958.0,27.0,0.0002180812,12.46728,898000.8,2779135.0,91.786,43.1442
515.0,896.0,2.0,5.0,273.0,87.0,873.0,74.0,287.0,88.0,310.0,90.0,393.0,17.0,2.744579e-05,59.3839,16783.42,12750420.0,61.2026,21.1985
226.0,376.0,1.0,1.0,981.0,93.0,961.0,71.0,190.0,57.0,150.0,24.0,832.0,14.0,0.001433212,51.14362,1397391.0,871857100.0,74.2457,20.8579
515.0,899.0,1.0,2.0,498.0,3.0,787.0,60.0,434.0,65.0,261.0,48.0,306.0,38.0,2.952462e-05,37.56709,153147.4,10472090.0,75.6418,27.601
704.0,651.0,1.0,1.0,829.0,89.0,931.0,13.0,787.0,29.0,169.0,34.0,609.0,14.0,0.0001578027,64.42004,40642.28,61404200.0,70.3309,56.2937
341.0,806.0,1.0,6.0,536.0,81.0,996.0,64.0,173.0,57.0,193.0,33.0,798.0,18.0,8.67591e-05,59.07589,98416.24,116340400.0,69.0962,25.5802
541.0,472.0,1.0,2.0,584.0,22.0,175.0,82.0,786.0,7.0,634.0,61.0,164.0,77.0,0.003694868,26.13069,5265528.0,181038800.0,28.2243,8.63481
714.0,388.0,6.0,1.0,847.0,24.0,314.0,22.0,153.0,42.0,202.0,37.0,545.0,32.0,0.0001942228,15.79202,898000.8,4324649.0,114.93,25.8439
345.0,858.0,6.0,6.0,953.0,83.0,846.0,73.0,287.0,51.0,323.0,74.0,338.0,15.0,5.80891e-05,39.96996,98416.24,16295760.0,119.762,23.2681
465.0,857.0,3.0,3.0,534.0,80.0,790.0,64.0,617.0,68.0,374.0,48.0,907.0,38.0,5.525665e-05,64.52504,10785.12,16295760.0,77.9366,38.6318
650.0,859.0,2.0,1.0,789.0,83.0,854.0,28.0,575.0,49.0,465.0,69.0,971.0,47.0,3.317398e-05,54.75126,26117.46,10472090.0,64.3828,14.128
572.0,853.0,1.0,2.0,497.0,29.0,494.0,50.0,576.0,59.0,400.0,82.0,997.0,86.0,8.625032e-05,63.53363,40642.28,48044980.0,65.7893,31.8854
832.0,776.0,1.0,1.0,945.0,88.0,933.0,14.0,725.0,44.0,141.0,36.0,964.0,21.0,4.704068e-05,57.82795,40642.28,25358040.0,55.3482,16.4206
779.0,912.0,3.0,3.0,371.0,33.0,456.0,75.0,913.0,14.0,552.0,50.0,127.0,42.0,6.901563e-05,59.79559,10785.12,10472090.0,95.2885,35.7155
923.0,746.0,1.0,1.0,801.0,88.0,856.0,21.0,752.0,43.0,131.0,34.0,990.0,21.0,4.304299e-05,41.7793,153147.4,16295760.0,60.5314,22.568
332.0,764.0,4.0,1.0,813.0,13.0,647.0,95.0,638.0,40.0,876.0,12.0,347.0,2.0,0.0002394597,15.19192,898000.8,19841090.0,-53.5645,-5.74032
739.0,691.0,4.0,1.0,337.0,32.0,892.0,92.0,927.0,31.0,556.0,57.0,829.0,47.0,0.0003691373,45.25543,238315.2,39459980.0,108.103,19.8019
572.0,960.0,1.0,2.0,484.0,41.0,496.0,50.0,576.0,59.0,378.0,82.0,998.0,84.0,9.408777e-06,60.51742,10785.12,6729644.0,38.2242,7.62037
651.0,858.0,2.0,1.0,899.0,83.0,882.0,28.0,535.0,16.0,523.0,75.0,971.0,82.0,5.129983e-05,62.23754,10785.12,10472090.0,77.0926,22.216
493.0,887.0,4.0,3.0,628.0,15.0,113.0,33.0,462.0,14.0,530.0,66.0,177.0,69.0,0.0001266397,58.79048,10785.12,10472090.0,117.742,20.5387
696.0,758.0,1.0,1.0,340.0,13.0,499.0,11.0,220.0,41.0,323.0,87.0,960.0,17.0,6.580514e-05,59.41737,40642.28,30874990.0,60.1164,15.8546
671.0,672.0,8.0,1.0,430.0,71.0,202.0,7.0,200.0,1.0,763.0,29.0,966.0,92.0,0.0004945486,43.68565,98416.24,12750420.0,115.04,25.4373
888.0,771.0,1.0,1.0,794.0,88.0,886.0,9.0,577.0,43.0,140.0,36.0,893.0,20.0,3.057326e-05,37.92246,153147.4,10472090.0,66.1583,21.3439
345.0,820.0,1.0,1.0,442.0,13.0,935.0,17.0,923.0,58.0,169.0,93.0,606.0,22.0,4.594822e-05,59.00153,26117.46,16295760.0,64.3152,23.5328
240.0,939.0,5.0,2.0,588.0,77.0,880.0,73.0,421.0,99.0,815.0,88.0,807.0,22.0,9.800345e-06,61.37544,2861.474,4324649.0,0.0,0.0
497.0,919.0,1.0,2.0,599.0,15.0,115.0,33.0,450.0,19.0,530.0,66.0,200.0,69.0,5.86745e-05,58.84282,40642.28,25358040.0,75.8535,33.0653
680.0,829.0,1.0,6.0,996.0,86.0,967.0,50.0,321.0,56.0,239.0,36.0,798.0,17.0,5.056771e-05,61.39484,40642.28,48044980.0,65.4266,29.0345
454.0,891.0,4.0,2.0,754.0,6.0,803.0,64.0,584.0,69.0,278.0,49.0,290.0,36.0,3.742184e-05,45.76494,26117.46,3383770.0,87.3132,55.5274
654.0,736.0,1.0,2.0,945.0,64.0,788.0,10.0,610.0,35.0,399.0,87.0,234.0,4.0,6.754726e-05,60.4025,40642.28,30874990.0,63.9726,32.5902
753.0,690.0,4.0,1.0,273.0,32.0,906.0,63.0,567.0,41.0,722.0,50.0,828.0,49.0,0.0002082641,30.68047,577079.0,16295760.0,105.432,20.8717
417.0,711.0,1.0,1.0,140.0,14.0,914.0,28.0,115.0,50.0,417.0,28.0,958.0,24.0,0.0001034431,18.33264,5265528.0,30874990.0,63.3388,29.2898
722.0,932.0,1.0,3.0,288.0,67.0,560.0,75.0,592.0,8.0,673.0,48.0,127.0,42.0,4.225862e-05,59.27529,26117.46,19841090.0,70.1584,26.8243
791.0,700.0,1.0,1.0,381.0,10.0,506.0,65.0,876.0,10.0,560.0,44.0,799.0,40.0,0.0002114103,64.48885,40642.28,48044980.0,77.8061,27.7549
515.0,847.0,4.0,3.0,495.0,89.0,785.0,62.0,721.0,65.0,483.0,49.0,925.0,38.0,6.348273e-05,65.87821,10785.12,16295760.0,87.7253,37.7332
726.0,747.0,2.0,1.0,201.0,12.0,595.0,9.0,221.0,43.0,311.0,74.0,730.0,24.0,5.646493e-05,29.82816,370846.0,10472090.0,85.8861,42.9315
523.0,893.0,4.0,4.0,514.0,15.0,131.0,26.0,411.0,19.0,545.0,66.0,174.0,30.0,6.221737e-05,59.07843,10785.12,8193759.0,109.604,28.6753
537.0,896.0,2.0,5.0,654.0,87.0,873.0,74.0,287.0,90.0,310.0,88.0,393.0,16.0,2.672831e-05,60.31289,16783.42,12750420.0,57.0514,17.3624
372.0,810.0,1.0,1.0,345.0,15.0,936.0,19.0,882.0,70.0,171.0,89.0,598.0,23.0,5.588562e-05,60.16877,26117.46,19841090.0,63.0942,25.896
678.0,806.0,1.0,6.0,536.0,12.0,201.0,65.0,179.0,74.0,641.0,39.0,798.0,14.0,0.0001336072,57.60029,98416.24,61404200.0,64.671,24.0791
507.0,869.0,3.0,3.0,495.0,82.0,804.0,64.0,708.0,62.0,366.0,52.0,319.0,38.0,5.615062e-05,45.40528,63244.55,12750420.0,100.825,44.4392
858.0,770.0,1.0,1.0,814.0,89.0,761.0,12.0,627.0,44.0,166.0,36.0,964.0,20.0,4.274073e-05,45.68591,153147.4,19841090.0,56.7707,16.4125
884.0,737.0,1.0,1.0,789.0,91.0,923.0,21.0,719.0,26.0,116.0,35.0,976.0,25.0,7.869149e-05,62.58864,26117.46,30874990.0,65.0729,29.424
701.0,830.0,2.0,2.0,900.0,87.0,913.0,28.0,690.0,18.0,539.0,83.0,971.0,82.0,8.087085e-05,65.12805,10785.12,16295760.0,88.8189,40.2493
476.0,756.0,1.0,1.0,483.0,28.0,915.0,26.0,887.0,76.0,183.0,84.0,601.0,26.0,0.0001322398,61.99886,63244.55,48044980.0,67.0831,48.6175
714.0,637.0,1.0,1.0,179.0,13.0,214.0,4.0,179.0,1.0,382.0,27.0,871.0,59.0,0.0004176317,39.10005,577079.0,48044980.0,96.4586,34.3946
725.0,894.0,1.0,1.0,903.0,91.0,821.0,28.0,735.0,18.0,519.0,81.0,928.0,75.0,2.68674e-05,66.09739,6930.448,10472090.0,59.9055,14.9697
651.0,858.0,2.0,1.0,891.0,83.0,870.0,28.0,535.0,16.0,463.0,75.0,971.0,82.0,5.225645e-05,63.81162,6930.448,10472090.0,77.5277,22.7421
737.0,839.0,1.0,1.0,272.0,17.0,529.0,63.0,585.0,42.0,724.0,81.0,505.0,50.0,0.0001137223,61.60452,63244.55,48044980.0,49.1217,13.4431
488.0,887.0,1.0,3.0,587.0,13.0,101.0,32.0,457.0,21.0,541.0,66.0,245.0,68.0,0.0001041439,59.52266,40642.28,39459980.0,92.741,25.9248
706.0,722.0,1.0,1.0,797.0,89.0,929.0,21.0,716.0,41.0,169.0,34.0,942.0,24.0,0.0001183364,64.71446,40642.28,61404200.0,58.1913,51.6838
756.0,976.0,1.0,1.0,170.0,64.0,521.0,65.0,884.0,42.0,142.0,84.0,519.0,47.0,7.253808e-06,21.36765,238315.2,1785947.0,23.6243,3.89778
370.0,969.0,1.0,2.0,249.0,55.0,401.0,73.0,608.0,19.0,689.0,44.0,103.0,39.0,1.652922e-05,50.58909,40642.28,10472090.0,65.3485,17.0135
326.0,854.0,1.0,5.0,238.0,67.0,159.0,33.0,118.0,43.0,505.0,99.0,772.0,13.0,8.177845e-05,10.34244,3383769.0,10472090.0,20.6042,7.53449
427.0,858.0,1.0,2.0,870.0,30.0,521.0,46.0,531.0,59.0,458.0,17.0,969.0,85.0,4.416807e-05,19.98359,898000.8,8193759.0,61.8325,49.3487
354.0,840.0,1.0,1.0,357.0,63.0,405.0,72.0,569.0,37.0,546.0,85.0,115.0,42.0,0.0002291297,53.47267,238315.2,116340400.0,73.8764,25.631
492.0,921.0,1.0,2.0,964.0,30.0,585.0,34.0,492.0,57.0,338.0,74.0,997.0,97.0,1.892574e-05,52.77208,26117.46,10472090.0,63.2647,16.9636
548.0,913.0,1.0,3.0,624.0,17.0,164.0,20.0,426.0,18.0,466.0,61.0,313.0,62.0,3.629516e-05,56.9292,26117.46,16295760.0,80.2931,37.8086
493.0,890.0,4.0,2.0,497.0,10.0,100.0,32.0,448.0,20.0,563.0,65.0,267.0,68.0,9.56561e-05,59.81403,10785.12,8193759.0,97.9182,34.6776
485.0,913.0,1.0,3.0,599.0,14.0,105.0,20.0,156.0,13.0,528.0,54.0,187.0,23.0,3.34877e-05,57.00721,26117.46,16295760.0,65.6147,24.5347
464.0,885.0,3.0,3.0,508.0,82.0,858.0,63.0,593.0,66.0,365.0,48.0,944.0,36.0,3.03928e-05,63.9338,6930.448,10472090.0,57.6803,11.9633
200.0,794.0,1.0,1.0,379.0,64.0,509.0,59.0,521.0,66.0,342.0,18.0,639.0,84.0,0.0001644981,19.97276,5265528.0,39459980.0,64.623,42.1569
442.0,864.0,1.0,1.0,480.0,14.0,940.0,24.0,875.0,77.0,172.0,88.0,603.0,26.0,2.774013e-05,60.21168,16783.42,12750420.0,57.4928,17.0876
216.0,881.0,1.0,1.0,915.0,66.0,632.0,26.0,614.0,44.0,206.0,87.0,194.0,19.0,3.673573e-05,59.22921,26117.46,16295760.0,62.5504,17.446
579.0,920.0,1.0,3.0,605.0,8.0,117.0,22.0,225.0,23.0,503.0,44.0,209.0,25.0,2.297578e-05,51.94625,40642.28,12750420.0,65.845,20.032
694.0,900.0,1.0,1.0,903.0,92.0,826.0,25.0,711.0,24.0,519.0,83.0,980.0,79.0,2.217243e-05,58.01668,16783.42,8193759.0,61.1243,15.2894
389.0,533.0,8.0,2.0,422.0,13.0,797.0,38.0,472.0,44.0,693.0,15.0,399.0,1.0,0.0003760536,22.92746,577079.0,8193759.0,55.2622,8.77357
535.0,735.0,5.0,1.0,613.0,83.0,861.0,25.0,414.0,62.0,831.0,82.0,814.0,22.0,9.962501e-05,36.64481,238315.2,10472090.0,80.5034,30.687
549.0,738.0,7.0,1.0,645.0,79.0,295.0,22.0,361.0,99.0,739.0,96.0,805.0,22.0,0.0001937963,48.22643,98416.24,19841090.0,82.8959,29.9894
486.0,713.0,6.0,5.0,740.0,35.0,156.0,65.0,489.0,80.0,105.0,98.0,426.0,66.0,0.001082933,22.8451,1397391.0,682174000.0,2.01108,772.839
368.0,810.0,1.0,1.0,399.0,15.0,937.0,19.0,879.0,70.0,171.0,89.0,580.0,23.0,5.673542e-05,60.20413,26117.46,19841090.0,64.0331,27.1254
709.0,634.0,2.0,1.0,790.0,92.0,741.0,21.0,746.0,34.0,103.0,37.0,903.0,27.0,0.0002653763,57.50154,98416.24,61404200.0,94.6163,52.5568
834.0,426.0,1.0,1.0,984.0,14.0,208.0,66.0,151.0,73.0,646.0,44.0,804.0,3.0,2.378897e-05,18.13822,898000.8,5265529.0,72.4943,20.104
209.0,847.0,1.0,2.0,865.0,29.0,417.0,59.0,531.0,62.0,528.0,14.0,973.0,85.0,8.071768e-05,18.84079,2174500.0,16295760.0,56.8252,37.9899
533.0,742.0,5.0,1.0,612.0,83.0,317.0,22.0,394.0,64.0,831.0,79.0,835.0,21.0,0.0001820076,65.15722,16783.42,25358040.0,68.8286,19.7699
740.0,700.0,7.0,1.0,983.0,11.0,966.0,70.0,165.0,57.0,576.0,40.0,797.0,1.0,4.47304e-05,26.25345,153147.4,4324649.0,-30.2446,-2.22169
770.0,916.0,1.0,3.0,263.0,68.0,527.0,72.0,655.0,13.0,557.0,50.0,117.0,49.0,5.652305e-05,56.01294,40642.28,25358040.0,79.9224,28.8404
333.0,785.0,1.0,1.0,402.0,15.0,977.0,25.0,918.0,81.0,162.0,86.0,691.0,29.0,8.975303e-05,60.40938,40642.28,30874990.0,64.9968,43.1447
530.0,717.0,5.0,1.0,658.0,85.0,279.0,22.0,358.0,98.0,754.0,74.0,805.0,17.0,0.0002333043,48.73445,153147.4,30874990.0,69.105,22.4394
854.0,862.0,1.0,1.0,793.0,99.0,870.0,21.0,636.0,14.0,483.0,82.0,716.0,84.0,5.484338e-05,56.85028,26117.46,12750420.0,73.235,23.7483
388.0,955.0,1.0,3.0,399.0,67.0,560.0,74.0,591.0,7.0,663.0,48.0,127.0,42.0,2.791809e-05,55.00665,26117.46,12750420.0,70.1253,22.5232
544.0,907.0,1.0,2.0,599.0,13.0,115.0,25.0,486.0,12.0,530.0,23.0,223.0,24.0,3.718883e-05,60.48183,26117.46,19841090.0,53.4324,13.1018
371.0,952.0,1.0,1.0,336.0,64.0,392.0,62.0,605.0,44.0,577.0,49.0,104.0,44.0,1.82467e-05,43.33375,98416.24,12750420.0,63.4216,13.6595
732.0,746.0,1.0,1.0,197.0,13.0,502.0,2.0,183.0,40.0,379.0,85.0,950.0,20.0,2.12626e-05,25.30027,370846.0,5265529.0,80.6351,28.3045
481.0,806.0,1.0,1.0,863.0,35.0,474.0,44.0,521.0,62.0,354.0,84.0,990.0,86.0,0.0001701354,62.08086,63244.55,74763430.0,67.5423,37.462
459.0,902.0,1.0,2.0,909.0,30.0,570.0,36.0,483.0,57.0,273.0,81.0,999.0,84.0,2.769161e-05,58.06043,26117.46,12750420.0,62.5911,18.0791
694.0,757.0,1.0,1.0,196.0,13.0,612.0,4.0,185.0,29.0,379.0,89.0,919.0,19.0,3.375763e-05,33.04466,370846.0,10472090.0,76.9502,24.1936
701.0,877.0,2.0,2.0,901.0,83.0,827.0,28.0,708.0,17.0,460.0,82.0,960.0,82.0,3.916601e-05,64.07001,6930.448,8193759.0,80.4066,35.9293
483.0,859.0,3.0,2.0,507.0,82.0,800.0,64.0,616.0,70.0,372.0,47.0,926.0,36.0,5.162189e-05,64.53452,10785.12,16295760.0,56.9803,12.2505
311.0,913.0,1.0,4.0,194.0,66.0,519.0,74.0,643.0,13.0,624.0,64.0,109.0,51.0,7.610447e-05,52.28934,98416.24,39459980.0,97.0958,21.3089
357.0,955.0,1.0,1.0,335.0,58.0,400.0,58.0,603.0,20.0,529.0,64.0,112.0,43.0,2.411789e-05,53.47317,26117.46,12750420.0,66.1461,16.695
610.0,885.0,2.0,2.0,635.0,12.0,109.0,15.0,148.0,20.0,528.0,25.0,173.0,27.0,2.588242e-05,19.75442,370846.0,3383770.0,84.1013,45.4145
656.0,785.0,1.0,3.0,937.0,65.0,651.0,14.0,582.0,38.0,197.0,96.0,180.0,5.0,6.297274e-05,34.62818,370846.0,19841090.0,73.4133,40.017
378.0,810.0,1.0,1.0,358.0,15.0,943.0,19.0,881.0,72.0,148.0,91.0,628.0,23.0,5.462645e-05,59.84132,26117.46,19841090.0,62.2507,24.6607
652.0,751.0,1.0,3.0,932.0,62.0,630.0,11.0,565.0,45.0,359.0,96.0,198.0,4.0,7.165508e-05,58.34708,63244.55,39459980.0,71.4894,32.3731
707.0,632.0,2.0,1.0,788.0,93.0,743.0,21.0,717.0,43.0,164.0,38.0,902.0,26.0,0.0002547332,64.14999,40642.28,61404200.0,92.4722,51.8335
493.0,887.0,3.0,3.0,603.0,13.0,101.0,32.0,418.0,23.0,542.0,61.0,317.0,68.0,9.192682e-05,59.89524,16783.42,12750420.0,108.295,28.7359
523.0,911.0,1.0,3.0,591.0,10.0,111.0,24.0,429.0,20.0,556.0,66.0,311.0,26.0,3.167394e-05,26.87317,370846.0,8193759.0,54.1369,15.3731
758.0,839.0,1.0,3.0,272.0,67.0,478.0,63.0,585.0,15.0,679.0,84.0,110.0,42.0,0.0002370613,56.03966,153147.4,231377800.0,48.3731,11.7612
738.0,288.0,1.0,1.0,988.0,6.0,949.0,56.0,161.0,74.0,611.0,50.0,783.0,1.0,3.298979e-05,26.25036,577079.0,10472090.0,68.5925,17.5644
290.0,439.0,4.0,2.0,725.0,3.0,626.0,94.0,817.0,43.0,901.0,25.0,260.0,60.0,0.0002466061,-4.05145,-10.0,-10.0,136.555,34.6604
709.0,632.0,1.0,1.0,775.0,91.0,743.0,18.0,785.0,43.0,164.0,38.0,553.0,26.0,0.0002490598,43.24328,577079.0,74763430.0,82.2442,52.2773
478.0,870.0,1.0,3.0,757.0,8.0,830.0,55.0,591.0,43.0,614.0,51.0,432.0,39.0,4.282685e-05,36.35398,238315.2,12750420.0,76.7294,35.3977
774.0,855.0,1.0,5.0,907.0,11.0,980.0,64.0,166.0,58.0,192.0,32.0,692.0,16.0,2.77744e-05,39.86785,153147.4,12750420.0,65.3832,31.6031
337.0,677.0,7.0,1.0,737.0,78.0,971.0,71.0,167.0,32.0,133.0,24.0,956.0,51.0,0.0004298191,37.95215,370846.0,39459980.0,142.154,27.2761
347.0,794.0,1.0,1.0,442.0,18.0,979.0,25.0,860.0,78.0,169.0,89.0,604.0,20.0,7.053633e-05,57.45049,63244.55,30874990.0,58.8628,23.6319
324.0,791.0,1.0,1.0,342.0,30.0,977.0,26.0,872.0,80.0,163.0,89.0,666.0,29.0,8.662721e-05,60.52609,40642.28,39459980.0,61.8065,37.8636
680.0,797.0,1.0,6.0,990.0,87.0,956.0,38.0,393.0,56.0,251.0,30.0,759.0,17.0,6.47788e-05,54.63223,98416.24,74763430.0,74.0806,26.3721
453.0,862.0,4.0,4.0,599.0,15.0,111.0,32.0,464.0,17.0,541.0,26.0,172.0,25.0,0.0001123012,57.1558,26117.46,25358040.0,134.291,26.8802
627.0,858.0,2.0,1.0,919.0,95.0,823.0,28.0,537.0,18.0,462.0,67.0,944.0,42.0,3.597994e-05,40.36552,98416.24,8193759.0,63.4283,13.3842
561.0,721.0,4.0,1.0,598.0,77.0,889.0,24.0,404.0,93.0,319.0,89.0,804.0,14.0,0.0001140621,62.94122,16783.42,19841090.0,75.7239,25.263
573.0,866.0,1.0,2.0,484.0,32.0,494.0,52.0,564.0,59.0,395.0,84.0,998.0,84.0,6.994258e-05,63.75414,40642.28,39459980.0,59.6965,27.7361
766.0,953.0,4.0,9.0,469.0,74.0,492.0,10.0,341.0,17.0,795.0,59.0,819.0,46.0,4.479106e-06,45.23591,2861.474,577080.0,84.0382,24.9042
619.0,752.0,1.0,3.0,937.0,70.0,596.0,7.0,528.0,41.0,359.0,86.0,198.0,5.0,6.092945e-05,57.87933,40642.28,30874990.0,80.205,38.8388
399.0,810.0,1.0,1.0,399.0,17.0,960.0,19.0,882.0,73.0,171.0,89.0,581.0,23.0,5.580044e-05,60.03865,26117.46,19841090.0,63.4424,27.3917
330.0,866.0,5.0,3.0,149.0,15.0,773.0,93.0,650.0,38.0,333.0,15.0,376.0,84.0,6.523248e-05,16.82853,577079.0,3383770.0,128.091,31.84
714.0,753.0,1.0,3.0,974.0,67.0,834.0,18.0,596.0,43.0,411.0,96.0,180.0,2.0,5.954244e-05,27.12354,898000.8,12750420.0,44.861,18.5451
367.0,810.0,1.0,1.0,399.0,15.0,994.0,18.0,881.0,70.0,171.0,89.0,598.0,24.0,5.455338e-05,59.25329,26117.46,19841090.0,65.3671,28.7539
455.0,984.0,1.0,3.0,590.0,11.0,117.0,25.0,414.0,16.0,417.0,65.0,308.0,61.0,9.95169e-06,36.04789,63244.55,4324649.0,59.0463,13.2432
680.0,829.0,1.0,6.0,991.0,87.0,954.0,50.0,393.0,56.0,251.0,33.0,759.0,17.0,5.165397e-05,62.52159,40642.28,48044980.0,65.5334,29.8281
378.0,807.0,1.0,1.0,453.0,30.0,978.0,18.0,871.0,74.0,184.0,92.0,606.0,24.0,5.647392e-05,59.76857,26117.46,19841090.0,62.6647,27.6669
297.0,260.0,1.0,1.0,803.0,9.0,647.0,66.0,790.0,51.0,655.0,93.0,308.0,28.0,0.0009431484,21.18627,3383769.0,39459980.0,97.959,17.1489
467.0,887.0,4.0,2.0,598.0,15.0,112.0,33.0,104.0,17.0,531.0,53.0,189.0,29.0,7.305046e-05,52.55012,26117.46,10472090.0,90.1124,41.0069
756.0,913.0,1.0,1.0,213.0,68.0,521.0,64.0,601.0,25.0,150.0,87.0,100.0,48.0,8.144878e-05,54.38066,63244.55,25358040.0,73.0611,24.9204
262.0,534.0,1.0,2.0,851.0,7.0,151.0,63.0,208.0,31.0,664.0,45.0,502.0,41.0,0.0005315472,10.19077,8193758.0,19841090.0,121.748,19.1501
684.0,735.0,1.0,1.0,729.0,91.0,828.0,17.0,680.0,43.0,175.0,45.0,544.0,26.0,0.0001223962,44.53251,370846.0,48044980.0,72.5623,55.4476
691.0,780.0,1.0,1.0,196.0,14.0,612.0,4.0,184.0,29.0,379.0,89.0,951.0,19.0,2.771726e-05,34.64403,238315.2,10472090.0,75.3054,21.6874
439.0,823.0,2.0,1.0,743.0,68.0,657.0,55.0,606.0,39.0,552.0,58.0,987.0,37.0,9.419638e-05,32.62906,577079.0,19841090.0,41.9978,8.61118
347.0,807.0,1.0,1.0,440.0,31.0,890.0,24.0,880.0,70.0,178.0,89.0,604.0,23.0,6.586014e-05,57.24342,63244.55,30874990.0,57.2157,20.9652
473.0,870.0,1.0,2.0,554.0,90.0,815.0,63.0,618.0,66.0,358.0,51.0,936.0,37.0,4.225055e-05,64.12604,26117.46,30874990.0,27.6244,6.98774
562.0,853.0,3.0,3.0,497.0,81.0,816.0,63.0,716.0,68.0,389.0,47.0,925.0,38.0,5.653248e-05,65.31767,10785.12,16295760.0,78.5169,40.0512
528.0,739.0,5.0,1.0,613.0,83.0,317.0,25.0,414.0,66.0,828.0,83.0,807.0,23.0,0.0002139375,65.45219,16783.42,30874990.0,74.7948,26.8281
268.0,862.0,1.0,1.0,372.0,18.0,907.0,15.0,878.0,65.0,155.0,89.0,665.0,23.0,2.188367e-05,58.89362,16783.42,10472090.0,59.9333,17.4662
697.0,785.0,2.0,1.0,902.0,99.0,802.0,28.0,743.0,18.0,525.0,81.0,928.0,82.0,0.0001628964,67.2684,16783.42,30874990.0,84.0719,44.2571
537.0,925.0,2.0,3.0,590.0,13.0,142.0,27.0,155.0,20.0,542.0,64.0,318.0,68.0,3.015893e-05,47.26626,40642.28,8193759.0,86.3887,39.732
581.0,864.0,1.0,2.0,963.0,34.0,525.0,43.0,493.0,61.0,349.0,17.0,997.0,83.0,3.655818e-05,21.3201,898000.8,8193759.0,62.3909,51.8389
331.0,683.0,8.0,1.0,805.0,86.0,986.0,71.0,177.0,53.0,217.0,26.0,966.0,21.0,0.0003344694,55.98626,40642.28,25358040.0,102.201,35.8037
694.0,810.0,1.0,6.0,477.0,83.0,998.0,63.0,101.0,57.0,213.0,33.0,785.0,13.0,7.155624e-05,56.93032,98416.24,61404200.0,69.7425,24.815
726.0,628.0,2.0,1.0,209.0,13.0,610.0,12.0,354.0,43.0,278.0,82.0,922.0,27.0,0.0001624534,38.21329,370846.0,25358040.0,96.8788,30.7641
256.0,795.0,1.0,1.0,372.0,17.0,943.0,19.0,892.0,71.0,148.0,91.0,627.0,29.0,7.686567e-05,59.13119,40642.28,25358040.0,67.697,43.9322
501.0,885.0,2.0,3.0,478.0,91.0,803.0,65.0,592.0,64.0,390.0,47.0,967.0,41.0,3.317524e-05,64.09482,10785.12,16295760.0,51.0097,12.2651
490.0,821.0,1.0,2.0,376.0,33.0,526.0,47.0,533.0,59.0,549.0,18.0,967.0,81.0,7.924846e-05,19.86132,2174500.0,16295760.0,65.8773,39.0438
522.0,830.0,2.0,3.0,598.0,14.0,113.0,27.0,149.0,21.0,530.0,66.0,173.0,27.0,0.0001632831,50.96838,98416.24,48044980.0,125.227,25.4563
583.0,839.0,1.0,2.0,484.0,31.0,479.0,52.0,635.0,59.0,400.0,82.0,993.0,84.0,0.0001127374,63.75081,40642.28,61404200.0,68.2604,30.7293
754.0,891.0,1.0,1.0,272.0,15.0,522.0,74.0,604.0,42.0,714.0,84.0,517.0,50.0,5.165461e-05,63.26442,26117.46,30874990.0,36.6739,8.3668
324.0,876.0,4.0,5.0,608.0,82.0,831.0,72.0,296.0,87.0,318.0,89.0,338.0,9.0,3.65953e-05,31.68099,153147.4,5265529.0,66.7378,21.6947
621.0,810.0,1.0,3.0,903.0,63.0,800.0,10.0,606.0,43.0,232.0,97.0,149.0,7.0,4.511542e-05,56.17602,26117.46,16295760.0,79.9221,50.4617
680.0,829.0,1.0,6.0,969.0,11.0,967.0,50.0,321.0,54.0,263.0,34.0,798.0,17.0,4.600721e-05,57.70815,40642.28,25358040.0,81.0475,30.6492
836.0,792.0,1.0,1.0,555.0,85.0,334.0,82.0,868.0,84.0,400.0,17.0,387.0,34.0,0.0001260675,26.74419,2174500.0,39459980.0,33.2133,16.2416
492.0,912.0,2.0,2.0,594.0,18.0,111.0,26.0,465.0,14.0,526.0,64.0,180.0,61.0,6.50608e-05,59.84787,16783.42,12750420.0,88.3529,38.8886
473.0,910.0,1.0,1.0,732.0,2.0,813.0,60.0,589.0,72.0,332.0,44.0,310.0,36.0,2.192082e-05,35.06041,153147.4,5265529.0,72.0727,19.3097
258.0,735.0,1.0,1.0,888.0,66.0,617.0,15.0,531.0,42.0,179.0,87.0,194.0,19.0,0.0002146022,51.37114,238315.2,61404200.0,87.7904,44.9361
494.0,863.0,1.0,2.0,484.0,31.0,516.0,51.0,576.0,59.0,395.0,28.0,994.0,81.0,5.253221e-05,30.0992,898000.8,19841090.0,59.353,38.7135
717.0,839.0,1.0,2.0,273.0,17.0,527.0,63.0,626.0,42.0,718.0,81.0,504.0,58.0,0.0001226442,60.15615,63244.55,61404200.0,66.7516,22.4784
697.0,864.0,1.0,1.0,901.0,91.0,821.0,27.0,723.0,18.0,544.0,84.0,969.0,81.0,4.748756e-05,65.9685,10785.12,19841090.0,61.8934,17.5184
493.0,887.0,4.0,3.0,628.0,16.0,113.0,33.0,462.0,14.0,530.0,66.0,177.0,72.0,0.000128696,58.71576,16783.42,12750420.0,119.171,25.5534
680.0,856.0,1.0,6.0,990.0,87.0,979.0,55.0,369.0,54.0,192.0,26.0,793.0,15.0,3.37162e-05,61.45,40642.28,25358040.0,42.6088,25.2025
453.0,900.0,1.0,2.0,763.0,4.0,827.0,60.0,433.0,65.0,260.0,49.0,301.0,36.0,2.872771e-05,40.83977,98416.24,10472090.0,75.9332,26.5971
206.0,757.0,1.0,1.0,393.0,64.0,539.0,58.0,498.0,63.0,346.0,80.0,488.0,86.0,0.0003956381,35.33894,2174500.0,148689600.0,83.1537,22.9866
223.0,886.0,1.0,1.0,958.0,64.0,654.0,14.0,598.0,44.0,338.0,98.0,192.0,20.0,2.472859e-05,50.4175,40642.28,8193759.0,70.6444,22.7335
538.0,885.0,4.0,4.0,599.0,15.0,113.0,20.0,149.0,14.0,548.0,26.0,189.0,23.0,4.060975e-05,35.83477,98416.24,5265529.0,102.875,37.3939
703.0,781.0,2.0,1.0,891.0,86.0,853.0,27.0,544.0,16.0,464.0,82.0,897.0,82.0,0.0001667441,65.27102,16783.42,25358040.0,88.1391,39.3626
717.0,821.0,1.0,2.0,902.0,89.0,753.0,28.0,734.0,18.0,589.0,82.0,928.0,77.0,9.769714e-05,67.41093,16783.42,39459980.0,72.0951,31.1913
543.0,743.0,5.0,1.0,958.0,83.0,312.0,24.0,287.0,66.0,334.0,82.0,370.0,14.0,0.000218912,59.79954,26117.46,25358040.0,94.8189,33.6547
695.0,862.0,1.0,1.0,870.0,85.0,854.0,29.0,588.0,48.0,495.0,81.0,937.0,47.0,3.32537e-05,57.61314,26117.46,19841090.0,48.5555,11.7949
520.0,841.0,1.0,2.0,374.0,28.0,563.0,46.0,505.0,59.0,422.0,16.0,952.0,83.0,5.389175e-05,19.06982,1397391.0,12750420.0,66.4266,47.3257
496.0,921.0,1.0,3.0,579.0,20.0,135.0,20.0,226.0,12.0,543.0,50.0,192.0,27.0,2.690384e-05,58.09523,26117.46,16295760.0,67.0514,23.2624
358.0,873.0,5.0,3.0,981.0,73.0,593.0,96.0,514.0,24.0,311.0,82.0,376.0,75.0,0.0001214775,30.59446,238315.2,6729644.0,135.386,24.278
799.0,706.0,1.0,1.0,952.0,92.0,830.0,13.0,186.0,39.0,205.0,37.0,544.0,54.0,5.657318e-05,16.0684,1397391.0,8193759.0,89.6554,0.0
679.0,405.0,1.0,5.0,536.0,11.0,117.0,65.0,179.0,72.0,647.0,39.0,798.0,13.0,0.0001782224,15.98387,5265528.0,25358040.0,20.4977,7.49971
659.0,819.0,1.0,3.0,944.0,59.0,847.0,9.0,582.0,43.0,343.0,96.0,180.0,3.0,2.169e-05,62.08899,10785.12,12750420.0,57.3157,16.2189
727.0,431.0,2.0,1.0,174.0,11.0,627.0,12.0,225.0,43.0,754.0,82.0,690.0,48.0,0.000140188,12.96482,2174500.0,8193759.0,108.286,16.5281
799.0,634.0,1.0,1.0,756.0,76.0,741.0,25.0,747.0,43.0,161.0,37.0,903.0,26.0,0.0001842708,46.72783,370846.0,74763430.0,72.2718,56.8348
493.0,975.0,2.0,3.0,603.0,13.0,139.0,27.0,616.0,20.0,560.0,64.0,285.0,64.0,1.226961e-05,62.53256,2861.474,3383770.0,72.5081,16.5188
528.0,921.0,1.0,3.0,603.0,7.0,118.0,22.0,459.0,20.0,542.0,61.0,175.0,65.0,4.008222e-05,50.44888,40642.28,12750420.0,85.6463,38.0635
647.0,751.0,1.0,3.0,931.0,68.0,834.0,17.0,602.0,37.0,173.0,91.0,180.0,4.0,8.22074e-05,30.29735,898000.8,19841090.0,77.6067,37.7039
623.0,737.0,1.0,2.0,902.0,65.0,788.0,10.0,610.0,38.0,381.0,97.0,217.0,4.0,7.005125e-05,60.53034,40642.28,30874990.0,65.5451,34.8207
680.0,829.0,1.0,6.0,990.0,87.0,956.0,38.0,393.0,53.0,251.0,33.0,759.0,15.0,4.108515e-05,62.48062,40642.28,30874990.0,63.3373,32.9483
558.0,866.0,1.0,2.0,576.0,81.0,811.0,62.0,610.0,81.0,353.0,49.0,930.0,38.0,4.402146e-05,63.40817,40642.28,30874990.0,30.1904,8.01106
701.0,830.0,2.0,2.0,900.0,87.0,823.0,28.0,712.0,18.0,525.0,83.0,971.0,82.0,8.466921e-05,67.04222,10785.12,16295760.0,88.9639,39.8923
808.0,725.0,3.0,1.0,307.0,29.0,862.0,63.0,608.0,30.0,546.0,47.0,120.0,39.0,0.0001537822,20.4035,898000.8,6729644.0,106.136,21.6221
885.0,748.0,1.0,1.0,687.0,90.0,983.0,19.0,712.0,27.0,101.0,35.0,884.0,25.0,7.554453e-05,61.21705,26117.46,30874990.0,66.4846,28.4212
562.0,853.0,2.0,3.0,505.0,81.0,778.0,63.0,716.0,69.0,389.0,47.0,891.0,38.0,5.878845e-05,65.30263,16783.42,25358040.0,68.5786,37.699
767.0,733.0,4.0,3.0,371.0,30.0,456.0,75.0,605.0,30.0,534.0,51.0,159.0,43.0,0.0002939697,27.0372,577079.0,19841090.0,6.21468,4.28767
474.0,869.0,4.0,3.0,507.0,90.0,804.0,64.0,633.0,75.0,375.0,49.0,925.0,37.0,4.344793e-05,64.33656,6930.448,10472090.0,72.6337,26.5979
218.0,736.0,1.0,2.0,890.0,66.0,572.0,15.0,538.0,38.0,157.0,88.0,218.0,10.0,0.0001656002,46.5589,370846.0,74763430.0,93.9895,36.3506
465.0,795.0,2.0,2.0,815.0,89.0,801.0,92.0,612.0,37.0,853.0,62.0,960.0,37.0,0.000175659,28.9314,898000.8,25358040.0,61.3635,22.7268
371.0,969.0,1.0,1.0,365.0,64.0,405.0,74.0,604.0,44.0,577.0,49.0,104.0,50.0,1.4635e-05,45.96313,63244.55,10472090.0,63.4014,16.4348
698.0,856.0,1.0,2.0,905.0,85.0,823.0,27.0,709.0,18.0,526.0,83.0,971.0,85.0,5.596342e-05,65.26434,16783.42,19841090.0,70.637,33.6479
489.0,847.0,1.0,2.0,381.0,33.0,516.0,41.0,524.0,55.0,549.0,18.0,976.0,76.0,4.747409e-05,19.96304,1397391.0,12750420.0,58.1611,35.4874
773.0,749.0,2.0,1.0,237.0,17.0,660.0,7.0,221.0,1.0,764.0,87.0,690.0,47.0,0.0001602096,26.1548,238315.2,4324649.0,89.8433,39.4447
379.0,794.0,1.0,1.0,452.0,30.0,978.0,25.0,872.0,78.0,184.0,89.0,604.0,25.0,7.900794e-05,61.50809,40642.28,30874990.0,61.0656,32.0621
258.0,737.0,1.0,3.0,926.0,64.0,840.0,12.0,576.0,42.0,179.0,88.0,113.0,20.0,0.0001496865,33.95041,577079.0,25358040.0,114.778,36.1248
685.0,799.0,2.0,1.0,908.0,90.0,823.0,28.0,710.0,14.0,526.0,83.0,908.0,82.0,0.0001401919,49.83393,98416.24,19841090.0,83.4705,43.0747
345.0,862.0,1.0,1.0,442.0,13.0,935.0,20.0,923.0,58.0,192.0,93.0,585.0,23.0,2.611703e-05,57.49141,16783.42,10472090.0,59.9235,17.3634
359.0,961.0,1.0,3.0,358.0,68.0,506.0,73.0,919.0,38.0,564.0,45.0,102.0,47.0,1.683366e-05,48.45331,40642.28,10472090.0,70.9914,43.6115
472.0,887.0,2.0,3.0,507.0,82.0,790.0,64.0,618.0,70.0,373.0,59.0,912.0,32.0,3.060934e-05,47.46556,63244.55,12750420.0,40.7366,9.75574
550.0,884.0,1.0,3.0,569.0,2.0,809.0,59.0,578.0,65.0,332.0,49.0,310.0,29.0,3.55677e-05,43.94583,98416.24,10472090.0,79.3582,40.056
277.0,844.0,6.0,1.0,652.0,77.0,832.0,15.0,353.0,92.0,318.0,91.0,336.0,16.0,2.487361e-05,34.98775,40642.28,2174501.0,82.0847,22.1366
493.0,814.0,1.0,1.0,486.0,34.0,473.0,44.0,586.0,61.0,348.0,92.0,993.0,89.0,0.0001582643,63.05304,63244.55,74763430.0,63.7366,34.068
359.0,830.0,1.0,1.0,361.0,14.0,916.0,12.0,861.0,67.0,147.0,92.0,738.0,22.0,3.082241e-05,58.83148,16783.42,12750420.0,63.2118,20.9743
322.0,423.0,5.0,1.0,669.0,14.0,201.0,70.0,179.0,74.0,161.0,39.0,770.0,11.0,0.001000924,45.81271,238315.2,48044980.0,127.756,25.2391
697.0,866.0,1.0,1.0,903.0,94.0,822.0,27.0,708.0,18.0,519.0,82.0,919.0,81.0,4.715152e-05,64.74368,10785.12,16295760.0,63.0969,18.0393
483.0,882.0,1.0,2.0,890.0,31.0,472.0,46.0,493.0,59.0,395.0,84.0,992.0,90.0,5.09342e-05,60.66751,26117.46,25358040.0,60.807,22.6551
399.0,860.0,1.0,1.0,372.0,15.0,934.0,25.0,911.0,68.0,143.0,89.0,604.0,24.0,2.962963e-05,47.97865,63244.55,12750420.0,54.5516,15.2182
237.0,875.0,4.0,4.0,588.0,82.0,901.0,72.0,414.0,90.0,818.0,88.0,806.0,22.0,3.598088e-05,64.07892,6930.448,8193759.0,56.2479,13.0089
554.0,865.0,1.0,2.0,329.0,30.0,491.0,45.0,594.0,59.0,350.0,91.0,989.0,84.0,6.752617e-05,62.86835,40642.28,39459980.0,62.3315,31.3441
720.0,719.0,2.0,1.0,752.0,88.0,944.0,28.0,766.0,25.0,164.0,19.0,865.0,21.0,0.0001348865,62.92622,40642.28,39459980.0,70.9689,55.5509
673.0,855.0,1.0,6.0,956.0,11.0,984.0,56.0,309.0,55.0,225.0,33.0,746.0,17.0,3.487441e-05,57.86111,26117.46,19841090.0,69.2716,36.0262
698.0,830.0,1.0,2.0,904.0,94.0,822.0,28.0,697.0,19.0,525.0,83.0,971.0,81.0,8.328759e-05,66.58096,16783.42,30874990.0,72.6886,34.5133
336.0,808.0,1.0,1.0,357.0,85.0,972.0,18.0,863.0,74.0,132.0,93.0,742.0,30.0,5.826364e-05,59.85674,40642.28,25358040.0,58.9139,24.8582
753.0,950.0,1.0,1.0,244.0,32.0,359.0,63.0,913.0,44.0,536.0,48.0,825.0,44.0,1.276495e-05,31.49514,238315.2,6729644.0,-1.79661,-299.452
653.0,736.0,1.0,3.0,926.0,66.0,637.0,16.0,636.0,38.0,371.0,88.0,217.0,10.0,0.0001478141,62.53328,63244.55,95551890.0,89.3304,25.4892
693.0,680.0,2.0,1.0,790.0,89.0,932.0,20.0,692.0,42.0,101.0,32.0,984.0,26.0,0.0001675384,61.71152,40642.28,39459980.0,83.6142,55.9112
502.0,844.0,1.0,2.0,879.0,41.0,481.0,48.0,538.0,59.0,345.0,86.0,952.0,86.0,0.0001030865,63.13619,40642.28,48044980.0,71.4311,35.5311
345.0,770.0,1.0,1.0,440.0,31.0,983.0,26.0,927.0,77.0,179.0,86.0,606.0,22.0,0.0001011437,59.60681,63244.55,39459980.0,60.8641,42.1596
332.0,958.0,5.0,7.0,552.0,75.0,793.0,16.0,702.0,17.0,386.0,93.0,569.0,91.0,9.66739e-06,47.76423,1838.503,473963.5,90.0035,59.3531
610.0,773.0,1.0,2.0,926.0,70.0,812.0,6.0,611.0,43.0,205.0,88.0,155.0,5.0,4.760023e-05,54.67883,40642.28,16295760.0,76.8523,54.3844
553.0,726.0,6.0,1.0,649.0,80.0,886.0,19.0,362.0,93.0,307.0,90.0,805.0,13.0,9.095035e-05,60.29041,10785.12,10472090.0,79.0656,23.0595
216.0,879.0,1.0,1.0,914.0,67.0,694.0,26.0,634.0,46.0,199.0,85.0,151.0,19.0,3.964832e-05,56.10534,26117.46,16295760.0,67.9778,23.1424
467.0,813.0,1.0,1.0,434.0,15.0,975.0,18.0,884.0,69.0,162.0,93.0,682.0,23.0,4.814366e-05,60.92295,26117.46,19841090.0,62.1027,22.8305
706.0,829.0,1.0,6.0,526.0,75.0,982.0,63.0,173.0,56.0,209.0,33.0,778.0,18.0,5.93174e-05,59.63735,63244.55,61404200.0,72.5503,25.1674
241.0,736.0,1.0,1.0,875.0,52.0,823.0,15.0,612.0,92.0,179.0,88.0,198.0,2.0,6.646069e-05,33.89752,577079.0,25358040.0,33.4968,8.27672
493.0,943.0,4.0,3.0,493.0,14.0,101.0,32.0,459.0,27.0,541.0,64.0,267.0,68.0,3.164217e-05,60.05498,4453.334,4324649.0,86.1241,41.2274
632.0,846.0,2.0,1.0,876.0,87.0,882.0,28.0,711.0,16.0,489.0,82.0,970.0,80.0,6.495659e-05,61.51116,10785.12,12750420.0,77.3188,26.0031
347.0,807.0,1.0,1.0,480.0,30.0,966.0,25.0,820.0,74.0,185.0,89.0,603.0,25.0,6.702898e-05,61.28819,40642.28,30874990.0,60.1769,23.62
266.0,836.0,1.0,3.0,994.0,66.0,879.0,7.0,590.0,33.0,362.0,90.0,194.0,4.0,1.681595e-05,57.73709,10785.12,8193759.0,66.7913,20.4524
455.0,936.0,1.0,3.0,566.0,14.0,118.0,24.0,399.0,12.0,531.0,65.0,292.0,27.0,2.004908e-05,20.6448,370846.0,3383770.0,46.2371,10.9834
917.0,426.0,2.0,8.0,566.0,68.0,875.0,94.0,595.0,53.0,385.0,93.0,113.0,56.0,9.504999e-05,7.001935,577079.0,898001.8,102.469,0.0
467.0,884.0,1.0,2.0,963.0,27.0,628.0,43.0,492.0,49.0,342.0,26.0,997.0,85.0,2.73752e-05,27.37767,577079.0,8193759.0,64.703,22.3395
473.0,911.0,1.0,2.0,550.0,4.0,787.0,60.0,591.0,71.0,260.0,48.0,281.0,36.0,2.504219e-05,49.20394,40642.28,10472090.0,70.4853,22.8403
631.0,770.0,1.0,3.0,964.0,67.0,572.0,9.0,602.0,53.0,171.0,94.0,198.0,9.0,8.191885e-05,58.18751,40642.28,30874990.0,88.5615,46.01
493.0,906.0,2.0,3.0,603.0,13.0,142.0,27.0,612.0,20.0,542.0,65.0,318.0,68.0,5.597719e-05,62.49725,10785.12,12750420.0,91.865,37.0622
731.0,280.0,1.0,1.0,948.0,7.0,964.0,66.0,182.0,73.0,611.0,29.0,780.0,1.0,3.923661e-05,23.85269,898000.8,12750420.0,63.818,15.3682
673.0,812.0,1.0,5.0,535.0,13.0,991.0,63.0,170.0,52.0,237.0,35.0,798.0,14.0,6.802284e-05,56.24188,63244.55,39459980.0,75.2248,29.7703
564.0,911.0,2.0,1.0,537.0,82.0,832.0,64.0,584.0,66.0,395.0,52.0,360.0,38.0,2.326238e-05,47.85679,40642.28,8193759.0,58.0402,11.2397
757.0,912.0,1.0,1.0,254.0,62.0,522.0,74.0,603.0,40.0,540.0,84.0,101.0,51.0,5.087949e-05,49.54726,98416.24,25358040.0,65.3434,21.1245
365.0,856.0,4.0,1.0,953.0,94.0,885.0,75.0,355.0,86.0,297.0,92.0,349.0,16.0,6.004256e-05,56.31077,26117.46,12750420.0,52.6837,8.26445
337.0,347.0,7.0,9.0,642.0,91.0,957.0,35.0,621.0,23.0,634.0,88.0,856.0,90.0,0.001845235,35.89684,577079.0,682174000.0,-10.1377,-9.7498
470.0,866.0,1.0,1.0,269.0,29.0,554.0,46.0,619.0,61.0,285.0,90.0,989.0,80.0,6.354386e-05,59.36081,63244.55,39459980.0,51.4281,14.1725
885.0,751.0,1.0,1.0,788.0,92.0,888.0,7.0,716.0,42.0,116.0,38.0,976.0,14.0,3.585084e-05,54.21182,40642.28,16295760.0,60.9366,18.4121
487.0,894.0,6.0,5.0,293.0,76.0,872.0,76.0,333.0,88.0,309.0,88.0,369.0,18.0,3.027407e-05,59.78571,6930.448,5265529.0,89.9074,32.6294
696.0,856.0,1.0,1.0,897.0,91.0,819.0,23.0,717.0,17.0,544.0,83.0,968.0,84.0,5.276754e-05,62.93137,16783.42,19841090.0,65.6608,19.7588
393.0,834.0,3.0,3.0,456.0,67.0,658.0,62.0,581.0,73.0,293.0,60.0,379.0,65.0,0.0001180103,34.39256,370846.0,19841090.0,101.984,28.6613
402.0,463.0,4.0,1.0,812.0,91.0,778.0,99.0,614.0,34.0,849.0,12.0,347.0,4.0,0.001310503,55.051,238315.2,95551890.0,56.7763,29.6475
712.0,821.0,2.0,2.0,900.0,94.0,787.0,26.0,725.0,18.0,510.0,82.0,928.0,81.0,9.745423e-05,66.81851,10785.12,19841090.0,91.4989,39.1854
709.0,610.0,1.0,1.0,549.0,15.0,703.0,91.0,655.0,65.0,195.0,77.0,849.0,41.0,0.0003528195,42.96736,577079.0,74763430.0,85.8807,22.7196
673.0,974.0,1.0,4.0,869.0,78.0,895.0,43.0,931.0,13.0,450.0,38.0,376.0,83.0,8.698952e-06,53.06116,6930.448,2779135.0,73.1894,21.5135
351.0,811.0,1.0,1.0,371.0,22.0,926.0,26.0,888.0,74.0,158.0,89.0,693.0,36.0,7.536493e-05,60.50898,40642.28,30874990.0,63.7022,34.3291
224.0,798.0,1.0,8.0,182.0,15.0,985.0,13.0,880.0,72.0,347.0,96.0,557.0,49.0,4.96525e-05,25.2114,577079.0,10472090.0,115.106,26.98
288.0,902.0,2.0,6.0,270.0,82.0,890.0,76.0,337.0,91.0,304.0,82.0,337.0,16.0,2.555804e-05,58.43511,16783.42,12750420.0,69.4387,28.0164
341.0,293.0,1.0,1.0,985.0,7.0,963.0,66.0,155.0,68.0,626.0,28.0,788.0,1.0,0.0002669599,35.29719,898000.8,39459980.0,49.6192,11.619
656.0,810.0,1.0,2.0,938.0,61.0,842.0,14.0,541.0,43.0,324.0,96.0,154.0,5.0,4.112309e-05,59.87268,26117.46,19841090.0,63.7243,22.3906
522.0,826.0,1.0,2.0,484.0,31.0,475.0,45.0,631.0,59.0,395.0,81.0,999.0,84.0,0.0001281995,63.88312,63244.55,74763430.0,73.9231,30.7825
482.0,870.0,1.0,3.0,757.0,9.0,789.0,55.0,617.0,40.0,373.0,49.0,347.0,39.0,5.397402e-05,52.97071,63244.55,19841090.0,83.7676,43.156
250.0,797.0,1.0,1.0,889.0,67.0,579.0,16.0,595.0,42.0,179.0,89.0,113.0,19.0,0.000132831,52.19786,98416.24,39459980.0,83.5388,49.1625
731.0,720.0,2.0,1.0,757.0,86.0,885.0,10.0,697.0,35.0,140.0,16.0,905.0,17.0,5.170601e-05,37.8247,238315.2,12750420.0,73.1762,25.3872
479.0,770.0,1.0,1.0,483.0,28.0,983.0,26.0,877.0,77.0,191.0,86.0,599.0,26.0,0.0001092918,62.01444,40642.28,39459980.0,65.3741,48.3614
555.0,716.0,6.0,6.0,638.0,83.0,846.0,74.0,362.0,88.0,272.0,90.0,778.0,13.0,0.0002749835,20.60228,898000.8,116340400.0,19.4921,8.26689
696.0,859.0,2.0,1.0,891.0,84.0,854.0,28.0,537.0,51.0,465.0,69.0,971.0,45.0,3.190346e-05,52.91408,26117.46,10472090.0,63.522,13.8144
789.0,429.0,2.0,1.0,239.0,12.0,564.0,10.0,151.0,2.0,422.0,87.0,716.0,45.0,0.0006555131,38.29927,370846.0,19841090.0,104.597,25.7644
396.0,885.0,2.0,3.0,507.0,91.0,787.0,64.0,590.0,66.0,274.0,47.0,946.0,34.0,3.244473e-05,49.83726,63244.55,12750420.0,44.1991,9.75324
789.0,613.0,3.0,1.0,207.0,13.0,626.0,5.0,200.0,3.0,768.0,82.0,670.0,47.0,0.0001768569,28.4991,238315.2,5265529.0,96.7094,32.3172
572.0,875.0,1.0,2.0,484.0,41.0,495.0,42.0,575.0,59.0,400.0,83.0,998.0,86.0,5.281691e-05,61.49457,40642.28,30874990.0,58.8121,24.1595
923.0,749.0,1.0,1.0,788.0,92.0,868.0,21.0,775.0,27.0,100.0,35.0,994.0,21.0,5.635143e-05,61.24103,26117.46,19841090.0,62.2752,20.0761
520.0,845.0,5.0,1.0,632.0,87.0,824.0,71.0,284.0,86.0,309.0,77.0,336.0,16.0,7.005652e-05,59.79215,16783.42,12750420.0,59.8626,9.75273
724.0,747.0,1.0,1.0,412.0,76.0,752.0,9.0,237.0,2.0,700.0,28.0,993.0,24.0,7.440081e-05,38.10287,370846.0,25358040.0,61.29,17.0195
709.0,638.0,3.0,1.0,430.0,72.0,582.0,11.0,240.0,1.0,763.0,29.0,933.0,30.0,0.0002453555,23.50734,898000.8,8193759.0,91.6852,34.372
631.0,766.0,2.0,3.0,855.0,99.0,870.0,33.0,605.0,14.0,566.0,74.0,953.0,84.0,0.0002112706,64.56842,26117.46,181038800.0,66.9637,15.3913
707.0,635.0,1.0,1.0,783.0,89.0,742.0,21.0,718.0,44.0,172.0,34.0,905.0,25.0,0.0002366384,57.06871,153147.4,116340400.0,70.9928,52.3041
330.0,719.0,8.0,2.0,805.0,79.0,962.0,71.0,188.0,58.0,636.0,25.0,966.0,33.0,0.0002190618,22.48382,898000.8,8193759.0,116.154,25.2951
326.0,741.0,1.0,2.0,932.0,71.0,578.0,9.0,598.0,38.0,212.0,89.0,194.0,8.0,0.0001154379,60.4218,40642.28,48044980.0,86.4481,43.3786
464.0,880.0,1.0,2.0,984.0,29.0,563.0,43.0,492.0,48.0,307.0,82.0,997.0,79.0,4.608877e-05,62.12436,26117.46,25358040.0,64.1382,23.2121
522.0,913.0,1.0,3.0,624.0,12.0,113.0,21.0,156.0,14.0,528.0,66.0,201.0,25.0,3.315325e-05,55.76764,40642.28,16295760.0,67.1964,25.2932
770.0,986.0,1.0,1.0,269.0,8.0,456.0,68.0,542.0,15.0,684.0,43.0,879.0,35.0,4.43666e-06,21.34015,153147.4,1147697.0,-2.11689,-340.756
251.0,852.0,4.0,3.0,572.0,83.0,879.0,73.0,414.0,88.0,813.0,90.0,807.0,16.0,5.20446e-05,36.25462,153147.4,10472090.0,35.4785,6.32201
761.0,687.0,3.0,1.0,236.0,73.0,580.0,12.0,233.0,52.0,285.0,87.0,930.0,25.0,0.0001229012,38.92544,370846.0,25358040.0,94.2993,32.595
393.0,857.0,1.0,3.0,656.0,88.0,813.0,64.0,601.0,78.0,287.0,48.0,890.0,30.0,5.155414e-05,61.12117,40642.28,39459980.0,36.6161,13.7077
624.0,734.0,5.0,3.0,509.0,53.0,752.0,25.0,691.0,50.0,235.0,34.0,460.0,82.0,0.0001480733,25.12314,370846.0,6729644.0,88.4553,39.7779
519.0,825.0,5.0,5.0,283.0,83.0,317.0,22.0,397.0,58.0,746.0,59.0,839.0,20.0,6.273274e-05,63.75752,10785.12,25358040.0,109.996,22.5626
531.0,900.0,1.0,1.0,494.0,15.0,133.0,31.0,485.0,19.0,529.0,66.0,240.0,59.0,7.039946e-05,61.12353,26117.46,30874990.0,66.1731,19.015
452.0,885.0,2.0,3.0,509.0,84.0,858.0,57.0,588.0,54.0,363.0,57.0,939.0,35.0,2.884385e-05,51.84605,40642.28,12750420.0,51.2529,11.294
886.0,735.0,1.0,1.0,729.0,94.0,935.0,17.0,186.0,43.0,175.0,36.0,544.0,24.0,3.477592e-05,21.08222,898000.8,8193759.0,79.4561,55.627
371.0,969.0,1.0,1.0,357.0,64.0,405.0,74.0,604.0,44.0,577.0,49.0,104.0,50.0,1.462266e-05,45.88293,63244.55,10472090.0,63.3933,16.434
641.0,736.0,1.0,2.0,970.0,65.0,776.0,10.0,609.0,38.0,360.0,97.0,223.0,4.0,7.024569e-05,53.87155,98416.24,30874990.0,65.3207,35.5746
493.0,861.0,4.0,3.0,638.0,15.0,111.0,33.0,466.0,21.0,550.0,26.0,167.0,67.0,0.000109028,24.74197,370846.0,5265529.0,131.317,28.9198
621.0,799.0,2.0,2.0,882.0,76.0,823.0,28.0,712.0,18.0,526.0,83.0,668.0,82.0,0.0001601482,60.85238,26117.46,25358040.0,103.019,31.2988
250.0,812.0,2.0,1.0,914.0,66.0,833.0,22.0,537.0,89.0,162.0,91.0,108.0,7.0,6.167137e-05,53.49232,40642.28,16295760.0,78.449,49.3931
673.0,828.0,1.0,6.0,942.0,87.0,996.0,56.0,328.0,74.0,227.0,33.0,784.0,18.0,5.454812e-05,60.49275,63244.55,48044980.0,65.9102,26.3811
732.0,824.0,1.0,2.0,900.0,91.0,817.0,26.0,733.0,18.0,519.0,83.0,971.0,74.0,8.486413e-05,66.24655,16783.42,30874990.0,72.7808,35.3623
671.0,797.0,1.0,6.0,492.0,83.0,992.0,64.0,179.0,57.0,213.0,34.0,798.0,17.0,9.290938e-05,59.9766,98416.24,148689600.0,65.1807,20.4918
669.0,389.0,4.0,2.0,216.0,75.0,643.0,11.0,221.0,5.0,378.0,82.0,690.0,48.0,0.001148288,44.28087,370846.0,871857100.0,13.4506,10.6183
758.0,326.0,5.0,5.0,260.0,70.0,896.0,94.0,606.0,64.0,724.0,28.0,728.0,43.0,0.0004933026,19.97581,2174500.0,231377800.0,-18.3498,-3.83085
244.0,860.0,1.0,1.0,422.0,15.0,935.0,15.0,935.0,59.0,159.0,98.0,626.0,14.0,1.737857e-05,33.43857,153147.4,5265529.0,51.8782,12.4261
528.0,829.0,4.0,6.0,613.0,75.0,317.0,78.0,412.0,90.0,370.0,84.0,806.0,14.0,0.0001566342,13.85692,1397391.0,4324649.0,67.4405,18.4736
748.0,954.0,1.0,1.0,336.0,67.0,400.0,55.0,602.0,42.0,600.0,63.0,132.0,43.0,1.647258e-05,49.80715,40642.28,10472090.0,55.0285,12.294
229.0,684.0,2.0,4.0,197.0,21.0,630.0,49.0,724.0,48.0,970.0,43.0,876.0,32.0,0.0003849827,37.58561,1397391.0,231377800.0,16.6131,7.88725
797.0,834.0,1.0,6.0,940.0,87.0,967.0,50.0,433.0,54.0,250.0,28.0,796.0,15.0,4.255884e-05,63.08123,40642.28,30874990.0,55.2597,32.523
672.0,434.0,8.0,2.0,603.0,76.0,265.0,8.0,220.0,1.0,383.0,29.0,690.0,40.0,0.001068767,23.53294,577079.0,8193759.0,34.3369,12.4565
656.0,787.0,1.0,3.0,969.0,65.0,833.0,11.0,582.0,38.0,491.0,96.0,179.0,5.0,4.522703e-05,58.52186,26117.46,19841090.0,70.3088,34.6365
888.0,770.0,1.0,1.0,764.0,89.0,887.0,11.0,589.0,42.0,141.0,37.0,908.0,20.0,3.570362e-05,41.01772,153147.4,12750420.0,63.6701,19.5268
621.0,799.0,2.0,2.0,882.0,76.0,823.0,28.0,712.0,18.0,526.0,83.0,908.0,82.0,0.000137533,66.75717,10785.12,25358040.0,99.2341,31.9484
494.0,883.0,5.0,4.0,142.0,15.0,849.0,29.0,130.0,15.0,410.0,66.0,958.0,31.0,1.943022e-05,47.7054,10785.12,2779135.0,83.0056,26.9461
753.0,694.0,4.0,1.0,244.0,32.0,862.0,63.0,915.0,28.0,536.0,50.0,829.0,44.0,0.0003184072,62.78196,26117.46,39459980.0,105.423,20.6606
218.0,308.0,4.0,2.0,217.0,14.0,648.0,12.0,727.0,3.0,365.0,82.0,742.0,47.0,0.001804013,-26.17411,-10.0,-10.0,0.0,48.5129
268.0,860.0,1.0,1.0,442.0,13.0,934.0,15.0,911.0,59.0,160.0,94.0,665.0,23.0,2.270011e-05,59.33101,10785.12,8193759.0,62.1656,18.4623
668.0,827.0,1.0,5.0,943.0,1.0,992.0,56.0,153.0,54.0,614.0,33.0,796.0,2.0,1.075339e-05,46.2413,26117.46,3383770.0,41.3246,7.77851
489.0,861.0,1.0,1.0,459.0,11.0,933.0,23.0,834.0,59.0,238.0,88.0,605.0,26.0,2.882024e-05,60.75825,16783.42,12750420.0,60.9317,17.3268
682.0,802.0,2.0,1.0,918.0,99.0,822.0,34.0,529.0,19.0,465.0,69.0,936.0,83.0,0.0001332661,64.86815,16783.42,25358040.0,82.7592,40.963
555.0,896.0,2.0,5.0,273.0,80.0,890.0,74.0,287.0,88.0,325.0,83.0,405.0,17.0,2.649777e-05,59.49075,16783.42,12750420.0,60.0272,19.6379
514.0,896.0,3.0,5.0,273.0,76.0,872.0,76.0,343.0,88.0,310.0,85.0,369.0,18.0,2.89438e-05,59.83869,10785.12,10472090.0,76.5044,30.5189
717.0,821.0,1.0,1.0,902.0,91.0,753.0,28.0,734.0,18.0,518.0,82.0,928.0,78.0,9.959305e-05,62.95118,26117.46,39459980.0,63.4615,23.883
493.0,941.0,2.0,3.0,603.0,14.0,142.0,27.0,462.0,21.0,542.0,65.0,299.0,68.0,2.578238e-05,58.82786,10785.12,6729644.0,81.3939,33.5888
378.0,854.0,4.0,3.0,509.0,88.0,804.0,64.0,600.0,71.0,281.0,51.0,920.0,36.0,5.764739e-05,59.07764,16783.42,12750420.0,84.821,39.7322
500.0,884.0,1.0,3.0,757.0,8.0,830.0,60.0,593.0,40.0,251.0,48.0,347.0,38.0,4.517632e-05,57.55682,26117.46,16295760.0,81.0146,49.5867
770.0,856.0,1.0,6.0,994.0,11.0,972.0,57.0,308.0,58.0,225.0,33.0,745.0,17.0,2.745251e-05,55.60424,40642.28,16295760.0,68.8568,32.2445
216.0,902.0,1.0,6.0,306.0,85.0,948.0,73.0,336.0,87.0,327.0,82.0,345.0,14.0,2.302153e-05,58.56842,40642.28,19841090.0,42.3666,14.7443
612.0,925.0,6.0,4.0,233.0,72.0,305.0,85.0,132.0,59.0,986.0,86.0,897.0,82.0,3.354748e-05,37.25985,98416.24,5265529.0,74.04,22.8689
473.0,929.0,2.0,2.0,497.0,7.0,814.0,60.0,613.0,78.0,275.0,48.0,923.0,36.0,1.211623e-05,60.34267,4453.334,5265529.0,44.5029,6.64899
707.0,913.0,1.0,4.0,206.0,68.0,522.0,73.0,603.0,13.0,537.0,80.0,102.0,51.0,8.204341e-05,54.97825,63244.55,30874990.0,94.1313,20.4473
275.0,866.0,5.0,5.0,903.0,83.0,885.0,73.0,285.0,94.0,324.0,93.0,370.0,27.0,5.470855e-05,55.01777,16783.42,16295760.0,128.959,23.0381
739.0,807.0,1.0,4.0,535.0,13.0,991.0,63.0,174.0,50.0,237.0,33.0,798.0,12.0,5.84767e-05,57.16145,63244.55,30874990.0,62.3649,31.9219
479.0,770.0,1.0,1.0,483.0,28.0,983.0,26.0,875.0,77.0,184.0,91.0,603.0,26.0,0.0001097538,62.01699,40642.28,39459980.0,65.3353,47.858
515.0,716.0,5.0,1.0,265.0,77.0,889.0,22.0,362.0,88.0,307.0,90.0,805.0,14.0,0.0001138554,61.37766,16783.42,19841090.0,80.9088,31.441
465.0,870.0,1.0,3.0,734.0,8.0,782.0,61.0,597.0,39.0,286.0,50.0,881.0,38.0,4.341776e-05,31.36596,370846.0,12750420.0,64.395,24.7523
707.0,616.0,4.0,1.0,181.0,12.0,638.0,8.0,195.0,3.0,386.0,82.0,961.0,60.0,0.000427474,56.05363,26117.46,16295760.0,104.868,28.4042
527.0,727.0,6.0,1.0,597.0,83.0,318.0,22.0,406.0,99.0,753.0,96.0,805.0,15.0,0.0001980733,64.36646,16783.42,25358040.0,64.8898,15.9374
323.0,640.0,8.0,1.0,746.0,78.0,686.0,71.0,405.0,58.0,220.0,25.0,966.0,26.0,0.0006421191,42.01168,370846.0,61404200.0,131.249,32.4973
379.0,813.0,1.0,1.0,420.0,15.0,975.0,18.0,861.0,59.0,179.0,88.0,664.0,22.0,4.800708e-05,60.44362,26117.46,19841090.0,62.8751,21.9637
776.0,866.0,1.0,5.0,969.0,7.0,982.0,54.0,320.0,51.0,216.0,32.0,693.0,17.0,2.105387e-05,53.49291,26117.46,10472090.0,67.0423,23.6159
404.0,512.0,2.0,4.0,585.0,75.0,613.0,88.0,161.0,80.0,111.0,17.0,376.0,2.0,0.001229566,17.74022,8193758.0,438383300.0,54.4056,21.0947
493.0,913.0,2.0,3.0,603.0,14.0,142.0,26.0,569.0,21.0,542.0,65.0,289.0,65.0,4.694211e-05,60.73808,10785.12,10472090.0,89.7499,38.7495
702.0,634.0,2.0,1.0,797.0,91.0,724.0,21.0,716.0,25.0,168.0,35.0,927.0,24.0,0.0002485957,39.5358,577079.0,39459980.0,91.9031,51.5195
486.0,847.0,1.0,2.0,872.0,41.0,427.0,49.0,540.0,65.0,528.0,86.0,628.0,93.0,0.0001058911,37.03337,577079.0,39459980.0,75.0812,29.626
544.0,885.0,3.0,3.0,599.0,13.0,138.0,27.0,149.0,10.0,558.0,26.0,171.0,26.0,5.278548e-05,49.46185,40642.28,10472090.0,95.5796,40.6263
540.0,898.0,2.0,3.0,632.0,13.0,101.0,12.0,156.0,24.0,520.0,50.0,315.0,21.0,2.32999e-05,51.92954,26117.46,8193759.0,74.202,21.6006
473.0,911.0,1.0,1.0,537.0,4.0,797.0,60.0,591.0,72.0,338.0,42.0,310.0,29.0,2.082654e-05,43.78548,63244.55,10472090.0,59.9519,13.7337
773.0,956.0,1.0,2.0,273.0,68.0,506.0,73.0,909.0,16.0,687.0,43.0,110.0,47.0,2.166686e-05,53.46799,26117.46,10472090.0,62.7718,16.3177
543.0,700.0,5.0,1.0,632.0,82.0,897.0,22.0,362.0,92.0,294.0,90.0,774.0,14.0,0.0001307501,61.24088,16783.42,19841090.0,85.8649,39.4084
721.0,720.0,1.0,1.0,755.0,83.0,798.0,2.0,759.0,41.0,166.0,26.0,905.0,16.0,1.848982e-05,30.19005,153147.4,5265529.0,73.778,41.0818
726.0,959.0,1.0,1.0,371.0,67.0,523.0,75.0,929.0,14.0,532.0,47.0,104.0,44.0,2.478542e-05,56.12164,16783.42,10472090.0,62.1187,14.4248
466.0,866.0,1.0,1.0,963.0,33.0,524.0,42.0,493.0,49.0,301.0,14.0,997.0,80.0,3.666842e-05,22.90604,898000.8,10472090.0,52.6996,12.7923
235.0,389.0,6.0,1.0,634.0,91.0,725.0,31.0,156.0,52.0,908.0,37.0,847.0,17.0,0.0007733225,23.65183,2174500.0,30874990.0,80.4781,21.225
703.0,847.0,2.0,1.0,875.0,86.0,850.0,26.0,711.0,16.0,468.0,82.0,971.0,82.0,6.378701e-05,65.3462,6930.448,12750420.0,78.1334,26.4985
705.0,632.0,2.0,1.0,778.0,89.0,742.0,21.0,787.0,42.0,167.0,34.0,915.0,24.0,0.0002440925,64.84337,40642.28,61404200.0,89.3106,52.8599
441.0,877.0,3.0,3.0,734.0,82.0,804.0,64.0,617.0,74.0,376.0,44.0,943.0,36.0,3.679008e-05,64.06338,10785.12,10472090.0,60.0071,14.7465
718.0,829.0,1.0,6.0,536.0,75.0,982.0,55.0,160.0,57.0,209.0,33.0,773.0,18.0,5.272844e-05,54.68084,98416.24,48044980.0,73.9561,25.8891
647.0,751.0,1.0,2.0,931.0,68.0,832.0,14.0,602.0,46.0,205.0,88.0,195.0,3.0,6.248981e-05,33.13643,577079.0,19841090.0,56.1074,24.4904
704.0,682.0,2.0,1.0,921.0,92.0,828.0,13.0,715.0,38.0,164.0,36.0,855.0,26.0,0.0001329763,45.97104,153147.4,25358040.0,85.4689,57.0788
347.0,807.0,1.0,1.0,444.0,19.0,977.0,18.0,860.0,74.0,170.0,93.0,606.0,20.0,5.135453e-05,60.62308,26117.46,19841090.0,61.2564,23.3714
525.0,851.0,3.0,5.0,588.0,82.0,923.0,77.0,399.0,98.0,819.0,90.0,784.0,17.0,5.243874e-05,62.59148,16783.42,16295760.0,63.2332,22.8251
716.0,898.0,1.0,2.0,903.0,88.0,753.0,28.0,735.0,17.0,519.0,83.0,890.0,77.0,2.689544e-05,62.90803,10785.12,10472090.0,63.751,18.1755
493.0,887.0,3.0,1.0,566.0,14.0,100.0,33.0,459.0,20.0,541.0,59.0,267.0,68.0,0.0001029263,60.25801,16783.42,12750420.0,83.7581,35.442
886.0,696.0,1.0,1.0,780.0,90.0,930.0,9.0,631.0,44.0,156.0,33.0,529.0,24.0,3.827088e-05,26.52016,370846.0,8193759.0,76.9361,71.3572
256.0,857.0,5.0,5.0,899.0,83.0,885.0,20.0,287.0,94.0,323.0,79.0,382.0,15.0,2.042973e-05,34.6257,63244.55,2174501.0,98.6741,41.3014
583.0,736.0,1.0,3.0,926.0,63.0,840.0,18.0,633.0,38.0,150.0,88.0,223.0,7.0,0.0001203742,36.07287,577079.0,39459980.0,93.4983,37.8313
680.0,901.0,1.0,1.0,903.0,91.0,821.0,26.0,735.0,15.0,519.0,78.0,971.0,75.0,2.260782e-05,60.44568,10785.12,10472090.0,60.7877,14.6934
684.0,892.0,1.0,1.0,903.0,91.0,818.0,27.0,708.0,18.0,519.0,83.0,981.0,79.0,2.766895e-05,65.57516,6930.448,10472090.0,60.6569,15.1869
355.0,839.0,1.0,2.0,369.0,65.0,523.0,75.0,584.0,44.0,716.0,85.0,133.0,44.0,0.000168308,40.77097,898000.8,74763430.0,68.3254,16.835
581.0,777.0,1.0,1.0,221.0,16.0,498.0,8.0,237.0,2.0,697.0,76.0,905.0,24.0,6.247613e-05,12.90137,898000.8,3383770.0,65.3355,19.8742
786.0,864.0,2.0,1.0,583.0,85.0,973.0,16.0,887.0,82.0,109.0,93.0,557.0,32.0,2.86032e-05,55.80114,10785.12,5265529.0,71.6188,22.863
526.0,737.0,7.0,1.0,595.0,66.0,298.0,22.0,357.0,56.0,760.0,81.0,830.0,21.0,0.0002015479,62.76972,16783.42,19841090.0,79.8999,29.3484
393.0,854.0,4.0,3.0,509.0,86.0,804.0,64.0,600.0,71.0,281.0,50.0,920.0,38.0,5.846752e-05,61.9865,10785.12,12750420.0,87.2765,40.3721
337.0,674.0,5.0,1.0,729.0,10.0,987.0,71.0,167.0,30.0,146.0,24.0,824.0,14.0,0.0003175692,25.0184,898000.8,10472090.0,91.5048,45.816
715.0,626.0,6.0,1.0,205.0,82.0,611.0,23.0,251.0,43.0,294.0,78.0,921.0,22.0,0.0002909117,60.24873,40642.28,48044980.0,125.156,23.396
269.0,858.0,5.0,1.0,239.0,84.0,194.0,73.0,247.0,50.0,322.0,74.0,338.0,86.0,0.0002291235,56.15645,63244.55,39459980.0,110.548,26.416
494.0,700.0,5.0,4.0,535.0,16.0,841.0,23.0,200.0,15.0,582.0,66.0,975.0,30.0,0.0001797729,60.2188,16783.42,231377800.0,49.3872,21.4141
654.0,737.0,1.0,2.0,898.0,64.0,788.0,10.0,610.0,37.0,425.0,87.0,218.0,3.0,5.972777e-05,47.42162,153147.4,30874990.0,56.5581,21.7427
306.0,391.0,4.0,1.0,843.0,91.0,679.0,99.0,619.0,40.0,267.0,12.0,347.0,4.0,0.001908551,13.87718,8193758.0,30874990.0,95.2853,28.3121
515.0,896.0,3.0,5.0,273.0,87.0,849.0,76.0,287.0,88.0,310.0,87.0,393.0,16.0,2.801368e-05,58.90494,16783.42,10472090.0,66.8863,21.4698
492.0,887.0,4.0,3.0,497.0,14.0,100.0,32.0,459.0,21.0,540.0,60.0,266.0,65.0,9.964902e-05,60.33875,10785.12,12750420.0,114.45,27.1606
706.0,718.0,1.0,1.0,795.0,94.0,932.0,15.0,722.0,27.0,170.0,37.0,520.0,17.0,0.0001243323,63.67172,40642.28,48044980.0,69.8904,56.2681
707.0,625.0,1.0,1.0,179.0,13.0,648.0,5.0,179.0,3.0,386.0,81.0,961.0,60.0,0.0003492432,47.8788,153147.4,39459980.0,95.5284,30.4084
863.0,634.0,1.0,1.0,739.0,94.0,743.0,19.0,175.0,41.0,114.0,45.0,903.0,26.0,8.868352e-05,30.49485,898000.8,30874990.0,84.2026,44.4058
718.0,634.0,2.0,1.0,785.0,52.0,831.0,21.0,723.0,42.0,103.0,37.0,901.0,27.0,0.0002341472,60.9942,40642.28,48044980.0,93.2044,56.0487
642.0,841.0,2.0,3.0,811.0,75.0,870.0,32.0,640.0,12.0,525.0,76.0,990.0,82.0,7.37447e-05,39.70713,153147.4,10472090.0,97.6065,30.913
523.0,821.0,1.0,2.0,812.0,32.0,526.0,41.0,533.0,56.0,355.0,18.0,942.0,86.0,7.360478e-05,22.09786,1397391.0,16295760.0,77.7375,52.8964
752.0,957.0,4.0,3.0,245.0,32.0,918.0,63.0,915.0,32.0,539.0,50.0,829.0,44.0,6.956501e-06,47.00496,6930.448,1397392.0,54.5016,7.28174
592.0,939.0,1.0,3.0,605.0,8.0,118.0,23.0,172.0,23.0,543.0,50.0,209.0,27.0,1.605469e-05,50.90666,40642.28,10472090.0,61.2478,15.8794
263.0,534.0,6.0,1.0,851.0,7.0,159.0,61.0,208.0,32.0,674.0,44.0,502.0,36.0,0.0005191369,10.85362,1397391.0,4324649.0,107.639,26.1331
945.0,742.0,1.0,1.0,820.0,96.0,868.0,10.0,706.0,27.0,118.0,26.0,990.0,13.0,2.930216e-05,44.49931,63244.55,10472090.0,64.6377,18.966
250.0,817.0,1.0,5.0,425.0,91.0,991.0,98.0,248.0,26.0,775.0,82.0,419.0,28.0,0.0001439024,58.6264,153147.4,148689600.0,31.6834,13.2618
322.0,880.0,1.0,1.0,384.0,14.0,917.0,7.0,816.0,67.0,177.0,89.0,663.0,23.0,1.241783e-05,48.42388,16783.42,3383770.0,70.154,24.2181
739.0,229.0,1.0,1.0,423.0,16.0,996.0,54.0,178.0,61.0,146.0,33.0,814.0,18.0,0.0001759236,21.08084,3383769.0,39459980.0,105.647,19.7633
450.0,926.0,1.0,3.0,605.0,8.0,157.0,23.0,157.0,23.0,540.0,71.0,208.0,26.0,2.171767e-05,52.97229,40642.28,10472090.0,66.1337,20.2532
475.0,912.0,4.0,3.0,599.0,13.0,112.0,27.0,444.0,21.0,541.0,64.0,201.0,68.0,5.73267e-05,55.13201,10785.12,6729644.0,101.167,33.8906
691.0,834.0,1.0,6.0,987.0,11.0,939.0,56.0,346.0,56.0,271.0,38.0,814.0,17.0,4.585137e-05,58.44587,40642.28,25358040.0,76.5664,29.8333
822.0,876.0,6.0,9.0,818.0,15.0,825.0,86.0,830.0,17.0,532.0,98.0,875.0,33.0,3.039891e-05,17.48991,98416.24,473963.5,120.321,22.052
330.0,279.0,3.0,6.0,926.0,79.0,536.0,2.0,278.0,9.0,546.0,84.0,516.0,47.0,0.0003653701,25.53282,898000.8,74763430.0,7.36101,4.53797
477.0,768.0,1.0,1.0,483.0,28.0,979.0,26.0,847.0,77.0,184.0,86.0,612.0,20.0,9.694509e-05,59.68338,63244.55,39459980.0,59.799,34.1709
714.0,431.0,3.0,1.0,179.0,14.0,628.0,12.0,207.0,43.0,387.0,82.0,951.0,48.0,0.0001975093,21.75747,1397391.0,12750420.0,120.123,18.4492
712.0,667.0,2.0,1.0,755.0,85.0,800.0,17.0,722.0,24.0,167.0,20.0,942.0,15.0,0.0001379523,60.77264,40642.28,39459980.0,71.9454,56.4276
753.0,961.0,4.0,1.0,243.0,32.0,862.0,68.0,940.0,32.0,536.0,50.0,821.0,44.0,6.806745e-06,38.69765,16783.42,1147697.0,44.0398,4.901
396.0,930.0,3.0,3.0,561.0,87.0,858.0,63.0,590.0,68.0,280.0,48.0,939.0,38.0,1.238123e-05,62.0667,4453.334,4324649.0,41.1779,5.65216
888.0,770.0,1.0,1.0,814.0,89.0,910.0,12.0,630.0,44.0,141.0,37.0,964.0,20.0,3.637183e-05,42.85286,153147.4,16295760.0,61.1981,18.566
327.0,359.0,1.0,1.0,125.0,69.0,776.0,95.0,652.0,42.0,713.0,13.0,410.0,84.0,0.002302631,4.411732,74763420.0,74763430.0,0.0,0.0
510.0,896.0,3.0,5.0,166.0,75.0,872.0,75.0,287.0,94.0,316.0,90.0,369.0,18.0,2.837098e-05,57.02659,16783.42,10472090.0,77.3697,29.9741
511.0,738.0,5.0,5.0,892.0,79.0,870.0,73.0,278.0,94.0,323.0,97.0,370.0,14.0,0.000263512,58.73684,40642.28,360050100.0,17.8372,9.36297
493.0,873.0,3.0,2.0,603.0,13.0,119.0,18.0,459.0,22.0,542.0,64.0,317.0,65.0,7.921521e-05,52.82093,26117.46,10472090.0,96.3999,37.5774
794.0,335.0,5.0,6.0,711.0,10.0,837.0,45.0,238.0,50.0,409.0,75.0,331.0,26.0,5.745696e-05,6.774627,370846.0,473963.5,148.992,10.4792
726.0,628.0,3.0,1.0,210.0,13.0,610.0,11.0,252.0,43.0,278.0,83.0,922.0,24.0,0.000136116,35.03394,370846.0,16295760.0,99.0331,29.5633
654.0,828.0,1.0,1.0,900.0,65.0,817.0,16.0,615.0,27.0,366.0,96.0,177.0,4.0,2.981833e-05,30.19579,238315.2,8193759.0,42.1268,9.04289
278.0,527.0,1.0,7.0,920.0,63.0,985.0,29.0,179.0,84.0,875.0,81.0,850.0,69.0,0.0003348683,13.24575,8193758.0,39459980.0,5.49514,4.15419
757.0,918.0,1.0,3.0,306.0,68.0,497.0,73.0,918.0,14.0,558.0,44.0,820.0,47.0,2.552926e-05,18.83144,577079.0,4324649.0,21.4323,4.71778
844.0,743.0,1.0,1.0,789.0,89.0,853.0,21.0,791.0,42.0,100.0,40.0,997.0,26.0,8.640641e-05,61.63695,40642.28,39459980.0,57.4055,26.565
446.0,911.0,1.0,2.0,967.0,41.0,493.0,35.0,469.0,58.0,350.0,82.0,962.0,95.0,2.555055e-05,55.2154,26117.46,12750420.0,60.4603,17.3949
332.0,730.0,1.0,4.0,556.0,15.0,992.0,64.0,178.0,72.0,177.0,28.0,853.0,17.0,0.0001940835,42.15112,577079.0,148689600.0,86.0807,23.6912
680.0,829.0,1.0,6.0,990.0,83.0,971.0,49.0,393.0,56.0,186.0,33.0,759.0,17.0,5.066048e-05,61.76244,40642.28,48044980.0,67.2721,31.969
771.0,956.0,1.0,3.0,276.0,67.0,551.0,75.0,609.0,14.0,663.0,47.0,110.0,42.0,2.03757e-05,53.15127,26117.46,10472090.0,67.1307,19.6098
726.0,945.0,1.0,2.0,336.0,67.0,415.0,74.0,598.0,14.0,539.0,84.0,110.0,52.0,4.450583e-05,57.91107,26117.46,16295760.0,68.1885,20.3223
907.0,863.0,1.0,1.0,793.0,94.0,898.0,14.0,757.0,27.0,141.0,37.0,994.0,21.0,1.463566e-05,60.84702,10785.12,8193759.0,48.6053,10.1426
563.0,258.0,1.0,3.0,599.0,39.0,168.0,68.0,480.0,84.0,557.0,65.0,174.0,76.0,0.001230023,7.764902,12750420.0,25358040.0,26.9463,4.47332
753.0,694.0,4.0,1.0,244.0,34.0,877.0,72.0,915.0,29.0,559.0,50.0,829.0,44.0,0.0003332234,60.46916,40642.28,48044980.0,106.09,20.3223
680.0,829.0,1.0,6.0,979.0,7.0,982.0,50.0,396.0,56.0,228.0,33.0,787.0,17.0,4.220312e-05,57.0667,26117.46,19841090.0,82.536,30.6043
771.0,694.0,3.0,3.0,237.0,68.0,526.0,73.0,919.0,31.0,536.0,50.0,127.0,47.0,0.0005834453,28.68796,1397391.0,281716800.0,-1.81026,-122.281
540.0,850.0,1.0,3.0,632.0,14.0,123.0,20.0,156.0,29.0,544.0,50.0,201.0,22.0,7.080576e-05,32.55254,898000.8,25358040.0,87.8833,30.0234
696.0,810.0,2.0,1.0,208.0,9.0,611.0,15.0,232.0,42.0,327.0,87.0,970.0,20.0,4.066364e-05,58.56043,16783.42,12750420.0,65.963,13.3485
698.0,829.0,1.0,6.0,988.0,87.0,956.0,49.0,393.0,54.0,238.0,33.0,761.0,13.0,4.742344e-05,56.74556,63244.55,39459980.0,55.2083,30.9448
371.0,835.0,1.0,1.0,272.0,72.0,405.0,79.0,604.0,43.0,719.0,49.0,500.0,46.0,0.0001751706,62.62551,153147.4,95551890.0,28.6396,8.70969
474.0,794.0,1.0,1.0,497.0,31.0,983.0,24.0,875.0,78.0,184.0,91.0,603.0,19.0,6.688308e-05,59.13507,40642.28,30874990.0,55.261,21.0877
268.0,682.0,8.0,2.0,960.0,79.0,984.0,51.0,728.0,52.0,990.0,78.0,966.0,46.0,0.000314608,39.68713,153147.4,74763430.0,52.5276,15.0591
277.0,798.0,2.0,3.0,926.0,67.0,832.0,18.0,602.0,98.0,179.0,89.0,110.0,10.0,6.794515e-05,45.02512,98416.24,16295760.0,104.377,44.8718
771.0,911.0,1.0,1.0,288.0,67.0,560.0,75.0,583.0,8.0,692.0,47.0,127.0,41.0,6.344759e-05,59.14718,40642.28,25358040.0,58.201,14.9676
701.0,746.0,1.0,1.0,197.0,76.0,612.0,4.0,299.0,36.0,346.0,28.0,956.0,31.0,2.035093e-05,17.35411,898000.8,5265529.0,76.7028,28.2678
697.0,807.0,1.0,6.0,969.0,81.0,980.0,36.0,461.0,52.0,215.0,34.0,760.0,18.0,5.701626e-05,62.76441,40642.28,61404200.0,78.0116,32.0675
324.0,877.0,3.0,5.0,656.0,77.0,727.0,72.0,296.0,87.0,334.0,89.0,341.0,15.0,4.467636e-05,57.65714,26117.46,16295760.0,88.6107,27.1401
344.0,857.0,4.0,5.0,265.0,81.0,843.0,63.0,289.0,94.0,226.0,95.0,338.0,15.0,5.370267e-05,56.79967,26117.46,19841090.0,116.817,23.664
558.0,854.0,1.0,3.0,503.0,83.0,872.0,57.0,725.0,67.0,376.0,47.0,943.0,38.0,4.962704e-05,64.77056,26117.46,39459980.0,45.8502,23.601
494.0,891.0,1.0,1.0,599.0,13.0,129.0,32.0,115.0,15.0,530.0,51.0,185.0,69.0,6.807203e-05,27.44778,898000.8,19841090.0,78.1644,35.0256
481.0,925.0,1.0,3.0,598.0,13.0,118.0,17.0,162.0,11.0,465.0,50.0,200.0,56.0,2.965315e-05,49.57981,40642.28,12750420.0,83.7547,40.0251
530.0,711.0,5.0,1.0,632.0,83.0,295.0,78.0,289.0,99.0,754.0,84.0,805.0,16.0,0.0006724622,19.55949,3383769.0,25358040.0,59.1078,21.8383
332.0,792.0,1.0,1.0,376.0,30.0,935.0,26.0,935.0,78.0,161.0,89.0,700.0,30.0,8.711747e-05,60.12444,63244.55,39459980.0,60.6993,36.3222
655.0,827.0,1.0,3.0,902.0,66.0,788.0,4.0,598.0,27.0,439.0,88.0,165.0,3.0,1.459762e-05,53.71217,16783.42,6729644.0,69.4138,20.7485
210.0,815.0,1.0,2.0,865.0,30.0,417.0,59.0,545.0,63.0,339.0,18.0,973.0,86.0,0.0001464708,25.33799,2174500.0,30874990.0,78.0858,43.578
777.0,764.0,8.0,3.0,623.0,31.0,154.0,6.0,673.0,99.0,879.0,9.0,897.0,1.0,3.49791e-05,46.25362,26117.46,30874990.0,-87.7458,-12.1766
467.0,887.0,4.0,2.0,598.0,15.0,115.0,33.0,466.0,17.0,532.0,25.0,174.0,23.0,7.007157e-05,58.84149,16783.42,10472090.0,82.4988,38.1076
300.0,679.0,8.0,2.0,827.0,75.0,816.0,42.0,532.0,50.0,998.0,74.0,988.0,80.0,0.0002912988,27.86058,370846.0,12750420.0,38.6059,11.7135
378.0,832.0,1.0,1.0,441.0,19.0,971.0,16.0,883.0,66.0,216.0,87.0,617.0,19.0,3.257498e-05,60.26661,16783.42,12750420.0,59.4218,18.7477
791.0,692.0,1.0,1.0,356.0,11.0,501.0,70.0,925.0,13.0,582.0,47.0,819.0,43.0,0.0002299208,61.82152,63244.55,48044980.0,75.7625,26.0301
726.0,756.0,2.0,1.0,431.0,14.0,614.0,10.0,241.0,5.0,283.0,30.0,691.0,24.0,9.031361e-05,60.15743,16783.42,12750420.0,86.0912,50.4267
696.0,864.0,1.0,1.0,902.0,91.0,822.0,27.0,734.0,18.0,519.0,83.0,923.0,81.0,4.90063e-05,65.60483,10785.12,19841090.0,63.1531,18.2279
696.0,735.0,2.0,1.0,197.0,2.0,612.0,9.0,237.0,41.0,332.0,86.0,946.0,16.0,5.340704e-05,37.89485,153147.4,8193759.0,82.3662,28.0874
889.0,636.0,2.0,1.0,796.0,89.0,742.0,20.0,822.0,42.0,138.0,34.0,896.0,23.0,8.394753e-05,38.33655,238315.2,12750420.0,82.1963,65.7376
490.0,885.0,1.0,2.0,512.0,4.0,826.0,59.0,434.0,65.0,259.0,45.0,307.0,38.0,3.496205e-05,31.77162,370846.0,10472090.0,77.861,40.6749
332.0,846.0,1.0,1.0,281.0,13.0,946.0,19.0,882.0,74.0,152.0,91.0,595.0,32.0,3.939794e-05,56.05324,26117.46,12750420.0,65.3614,26.2261
622.0,900.0,1.0,2.0,963.0,32.0,605.0,37.0,491.0,56.0,381.0,81.0,987.0,84.0,2.747788e-05,55.18544,26117.46,12750420.0,61.6999,17.8854
660.0,685.0,1.0,3.0,989.0,64.0,780.0,9.0,540.0,36.0,385.0,87.0,252.0,12.0,0.0001231856,39.03209,370846.0,39459980.0,105.808,26.0276
681.0,833.0,1.0,6.0,955.0,8.0,999.0,50.0,312.0,57.0,264.0,33.0,795.0,17.0,4.035957e-05,54.15474,40642.28,19841090.0,80.3483,31.3504
341.0,790.0,1.0,1.0,401.0,14.0,932.0,20.0,882.0,70.0,171.0,89.0,598.0,29.0,8.493285e-05,59.32266,40642.28,25358040.0,69.3231,48.8879
528.0,829.0,5.0,6.0,613.0,83.0,339.0,25.0,396.0,90.0,812.0,83.0,786.0,15.0,5.894586e-05,65.55567,6930.448,25358040.0,97.9599,21.9136
762.0,851.0,1.0,1.0,273.0,17.0,506.0,63.0,527.0,44.0,630.0,92.0,122.0,50.0,0.000109158,32.9896,898000.8,30874990.0,74.457,28.0741
471.0,892.0,1.0,2.0,909.0,30.0,562.0,40.0,501.0,57.0,273.0,80.0,999.0,84.0,3.583952e-05,60.07894,26117.46,19841090.0,62.8414,20.0158
799.0,634.0,2.0,1.0,798.0,76.0,792.0,25.0,216.0,33.0,161.0,37.0,564.0,26.0,0.0001315041,28.43336,898000.8,19841090.0,101.946,30.5403
725.0,747.0,1.0,1.0,221.0,16.0,513.0,8.0,237.0,39.0,698.0,75.0,906.0,24.0,4.615888e-05,27.00818,898000.8,16295760.0,65.2198,20.272
671.0,581.0,8.0,1.0,440.0,71.0,224.0,7.0,200.0,1.0,763.0,28.0,945.0,92.0,0.0008013172,47.40563,98416.24,25358040.0,130.933,23.6776
491.0,923.0,1.0,3.0,627.0,10.0,146.0,20.0,152.0,19.0,434.0,67.0,204.0,61.0,2.952116e-05,41.17406,98416.24,10472090.0,85.4928,38.0049
698.0,836.0,1.0,3.0,273.0,69.0,522.0,72.0,923.0,15.0,722.0,45.0,101.0,45.0,0.0002307575,51.99803,238315.2,231377800.0,50.1322,15.2773
709.0,632.0,2.0,1.0,790.0,93.0,831.0,24.0,185.0,43.0,169.0,37.0,552.0,55.0,0.0001783425,21.21856,2174500.0,19841090.0,118.153,21.2469
434.0,284.0,1.0,2.0,384.0,8.0,486.0,64.0,603.0,30.0,904.0,90.0,113.0,42.0,0.001033081,9.319518,5265528.0,16295760.0,121.027,20.4071
466.0,848.0,1.0,2.0,959.0,34.0,549.0,44.0,623.0,51.0,343.0,25.0,999.0,81.0,5.940487e-05,30.75031,577079.0,19841090.0,68.1595,53.1798
572.0,873.0,1.0,2.0,466.0,31.0,473.0,45.0,577.0,59.0,395.0,82.0,998.0,84.0,5.761513e-05,62.91902,26117.46,30874990.0,58.8282,24.8604
345.0,795.0,1.0,1.0,442.0,4.0,935.0,18.0,928.0,66.0,106.0,93.0,633.0,23.0,6.630475e-05,48.51684,63244.55,16295760.0,71.3673,32.6048
739.0,694.0,4.0,1.0,383.0,31.0,892.0,94.0,911.0,33.0,538.0,50.0,783.0,41.0,0.0003371654,63.3594,26117.46,39459980.0,103.822,22.4056
487.0,683.0,6.0,4.0,739.0,8.0,146.0,14.0,872.0,64.0,100.0,98.0,411.0,85.0,0.0008467232,50.50709,40642.28,360050100.0,129.018,49.3856
787.0,951.0,1.0,4.0,324.0,69.0,407.0,62.0,573.0,42.0,723.0,61.0,115.0,35.0,1.672276e-05,49.46451,40642.28,10472090.0,60.4153,19.464
516.0,830.0,5.0,6.0,686.0,81.0,317.0,25.0,430.0,85.0,831.0,83.0,792.0,15.0,6.073972e-05,60.44287,16783.42,25358040.0,97.1687,24.5875
520.0,716.0,5.0,1.0,647.0,78.0,886.0,79.0,362.0,90.0,309.0,90.0,802.0,13.0,0.0002805912,20.59441,1397391.0,12750420.0,66.9281,20.1212
490.0,821.0,1.0,2.0,863.0,33.0,426.0,66.0,540.0,68.0,542.0,18.0,635.0,87.0,0.0001267745,17.4483,3383769.0,16295760.0,76.275,42.0761
707.0,762.0,2.0,1.0,796.0,91.0,931.0,21.0,715.0,27.0,135.0,36.0,915.0,24.0,8.410767e-05,49.10299,98416.24,19841090.0,70.2455,22.6275
478.0,864.0,1.0,2.0,656.0,13.0,113.0,23.0,131.0,14.0,528.0,26.0,190.0,25.0,6.858434e-05,32.61586,898000.8,25358040.0,75.9317,39.9349
522.0,842.0,1.0,2.0,478.0,30.0,538.0,46.0,580.0,59.0,350.0,91.0,993.0,82.0,9.581026e-05,63.19465,40642.28,48044980.0,70.7921,32.9827
710.0,829.0,1.0,2.0,900.0,89.0,752.0,29.0,734.0,18.0,592.0,81.0,927.0,77.0,8.807469e-05,66.76172,16783.42,39459980.0,70.2734,31.2613
776.0,625.0,1.0,1.0,180.0,12.0,696.0,4.0,204.0,3.0,386.0,82.0,961.0,60.0,0.0002517015,36.91007,370846.0,19841090.0,93.3776,32.2128
702.0,847.0,2.0,2.0,901.0,84.0,822.0,24.0,729.0,18.0,523.0,79.0,970.0,81.0,6.01421e-05,63.81442,10785.12,10472090.0,85.1645,47.4063
796.0,700.0,1.0,1.0,383.0,5.0,506.0,73.0,876.0,9.0,560.0,46.0,822.0,39.0,0.0001449647,42.42463,153147.4,19841090.0,81.464,31.0311
268.0,860.0,1.0,1.0,372.0,15.0,934.0,15.0,925.0,68.0,155.0,86.0,665.0,23.0,2.231077e-05,58.47245,16783.42,10472090.0,60.4192,18.5487
697.0,854.0,2.0,1.0,901.0,85.0,823.0,28.0,715.0,18.0,520.0,83.0,971.0,81.0,5.728674e-05,66.80281,6930.448,10472090.0,75.7258,22.5517
364.0,858.0,3.0,1.0,953.0,74.0,865.0,22.0,355.0,87.0,316.0,92.0,804.0,21.0,2.251664e-05,55.16996,10785.12,5265529.0,61.5792,10.7481
754.0,874.0,1.0,6.0,969.0,7.0,965.0,56.0,308.0,58.0,153.0,32.0,700.0,17.0,2.171225e-05,56.01857,26117.46,10472090.0,64.0934,24.3539
541.0,472.0,1.0,2.0,584.0,22.0,175.0,82.0,786.0,7.0,634.0,61.0,157.0,78.0,0.003697356,25.32887,5265528.0,148689600.0,57.7404,9.4099
265.0,784.0,1.0,1.0,329.0,18.0,976.0,18.0,879.0,74.0,168.0,93.0,610.0,20.0,6.9448e-05,59.6961,40642.28,25358040.0,63.073,30.3101
731.0,901.0,1.0,1.0,903.0,91.0,821.0,25.0,735.0,26.0,478.0,83.0,971.0,75.0,2.112707e-05,58.53106,10785.12,8193759.0,60.3969,14.9764
498.0,895.0,5.0,5.0,273.0,82.0,872.0,76.0,343.0,88.0,783.0,84.0,417.0,20.0,2.744711e-05,53.45909,16783.42,5265529.0,81.5711,28.9066
580.0,578.0,4.0,1.0,813.0,22.0,687.0,95.0,965.0,74.0,551.0,92.0,362.0,2.0,0.0003295182,8.147172,1397391.0,2779135.0,60.7754,13.5553
488.0,912.0,2.0,3.0,603.0,13.0,101.0,27.0,461.0,20.0,542.0,65.0,299.0,63.0,5.416629e-05,60.74359,16783.42,12750420.0,89.8837,35.1977
366.0,830.0,1.0,1.0,398.0,12.0,933.0,11.0,844.0,76.0,147.0,92.0,751.0,21.0,2.821509e-05,57.07087,16783.42,10472090.0,63.5808,21.5036
756.0,913.0,1.0,3.0,223.0,67.0,521.0,63.0,829.0,26.0,535.0,87.0,100.0,43.0,5.828242e-05,53.68137,63244.55,25358040.0,78.2578,28.8574
656.0,810.0,1.0,2.0,938.0,67.0,842.0,14.0,582.0,43.0,324.0,96.0,154.0,5.0,4.160866e-05,60.5403,26117.46,19841090.0,62.5978,22.2159
754.0,275.0,1.0,1.0,914.0,7.0,946.0,53.0,162.0,72.0,173.0,36.0,676.0,1.0,3.9652e-05,30.91569,577079.0,12750420.0,74.3013,20.6143
755.0,856.0,1.0,6.0,946.0,11.0,982.0,62.0,321.0,58.0,243.0,32.0,716.0,17.0,3.086874e-05,56.73284,26117.46,16295760.0,68.9578,32.0988
715.0,626.0,5.0,1.0,214.0,82.0,611.0,23.0,222.0,43.0,300.0,74.0,921.0,21.0,0.0002822258,60.65221,40642.28,61404200.0,120.387,23.9678
968.0,568.0,2.0,4.0,365.0,53.0,743.0,91.0,997.0,13.0,838.0,36.0,856.0,13.0,3.730227e-05,31.80879,153147.4,4324649.0,97.8244,20.9556
367.0,838.0,1.0,1.0,398.0,18.0,936.0,13.0,879.0,75.0,149.0,91.0,665.0,22.0,2.9275e-05,57.68002,16783.42,10472090.0,62.1625,21.3068
704.0,725.0,9.0,1.0,329.0,15.0,868.0,15.0,645.0,90.0,354.0,73.0,397.0,8.0,7.10013e-05,41.68631,40642.28,4324649.0,86.7013,47.2259
483.0,713.0,3.0,3.0,594.0,9.0,252.0,33.0,487.0,14.0,585.0,26.0,201.0,74.0,0.0004026786,14.68857,1397391.0,6729644.0,54.4115,12.9431
275.0,886.0,2.0,3.0,924.0,60.0,716.0,14.0,602.0,44.0,631.0,90.0,112.0,10.0,1.746875e-05,47.7724,16783.42,4324649.0,83.2524,49.2669
737.0,372.0,1.0,1.0,992.0,11.0,995.0,68.0,150.0,72.0,639.0,30.0,798.0,1.0,5.232043e-05,27.16841,898000.8,19841090.0,47.8905,10.5792
622.0,762.0,1.0,2.0,997.0,62.0,738.0,7.0,610.0,39.0,363.0,97.0,218.0,4.0,4.569282e-05,61.89012,26117.46,19841090.0,65.7108,28.0016
741.0,960.0,1.0,1.0,271.0,70.0,522.0,57.0,919.0,16.0,726.0,45.0,102.0,50.0,1.773781e-05,49.91255,26117.46,8193759.0,66.7136,16.7154
706.0,715.0,1.0,1.0,793.0,76.0,966.0,20.0,654.0,34.0,171.0,37.0,475.0,17.0,0.0001380588,56.03873,98416.24,61404200.0,71.5266,55.8584
389.0,535.0,8.0,2.0,426.0,15.0,797.0,39.0,472.0,44.0,686.0,15.0,386.0,2.0,0.000414701,56.11761,40642.28,19841090.0,100.431,34.0868
245.0,853.0,5.0,3.0,588.0,83.0,880.0,73.0,414.0,93.0,819.0,90.0,807.0,22.0,5.447569e-05,64.5096,6930.448,10472090.0,63.3737,16.1798
928.0,749.0,1.0,1.0,787.0,92.0,869.0,21.0,752.0,40.0,166.0,35.0,996.0,21.0,3.98997e-05,40.91655,153147.4,16295760.0,60.7165,21.5091
673.0,347.0,4.0,1.0,218.0,77.0,543.0,7.0,223.0,1.0,744.0,81.0,999.0,94.0,0.001974898,56.76795,63244.55,560278700.0,66.4944,15.8407
888.0,771.0,1.0,1.0,731.0,92.0,887.0,11.0,591.0,43.0,140.0,27.0,896.0,19.0,2.890545e-05,36.10955,238315.2,12750420.0,61.8384,18.1537
347.0,405.0,3.0,1.0,805.0,91.0,778.0,99.0,972.0,33.0,850.0,12.0,347.0,4.0,0.001623429,22.82837,5265528.0,74763430.0,58.1492,27.6208
731.0,280.0,1.0,1.0,979.0,7.0,964.0,66.0,178.0,73.0,611.0,29.0,779.0,1.0,3.805022e-05,23.44219,898000.8,10472090.0,64.4815,15.6123
465.0,887.0,4.0,3.0,507.0,86.0,790.0,61.0,617.0,70.0,376.0,50.0,936.0,40.0,3.107272e-05,63.63956,6930.448,8193759.0,65.7108,14.4938
358.0,971.0,1.0,1.0,395.0,58.0,400.0,62.0,604.0,33.0,735.0,59.0,103.0,41.0,1.351489e-05,48.22977,40642.28,8193759.0,63.2916,15.5203
612.0,737.0,1.0,2.0,941.0,64.0,788.0,19.0,610.0,37.0,403.0,86.0,218.0,4.0,9.450062e-05,30.96612,898000.8,25358040.0,57.5162,27.453
238.0,818.0,2.0,2.0,873.0,68.0,833.0,20.0,600.0,92.0,203.0,88.0,113.0,7.0,5.108909e-05,53.00135,40642.28,12750420.0,85.6529,49.3076
404.0,912.0,1.0,3.0,599.0,15.0,112.0,33.0,449.0,20.0,530.0,66.0,201.0,65.0,7.041479e-05,59.39868,40642.28,30874990.0,85.0256,29.1998
491.0,804.0,1.0,2.0,866.0,31.0,524.0,40.0,551.0,62.0,348.0,75.0,988.0,82.0,0.0001511355,56.8252,98416.24,61404200.0,85.4033,34.9605
323.0,810.0,1.0,1.0,399.0,14.0,937.0,18.0,882.0,70.0,171.0,89.0,622.0,27.0,5.860079e-05,58.92455,26117.46,19841090.0,66.3959,30.8324
305.0,749.0,1.0,1.0,932.0,71.0,572.0,8.0,602.0,45.0,162.0,83.0,184.0,8.0,9.915619e-05,58.15201,63244.55,30874990.0,74.0977,50.9543
754.0,288.0,1.0,1.0,979.0,6.0,947.0,56.0,161.0,74.0,611.0,52.0,824.0,1.0,2.878127e-05,26.3991,577079.0,10472090.0,68.7367,17.3906
509.0,719.0,8.0,1.0,678.0,71.0,325.0,22.0,362.0,61.0,754.0,96.0,796.0,23.0,0.0002379622,64.30048,16783.42,19841090.0,94.7219,30.7631
698.0,802.0,2.0,1.0,917.0,99.0,822.0,33.0,529.0,8.0,465.0,70.0,943.0,83.0,0.0001383553,30.72685,370846.0,10472090.0,83.6961,37.5571
467.0,864.0,1.0,2.0,887.0,30.0,522.0,47.0,531.0,59.0,396.0,17.0,994.0,85.0,4.105284e-05,21.60733,898000.8,10472090.0,61.2639,45.7487
777.0,679.0,1.0,1.0,251.0,66.0,405.0,74.0,604.0,30.0,546.0,49.0,110.0,46.0,0.0005483962,24.15037,5265528.0,74763430.0,54.9399,16.7915
497.0,899.0,1.0,1.0,498.0,1.0,788.0,60.0,423.0,65.0,261.0,48.0,341.0,38.0,2.872023e-05,35.95484,153147.4,6729644.0,77.1142,21.5447
671.0,625.0,8.0,1.0,429.0,70.0,635.0,7.0,200.0,3.0,763.0,82.0,958.0,92.0,0.0003338286,33.74328,153147.4,5265529.0,109.14,22.4126
530.0,913.0,1.0,3.0,587.0,16.0,112.0,24.0,374.0,18.0,467.0,49.0,317.0,22.0,2.855346e-05,26.71814,577079.0,8193759.0,45.0019,12.18
750.0,252.0,1.0,1.0,942.0,6.0,999.0,56.0,323.0,74.0,570.0,44.0,796.0,17.0,3.305205e-05,6.599829,898000.8,1397392.0,86.2213,35.6976
328.0,391.0,3.0,1.0,812.0,14.0,793.0,95.0,969.0,41.0,866.0,12.0,347.0,2.0,0.0006388713,46.00573,238315.2,39459980.0,61.3831,14.03
748.0,955.0,1.0,4.0,336.0,68.0,400.0,72.0,626.0,42.0,530.0,64.0,102.0,44.0,2.072104e-05,50.05968,40642.28,12750420.0,69.6249,30.2951
754.0,856.0,1.0,6.0,996.0,11.0,924.0,56.0,343.0,50.0,198.0,31.0,749.0,14.0,2.868291e-05,58.30039,26117.46,16295760.0,60.6833,29.5237
280.0,839.0,1.0,1.0,349.0,31.0,485.0,52.0,912.0,36.0,530.0,48.0,503.0,54.0,0.0001271092,62.56411,63244.55,61404200.0,52.8643,21.077
208.0,876.0,1.0,1.0,885.0,64.0,654.0,15.0,603.0,36.0,307.0,86.0,206.0,15.0,2.586039e-05,55.95554,26117.46,10472090.0,66.3059,17.436
306.0,404.0,4.0,1.0,807.0,91.0,738.0,99.0,592.0,46.0,849.0,12.0,357.0,4.0,0.001752265,40.168,1397391.0,95551890.0,67.8354,28.7158
439.0,885.0,3.0,3.0,506.0,83.0,857.0,64.0,631.0,66.0,365.0,49.0,944.0,37.0,3.12354e-05,64.03144,6930.448,10472090.0,58.509,12.5242
563.0,207.0,4.0,3.0,612.0,40.0,732.0,34.0,481.0,88.0,828.0,65.0,180.0,15.0,0.0005531857,16.19496,2174500.0,16295760.0,643.7,1.8305
370.0,970.0,1.0,1.0,356.0,58.0,401.0,76.0,575.0,36.0,546.0,44.0,103.0,47.0,1.474987e-05,47.70304,63244.55,10472090.0,63.9615,15.8103
755.0,856.0,1.0,5.0,978.0,11.0,980.0,62.0,192.0,58.0,180.0,32.0,799.0,16.0,2.913537e-05,55.12291,40642.28,16295760.0,59.3662,23.3598
758.0,638.0,1.0,1.0,680.0,86.0,948.0,16.0,722.0,17.0,187.0,37.0,913.0,20.0,0.0001735819,43.25487,577079.0,61404200.0,73.4801,54.9601
558.0,836.0,1.0,3.0,995.0,64.0,808.0,11.0,614.0,33.0,387.0,87.0,213.0,4.0,2.047649e-05,46.56743,63244.55,10472090.0,54.0149,14.8732
448.0,897.0,2.0,2.0,487.0,12.0,133.0,31.0,466.0,21.0,541.0,66.0,173.0,67.0,8.254839e-05,54.11753,40642.28,16295760.0,94.5563,34.3939
290.0,830.0,1.0,2.0,321.0,17.0,552.0,74.0,570.0,41.0,726.0,85.0,570.0,53.0,0.0001586321,46.02611,370846.0,74763430.0,63.623,21.3625
714.0,431.0,3.0,1.0,173.0,14.0,628.0,12.0,225.0,43.0,387.0,82.0,690.0,48.0,0.0002019627,19.15187,1397391.0,12750420.0,122.097,16.0794
478.0,912.0,1.0,3.0,565.0,16.0,150.0,32.0,190.0,8.0,539.0,66.0,253.0,59.0,5.600155e-05,36.39093,370846.0,16295760.0,81.0732,34.6833
709.0,392.0,2.0,1.0,712.0,53.0,788.0,20.0,125.0,43.0,217.0,37.0,929.0,58.0,0.0002137419,16.59685,3383769.0,16295760.0,125.635,21.9239
368.0,808.0,1.0,1.0,372.0,15.0,984.0,19.0,923.0,70.0,164.0,93.0,597.0,29.0,6.498112e-05,58.88982,40642.28,19841090.0,67.3475,36.5676
582.0,641.0,8.0,7.0,521.0,59.0,112.0,93.0,444.0,19.0,141.0,19.0,162.0,29.0,0.002036637,27.92796,1397391.0,2111192000.0,-9.08359,-4.53481
529.0,895.0,3.0,1.0,611.0,80.0,890.0,74.0,287.0,88.0,325.0,81.0,402.0,17.0,2.700126e-05,59.99455,10785.12,10472090.0,31.7677,3.9371
622.0,886.0,1.0,2.0,987.0,64.0,825.0,13.0,601.0,44.0,175.0,89.0,180.0,16.0,2.128176e-05,51.31674,26117.46,6729644.0,74.0522,28.2789
727.0,433.0,1.0,1.0,235.0,14.0,628.0,13.0,199.0,1.0,387.0,82.0,623.0,48.0,0.001254807,24.23624,2174500.0,30874990.0,110.6,21.2484
528.0,830.0,5.0,6.0,613.0,83.0,317.0,25.0,397.0,90.0,831.0,83.0,807.0,15.0,6.017285e-05,65.52648,6930.448,25358040.0,96.7451,22.0893
331.0,370.0,8.0,1.0,149.0,15.0,776.0,93.0,652.0,43.0,333.0,15.0,399.0,84.0,0.00187641,9.027069,5265528.0,12750420.0,153.222,25.6773
324.0,803.0,6.0,5.0,482.0,83.0,185.0,71.0,173.0,73.0,153.0,29.0,880.0,19.0,0.0003327294,19.19187,1397391.0,95551890.0,66.5037,21.8655
528.0,833.0,6.0,1.0,254.0,81.0,845.0,78.0,314.0,88.0,309.0,75.0,380.0,23.0,9.522366e-05,58.09935,26117.46,12750420.0,75.0626,17.8774
703.0,900.0,1.0,1.0,903.0,91.0,822.0,25.0,708.0,18.0,519.0,84.0,980.0,79.0,2.285743e-05,63.11328,6930.448,8193759.0,62.0444,15.3485
725.0,754.0,2.0,1.0,430.0,72.0,616.0,9.0,240.0,2.0,269.0,30.0,933.0,31.0,9.140043e-05,23.53536,577079.0,5265529.0,83.5279,42.8217
393.0,831.0,2.0,3.0,523.0,83.0,865.0,59.0,590.0,71.0,319.0,49.0,932.0,34.0,7.306181e-05,63.66955,26117.46,30874990.0,79.7858,36.4068
527.0,716.0,6.0,1.0,597.0,83.0,301.0,22.0,357.0,92.0,311.0,90.0,804.0,13.0,0.0002212296,26.32499,898000.8,12750420.0,72.3438,22.6176
474.0,892.0,1.0,2.0,964.0,30.0,521.0,40.0,492.0,45.0,305.0,74.0,997.0,85.0,3.745255e-05,61.59751,16783.42,19841090.0,63.139,19.8824
319.0,877.0,4.0,5.0,593.0,74.0,308.0,71.0,339.0,88.0,333.0,89.0,368.0,23.0,8.226724e-05,31.32394,370846.0,16295760.0,94.4312,21.1641
752.0,956.0,4.0,3.0,245.0,67.0,535.0,75.0,925.0,15.0,679.0,43.0,110.0,42.0,2.169141e-05,54.48902,6930.448,2779135.0,83.3141,28.9397
491.0,908.0,2.0,1.0,505.0,14.0,147.0,32.0,467.0,13.0,465.0,65.0,163.0,67.0,8.05465e-05,58.71045,16783.42,12750420.0,83.7862,35.0015
433.0,797.0,1.0,3.0,788.0,19.0,950.0,16.0,878.0,81.0,386.0,93.0,531.0,26.0,5.709296e-05,40.71732,153147.4,16295760.0,80.0837,47.6955
332.0,809.0,1.0,1.0,384.0,15.0,973.0,14.0,809.0,75.0,386.0,91.0,629.0,30.0,4.336569e-05,36.85462,238315.2,12750420.0,67.8196,32.3715
503.0,899.0,1.0,3.0,498.0,3.0,788.0,60.0,434.0,65.0,261.0,48.0,294.0,38.0,2.961726e-05,36.62863,153147.4,10472090.0,80.2557,42.5174
698.0,798.0,1.0,2.0,921.0,99.0,823.0,37.0,537.0,50.0,465.0,83.0,936.0,84.0,0.0001076669,37.53578,577079.0,39459980.0,77.1387,29.8527
753.0,900.0,1.0,1.0,190.0,68.0,854.0,57.0,942.0,13.0,536.0,47.0,829.0,44.0,2.425544e-05,22.08353,577079.0,5265529.0,31.2313,6.16755
276.0,796.0,1.0,3.0,879.0,67.0,830.0,14.0,478.0,98.0,179.0,87.0,113.0,10.0,5.275237e-05,36.05385,370846.0,19841090.0,91.4741,46.7288
331.0,839.0,1.0,2.0,318.0,9.0,521.0,68.0,585.0,41.0,724.0,85.0,496.0,48.0,0.0001354697,55.10576,98416.24,61404200.0,67.4518,24.1617
520.0,833.0,6.0,1.0,638.0,76.0,886.0,76.0,332.0,85.0,791.0,83.0,374.0,21.0,7.747223e-05,36.21355,153147.4,8193759.0,67.8011,13.3916
755.0,347.0,7.0,9.0,628.0,70.0,722.0,81.0,630.0,72.0,922.0,88.0,181.0,88.0,0.0004098441,7.866484,898000.8,1785947.0,33.2036,13.8526
599.0,617.0,8.0,1.0,422.0,64.0,986.0,13.0,908.0,58.0,816.0,15.0,966.0,84.0,8.432625e-05,9.753823,370846.0,737540.9,103.01,54.0047
331.0,842.0,1.0,2.0,256.0,10.0,481.0,63.0,909.0,33.0,534.0,87.0,500.0,36.0,0.0001144899,16.87596,2174500.0,10472090.0,59.7965,26.6961
696.0,762.0,2.0,1.0,188.0,6.0,620.0,9.0,237.0,41.0,327.0,86.0,946.0,17.0,5.080038e-05,50.34629,40642.28,12750420.0,76.6889,20.3723
731.0,720.0,2.0,1.0,757.0,89.0,800.0,21.0,697.0,37.0,167.0,20.0,905.0,17.0,0.000107116,64.74207,26117.46,39459980.0,63.4378,20.1247
618.0,752.0,1.0,2.0,931.0,66.0,821.0,7.0,691.0,45.0,150.0,88.0,198.0,5.0,6.057074e-05,60.03,26117.46,19841090.0,74.8876,52.8406
615.0,890.0,1.0,1.0,955.0,63.0,800.0,13.0,606.0,43.0,179.0,76.0,155.0,4.0,9.985897e-06,51.77108,16783.42,5265529.0,45.4674,9.67816
488.0,921.0,1.0,2.0,956.0,30.0,587.0,34.0,494.0,57.0,338.0,81.0,989.0,84.0,1.773349e-05,54.59078,26117.46,10472090.0,60.162,15.0996
673.0,818.0,1.0,6.0,942.0,87.0,994.0,55.0,323.0,76.0,243.0,39.0,796.0,17.0,6.196308e-05,61.42173,63244.55,61404200.0,66.2292,25.4216
493.0,887.0,1.0,1.0,599.0,15.0,112.0,24.0,449.0,21.0,530.0,67.0,190.0,63.0,8.555542e-05,54.14384,63244.55,30874990.0,75.535,29.7111
491.0,820.0,1.0,2.0,866.0,31.0,524.0,39.0,552.0,64.0,348.0,20.0,988.0,82.0,7.218343e-05,22.89665,1397391.0,16295760.0,76.2019,52.8486
330.0,673.0,1.0,1.0,500.0,11.0,201.0,71.0,177.0,51.0,126.0,27.0,956.0,15.0,0.000729813,7.8412,19841090.0,30874990.0,65.2189,37.883
393.0,854.0,4.0,3.0,509.0,86.0,804.0,64.0,586.0,71.0,281.0,44.0,882.0,38.0,5.86296e-05,63.03052,10785.12,12750420.0,88.8823,41.5945
367.0,800.0,2.0,1.0,633.0,14.0,948.0,15.0,862.0,70.0,369.0,93.0,608.0,27.0,5.654005e-05,45.92132,63244.55,8193759.0,78.5927,41.426
694.0,735.0,2.0,1.0,188.0,67.0,620.0,10.0,237.0,41.0,327.0,86.0,939.0,17.0,7.45869e-05,57.79063,40642.28,25358040.0,72.4115,20.9145
219.0,298.0,2.0,2.0,643.0,12.0,621.0,39.0,658.0,93.0,602.0,59.0,315.0,37.0,0.0008860759,12.59416,5265528.0,19841090.0,121.684,17.1806
727.0,699.0,1.0,3.0,272.0,15.0,269.0,67.0,824.0,10.0,555.0,82.0,808.0,58.0,0.0004216229,13.30484,3383769.0,12750420.0,23.1388,5.74523
306.0,391.0,3.0,1.0,812.0,91.0,778.0,99.0,610.0,40.0,849.0,10.0,347.0,4.0,0.001719792,35.8047,2174500.0,116340400.0,55.7921,27.1004
393.0,853.0,4.0,3.0,509.0,75.0,823.0,64.0,612.0,68.0,388.0,52.0,916.0,38.0,5.815874e-05,64.25706,10785.12,12750420.0,87.188,38.4435
540.0,925.0,1.0,3.0,591.0,11.0,112.0,27.0,156.0,10.0,529.0,56.0,221.0,24.0,2.751042e-05,25.8592,577079.0,8193759.0,56.0592,15.642
508.0,739.0,3.0,1.0,900.0,83.0,295.0,69.0,372.0,93.0,754.0,89.0,799.0,22.0,0.0004859104,22.98999,2174500.0,30874990.0,51.2668,19.5272
734.0,899.0,1.0,1.0,856.0,95.0,821.0,27.0,734.0,18.0,508.0,83.0,971.0,75.0,2.349798e-05,65.53066,6930.448,10472090.0,59.5112,14.389
455.0,945.0,1.0,3.0,589.0,15.0,122.0,27.0,150.0,16.0,525.0,49.0,255.0,56.0,2.170607e-05,52.05834,40642.28,12750420.0,68.8531,23.4255
467.0,887.0,4.0,2.0,598.0,15.0,115.0,33.0,466.0,13.0,532.0,27.0,174.0,29.0,7.951643e-05,58.75856,16783.42,10472090.0,88.5155,44.3537
732.0,758.0,2.0,1.0,207.0,77.0,499.0,11.0,252.0,37.0,323.0,85.0,988.0,17.0,6.817486e-05,58.57515,40642.28,25358040.0,62.2366,13.9733
709.0,638.0,2.0,1.0,424.0,14.0,515.0,9.0,288.0,1.0,318.0,90.0,971.0,18.0,0.0001490065,-0.396668,-10.0,-10.0,91.2426,37.7196
393.0,854.0,4.0,3.0,509.0,85.0,813.0,64.0,600.0,74.0,281.0,49.0,894.0,38.0,5.832419e-05,62.82448,10785.12,12750420.0,88.3415,40.9945
493.0,912.0,1.0,2.0,599.0,15.0,112.0,27.0,450.0,20.0,530.0,66.0,209.0,61.0,5.659777e-05,58.32695,40642.28,25358040.0,75.7986,33.2864
291.0,729.0,1.0,2.0,926.0,63.0,810.0,16.0,601.0,43.0,261.0,88.0,202.0,10.0,0.0001528183,59.467,63244.55,61404200.0,92.1218,38.5001
208.0,806.0,5.0,1.0,536.0,89.0,719.0,26.0,137.0,52.0,797.0,45.0,725.0,25.0,4.417685e-05,19.86166,370846.0,4324649.0,69.3519,13.6727
510.0,887.0,3.0,3.0,658.0,13.0,101.0,27.0,459.0,23.0,541.0,62.0,317.0,68.0,8.271428e-05,59.23017,16783.42,12750420.0,105.512,30.5709
334.0,356.0,6.0,9.0,296.0,30.0,519.0,81.0,347.0,23.0,986.0,32.0,479.0,51.0,0.002164832,15.45387,5265528.0,560278700.0,57.5324,15.4753
543.0,894.0,1.0,3.0,624.0,12.0,122.0,20.0,156.0,13.0,528.0,54.0,201.0,24.0,4.28239e-05,56.80666,40642.28,19841090.0,74.2468,36.583
623.0,737.0,1.0,2.0,976.0,64.0,788.0,10.0,602.0,36.0,425.0,88.0,194.0,4.0,7.140709e-05,62.961,26117.46,30874990.0,67.4851,36.1072
623.0,809.0,1.0,3.0,994.0,60.0,884.0,8.0,604.0,33.0,374.0,95.0,187.0,4.0,2.681763e-05,60.24105,16783.42,12750420.0,68.0774,26.2139
272.0,849.0,1.0,1.0,385.0,14.0,912.0,15.0,884.0,73.0,171.0,88.0,659.0,16.0,2.202433e-05,57.71981,16783.42,10472090.0,53.661,14.2058
550.0,868.0,5.0,5.0,653.0,73.0,888.0,71.0,293.0,89.0,869.0,83.0,405.0,15.0,3.898888e-05,47.32637,40642.28,6729644.0,91.6551,28.2274
295.0,760.0,1.0,1.0,926.0,66.0,834.0,15.0,594.0,97.0,182.0,84.0,113.0,10.0,8.328955e-05,36.15548,577079.0,25358040.0,76.7915,51.0457
208.0,886.0,1.0,1.0,932.0,65.0,631.0,15.0,601.0,44.0,188.0,99.0,194.0,15.0,2.353578e-05,56.95401,16783.42,10472090.0,66.3248,18.5569
737.0,387.0,1.0,1.0,979.0,16.0,261.0,66.0,214.0,76.0,652.0,45.0,802.0,3.0,8.727722e-05,26.86927,1397391.0,25358040.0,61.6531,18.3422
696.0,746.0,2.0,1.0,202.0,15.0,516.0,11.0,221.0,41.0,323.0,87.0,971.0,18.0,7.620026e-05,59.18817,26117.46,25358040.0,73.2131,20.4548
671.0,257.0,1.0,6.0,494.0,82.0,991.0,64.0,299.0,57.0,213.0,33.0,797.0,1.0,0.0005027477,13.86907,12750420.0,95551890.0,32.7274,11.5539
673.0,768.0,1.0,5.0,536.0,6.0,201.0,29.0,180.0,73.0,646.0,34.0,797.0,22.0,7.642542e-05,16.34471,2174500.0,12750420.0,93.8931,20.1627
474.0,784.0,1.0,1.0,509.0,26.0,934.0,25.0,854.0,65.0,209.0,88.0,603.0,26.0,9.387936e-05,61.98035,40642.28,39459980.0,64.6761,42.8929
682.0,856.0,1.0,6.0,918.0,10.0,981.0,56.0,369.0,58.0,248.0,33.0,794.0,17.0,3.35573e-05,58.73026,26117.46,16295760.0,65.6464,34.7433
888.0,770.0,1.0,1.0,794.0,88.0,909.0,14.0,630.0,44.0,141.0,37.0,964.0,21.0,3.967863e-05,43.66449,153147.4,16295760.0,60.3403,18.2692
320.0,839.0,4.0,3.0,230.0,32.0,545.0,99.0,954.0,20.0,710.0,85.0,525.0,24.0,0.0001350998,4.045788,1397391.0,1147697.0,96.4571,21.7576
719.0,718.0,1.0,1.0,788.0,91.0,878.0,6.0,713.0,42.0,164.0,38.0,974.0,13.0,4.832694e-05,50.06418,98416.24,25358040.0,59.7731,19.0081
773.0,835.0,1.0,2.0,273.0,17.0,506.0,63.0,576.0,43.0,724.0,46.0,843.0,50.0,8.817909e-05,45.50498,370846.0,48044980.0,51.1611,19.236
726.0,628.0,3.0,1.0,204.0,13.0,569.0,12.0,252.0,43.0,278.0,83.0,901.0,27.0,0.0001522396,34.33062,370846.0,16295760.0,101.524,27.5222
565.0,870.0,1.0,3.0,537.0,12.0,113.0,19.0,158.0,14.0,527.0,25.0,215.0,19.0,4.867451e-05,43.1171,238315.2,25358040.0,74.0596,39.7515
463.0,902.0,1.0,2.0,963.0,32.0,564.0,37.0,526.0,56.0,303.0,80.0,997.0,84.0,2.812175e-05,58.67346,26117.46,16295760.0,60.9674,17.6142
770.0,815.0,4.0,1.0,255.0,82.0,705.0,94.0,547.0,43.0,544.0,45.0,492.0,61.0,0.0001662722,36.29846,370846.0,19841090.0,92.0096,31.126
683.0,668.0,2.0,1.0,798.0,89.0,800.0,14.0,786.0,37.0,167.0,35.0,904.0,17.0,0.0001412867,64.07996,26117.46,39459980.0,77.4595,55.2884
489.0,844.0,1.0,1.0,483.0,39.0,573.0,40.0,588.0,59.0,303.0,23.0,997.0,84.0,5.313111e-05,26.84292,898000.8,16295760.0,56.2317,18.0293
724.0,877.0,1.0,1.0,932.0,65.0,837.0,15.0,592.0,44.0,188.0,87.0,173.0,13.0,2.295314e-05,53.59272,26117.46,8193759.0,67.9626,18.6537
224.0,886.0,1.0,1.0,938.0,64.0,654.0,15.0,581.0,42.0,308.0,96.0,212.0,5.0,1.224779e-05,33.00949,153147.4,5265529.0,37.1118,7.23728
791.0,680.0,2.0,1.0,382.0,10.0,506.0,62.0,876.0,28.0,508.0,44.0,798.0,40.0,0.0001292188,33.00298,370846.0,12750420.0,86.6726,34.0485
658.0,754.0,1.0,2.0,888.0,65.0,836.0,10.0,610.0,40.0,345.0,86.0,180.0,4.0,5.935432e-05,61.38633,26117.46,30874990.0,67.9588,42.1098
540.0,925.0,1.0,3.0,591.0,11.0,122.0,20.0,273.0,12.0,543.0,52.0,198.0,27.0,2.546346e-05,58.81715,16783.42,12750420.0,67.0968,21.0342
336.0,391.0,4.0,1.0,773.0,12.0,796.0,98.0,614.0,39.0,841.0,10.0,382.0,4.0,0.0005501318,22.32731,1397391.0,16295760.0,82.3445,37.1781
205.0,643.0,3.0,1.0,637.0,13.0,214.0,10.0,252.0,2.0,335.0,28.0,922.0,25.0,0.0003411465,-5.118758,-10.0,-10.0,96.8576,38.3505
395.0,885.0,3.0,1.0,570.0,84.0,925.0,67.0,610.0,67.0,365.0,47.0,944.0,27.0,2.814619e-05,53.99715,26117.46,10472090.0,16.5192,1.83077
664.0,764.0,1.0,3.0,901.0,66.0,788.0,10.0,606.0,38.0,398.0,97.0,218.0,4.0,5.170328e-05,61.91712,26117.46,25358040.0,67.5945,34.2431
440.0,853.0,3.0,3.0,497.0,81.0,859.0,63.0,716.0,66.0,398.0,47.0,925.0,38.0,5.558147e-05,64.91469,10785.12,16295760.0,79.2838,40.0634
419.0,924.0,1.0,2.0,606.0,11.0,158.0,20.0,156.0,16.0,540.0,65.0,219.0,22.0,2.100913e-05,57.63553,16783.42,12750420.0,57.8741,14.0703
332.0,743.0,2.0,1.0,372.0,15.0,935.0,17.0,903.0,76.0,148.0,93.0,610.0,32.0,0.000141845,56.65758,40642.28,19841090.0,85.2852,51.9878
220.0,886.0,1.0,1.0,926.0,63.0,653.0,15.0,609.0,37.0,216.0,86.0,194.0,13.0,2.137121e-05,58.17578,16783.42,10472090.0,65.0271,16.6945
503.0,925.0,1.0,2.0,748.0,5.0,829.0,63.0,434.0,65.0,251.0,48.0,301.0,38.0,1.862278e-05,48.63557,40642.28,8193759.0,70.0205,18.994
631.0,973.0,5.0,4.0,132.0,40.0,511.0,23.0,686.0,51.0,934.0,84.0,189.0,43.0,6.731051e-06,39.28124,6930.448,577080.0,84.6089,26.7954
276.0,796.0,1.0,3.0,923.0,67.0,818.0,13.0,602.0,92.0,179.0,89.0,113.0,10.0,5.808103e-05,40.69273,238315.2,19841090.0,89.0591,46.8413
647.0,751.0,1.0,3.0,931.0,68.0,834.0,14.0,602.0,46.0,180.0,91.0,180.0,6.0,9.322078e-05,60.97404,40642.28,48044980.0,88.0658,42.0247
582.0,932.0,1.0,3.0,578.0,12.0,132.0,22.0,150.0,30.0,520.0,65.0,201.0,26.0,1.752867e-05,49.35056,40642.28,10472090.0,62.1223,17.1296
441.0,877.0,3.0,3.0,503.0,85.0,804.0,64.0,617.0,74.0,372.0,49.0,939.0,36.0,3.726112e-05,64.12734,10785.12,12750420.0,60.3216,14.8468
698.0,804.0,1.0,6.0,965.0,87.0,944.0,36.0,461.0,52.0,250.0,33.0,760.0,14.0,5.60283e-05,63.16435,40642.28,61404200.0,70.1733,30.4903
275.0,858.0,4.0,5.0,899.0,83.0,310.0,73.0,287.0,94.0,324.0,82.0,792.0,17.0,0.0001010894,17.20967,898000.8,5265529.0,70.0728,25.6721
623.0,833.0,1.0,3.0,994.0,63.0,879.0,8.0,589.0,33.0,351.0,97.0,238.0,4.0,1.715723e-05,60.75004,10785.12,8193759.0,59.9723,17.442
414.0,899.0,2.0,2.0,501.0,77.0,923.0,59.0,588.0,66.0,276.0,49.0,288.0,34.0,2.820707e-05,46.9491,63244.55,10472090.0,73.5411,25.6535
690.0,861.0,1.0,1.0,903.0,91.0,822.0,23.0,708.0,18.0,519.0,88.0,972.0,81.0,4.7409e-05,63.70075,16783.42,16295760.0,65.0508,19.1374
776.0,875.0,1.0,6.0,969.0,7.0,982.0,56.0,305.0,48.0,226.0,32.0,693.0,17.0,1.938664e-05,55.13587,26117.46,10472090.0,66.3026,25.4106
648.0,873.0,1.0,1.0,903.0,96.0,833.0,27.0,708.0,18.0,519.0,83.0,971.0,77.0,3.92159e-05,66.4126,10785.12,16295760.0,60.7821,15.6998
269.0,857.0,6.0,6.0,298.0,83.0,158.0,61.0,291.0,51.0,766.0,74.0,338.0,17.0,0.0001534631,21.3467,898000.8,19841090.0,40.5407,16.0666
767.0,911.0,1.0,2.0,365.0,68.0,456.0,68.0,611.0,14.0,535.0,47.0,159.0,43.0,5.522671e-05,61.30338,26117.46,30874990.0,63.989,22.2694
746.0,747.0,2.0,1.0,440.0,74.0,597.0,22.0,220.0,43.0,319.0,84.0,921.0,23.0,0.0001148657,61.34261,40642.28,39459980.0,70.5277,25.551
315.0,839.0,1.0,3.0,273.0,30.0,472.0,45.0,584.0,43.0,726.0,82.0,505.0,50.0,0.0001086701,58.92409,98416.24,74763430.0,68.156,19.3735
855.0,787.0,2.0,1.0,919.0,97.0,821.0,50.0,749.0,14.0,996.0,70.0,948.0,45.0,0.0001029212,53.74787,63244.55,25358040.0,62.26,18.1162
679.0,595.0,1.0,1.0,173.0,14.0,627.0,11.0,225.0,43.0,790.0,15.0,693.0,48.0,8.81428e-05,0.7169964,5265528.0,1785947.0,84.1912,29.1344
627.0,859.0,2.0,1.0,952.0,94.0,871.0,28.0,557.0,52.0,476.0,82.0,958.0,47.0,3.37881e-05,56.25653,16783.42,10472090.0,64.2089,14.4476
479.0,862.0,1.0,2.0,475.0,31.0,555.0,55.0,591.0,59.0,295.0,87.0,994.0,85.0,7.638257e-05,55.33774,98416.24,39459980.0,64.8377,34.5965
647.0,751.0,1.0,3.0,930.0,68.0,834.0,14.0,602.0,44.0,180.0,95.0,175.0,6.0,9.591313e-05,60.63955,40642.28,48044980.0,88.8248,41.3853
491.0,906.0,1.0,1.0,374.0,26.0,536.0,43.0,563.0,59.0,424.0,16.0,992.0,73.0,1.636356e-05,21.05542,577079.0,5265529.0,39.9647,7.92235
475.0,835.0,1.0,2.0,427.0,35.0,606.0,38.0,493.0,57.0,395.0,77.0,997.0,85.0,8.329732e-05,42.65825,370846.0,39459980.0,75.4767,33.1926
771.0,958.0,1.0,1.0,423.0,67.0,456.0,75.0,604.0,8.0,543.0,47.0,127.0,42.0,2.670147e-05,53.74614,26117.46,10472090.0,55.7384,10.5055
469.0,897.0,1.0,2.0,487.0,12.0,133.0,30.0,123.0,9.0,540.0,62.0,173.0,67.0,8.196803e-05,50.80541,98416.24,30874990.0,87.5775,35.4188
515.0,899.0,1.0,2.0,498.0,3.0,788.0,60.0,434.0,65.0,261.0,48.0,307.0,38.0,2.949506e-05,37.61888,153147.4,10472090.0,75.6065,27.5566
756.0,835.0,1.0,5.0,978.0,11.0,970.0,62.0,176.0,58.0,243.0,33.0,716.0,18.0,3.385973e-05,30.90911,577079.0,12750420.0,78.4881,32.0238
799.0,634.0,1.0,1.0,756.0,78.0,741.0,25.0,790.0,41.0,161.0,37.0,903.0,26.0,0.0001958794,49.66401,370846.0,74763430.0,71.6476,56.7513
693.0,830.0,2.0,2.0,900.0,86.0,823.0,28.0,712.0,18.0,499.0,83.0,971.0,76.0,8.13145e-05,62.13782,16783.42,16295760.0,88.1764,40.6536
226.0,301.0,4.0,2.0,687.0,12.0,616.0,37.0,720.0,50.0,633.0,58.0,316.0,40.0,0.001015354,15.70043,2174500.0,12750420.0,148.554,23.5341
330.0,679.0,8.0,2.0,386.0,79.0,986.0,12.0,908.0,58.0,816.0,5.0,966.0,87.0,4.856197e-05,-2.620097,-10.0,-10.0,109.256,37.2436
733.0,720.0,2.0,1.0,760.0,89.0,893.0,21.0,759.0,39.0,165.0,20.0,905.0,16.0,9.858575e-05,64.66459,26117.46,30874990.0,62.0997,18.1179
718.0,770.0,1.0,1.0,795.0,88.0,898.0,22.0,757.0,39.0,141.0,35.0,994.0,18.0,6.593161e-05,44.41387,238315.2,39459980.0,38.2665,9.95353
723.0,661.0,1.0,1.0,158.0,13.0,606.0,14.0,221.0,41.0,282.0,74.0,960.0,18.0,0.0001393845,46.53929,370846.0,61404200.0,75.589,30.3267
371.0,982.0,1.0,1.0,357.0,66.0,405.0,74.0,604.0,44.0,546.0,49.0,103.0,46.0,1.109352e-05,47.20717,40642.28,8193759.0,62.7763,14.5827
585.0,838.0,1.0,2.0,488.0,30.0,522.0,40.0,492.0,48.0,343.0,87.0,984.0,84.0,9.698103e-05,62.83978,40642.28,48044980.0,76.5809,32.0852
592.0,938.0,1.0,3.0,605.0,11.0,173.0,23.0,172.0,15.0,503.0,49.0,201.0,27.0,1.576631e-05,53.37038,26117.46,8193759.0,65.5985,17.8137
680.0,823.0,1.0,6.0,996.0,86.0,967.0,50.0,251.0,56.0,239.0,36.0,798.0,17.0,5.473442e-05,60.3278,63244.55,48044980.0,69.2295,27.2834
528.0,738.0,5.0,1.0,597.0,83.0,294.0,22.0,405.0,64.0,753.0,83.0,803.0,14.0,0.000183916,32.1462,577079.0,16295760.0,50.7908,9.37907
489.0,863.0,1.0,2.0,922.0,30.0,526.0,47.0,524.0,59.0,427.0,18.0,994.0,77.0,4.119547e-05,22.43435,898000.8,10472090.0,58.6082,24.3328
217.0,886.0,1.0,1.0,932.0,65.0,631.0,15.0,592.0,44.0,188.0,87.0,194.0,15.0,2.286143e-05,55.96418,16783.42,10472090.0,66.3781,17.7184
226.0,392.0,1.0,1.0,981.0,13.0,956.0,71.0,189.0,61.0,150.0,27.0,832.0,14.0,0.0006677942,27.41011,3383769.0,74763430.0,102.125,26.2621
245.0,853.0,5.0,3.0,591.0,82.0,879.0,76.0,417.0,90.0,819.0,90.0,807.0,26.0,5.822802e-05,63.80512,10785.12,10472090.0,73.1677,25.4682
484.0,921.0,1.0,2.0,964.0,27.0,585.0,33.0,424.0,59.0,333.0,79.0,989.0,84.0,1.731944e-05,52.63518,26117.46,8193759.0,61.829,15.458
752.0,856.0,1.0,5.0,977.0,6.0,982.0,56.0,318.0,58.0,226.0,33.0,795.0,17.0,2.388103e-05,52.52861,40642.28,10472090.0,67.819,25.457
439.0,883.0,1.0,2.0,509.0,78.0,859.0,59.0,640.0,66.0,338.0,53.0,951.0,40.0,3.161204e-05,63.7096,26117.46,25358040.0,30.594,7.14937
683.0,733.0,1.0,3.0,897.0,67.0,652.0,9.0,543.0,37.0,386.0,99.0,235.0,4.0,7.144463e-05,51.71253,98416.24,39459980.0,72.9354,29.6032
707.0,634.0,2.0,1.0,796.0,91.0,743.0,20.0,716.0,42.0,167.0,35.0,875.0,24.0,0.0002371548,61.68337,63244.55,61404200.0,90.7731,52.7573
731.0,367.0,1.0,6.0,944.0,12.0,996.0,29.0,144.0,72.0,570.0,34.0,816.0,3.0,5.524024e-05,19.9487,1397391.0,12750420.0,92.5075,16.6338
245.0,851.0,4.0,5.0,588.0,82.0,870.0,73.0,414.0,92.0,819.0,90.0,810.0,22.0,5.682162e-05,64.55408,10785.12,16295760.0,88.9028,22.6018
401.0,228.0,4.0,2.0,370.0,79.0,997.0,51.0,156.0,58.0,996.0,77.0,587.0,47.0,0.001159241,16.01848,5265528.0,148689600.0,11.2683,6.32114
466.0,866.0,1.0,2.0,963.0,34.0,524.0,45.0,493.0,61.0,289.0,16.0,994.0,86.0,3.890697e-05,22.36397,898000.8,10472090.0,63.8903,54.7255
423.0,966.0,1.0,3.0,382.0,60.0,540.0,67.0,604.0,38.0,535.0,46.0,140.0,38.0,1.170243e-05,50.08161,40642.28,8193759.0,61.7938,16.4615
364.0,849.0,4.0,4.0,624.0,83.0,878.0,75.0,382.0,86.0,868.0,83.0,339.0,22.0,6.192133e-05,35.1159,238315.2,10472090.0,108.208,20.8164
926.0,468.0,4.0,8.0,242.0,32.0,321.0,20.0,749.0,73.0,793.0,96.0,398.0,50.0,4.979476e-05,10.10541,238315.2,577080.0,120.368,24.3128
696.0,762.0,2.0,1.0,167.0,8.0,620.0,12.0,236.0,45.0,327.0,85.0,946.0,17.0,5.968535e-05,56.58626,26117.46,16295760.0,72.4695,17.9842
484.0,921.0,1.0,2.0,964.0,30.0,587.0,34.0,494.0,57.0,338.0,81.0,989.0,84.0,1.774043e-05,54.59449,26117.46,10472090.0,60.1703,15.1089
654.0,806.0,1.0,3.0,950.0,67.0,835.0,8.0,583.0,37.0,362.0,87.0,180.0,4.0,2.79247e-05,58.25035,16783.42,12750420.0,67.7902,28.684
627.0,859.0,2.0,1.0,919.0,95.0,871.0,28.0,474.0,52.0,454.0,69.0,944.0,47.0,3.134655e-05,44.45345,63244.55,8193759.0,65.2086,14.5687
681.0,834.0,1.0,6.0,955.0,88.0,967.0,50.0,312.0,54.0,250.0,29.0,796.0,14.0,4.426701e-05,61.69438,40642.28,39459980.0,54.6233,31.4001
799.0,470.0,2.0,1.0,945.0,78.0,778.0,88.0,173.0,44.0,291.0,37.0,547.0,28.0,0.0001979466,20.38133,2174500.0,19841090.0,116.018,17.5622
924.0,746.0,1.0,1.0,795.0,88.0,886.0,7.0,592.0,43.0,140.0,36.0,893.0,20.0,2.526807e-05,32.98522,153147.4,6729644.0,71.7899,35.8927
735.0,553.0,3.0,1.0,435.0,89.0,581.0,7.0,225.0,1.0,756.0,31.0,933.0,94.0,0.0004338131,30.91495,577079.0,16295760.0,109.181,25.3447
530.0,996.0,1.0,3.0,618.0,8.0,165.0,21.0,186.0,19.0,552.0,68.0,212.0,24.0,3.85966e-06,52.06713,6930.448,2779135.0,52.4002,10.5873
743.0,675.0,1.0,1.0,975.0,10.0,987.0,29.0,178.0,56.0,635.0,27.0,828.0,14.0,3.448433e-05,11.6696,1397391.0,4324649.0,73.5869,22.505
702.0,829.0,2.0,1.0,921.0,99.0,823.0,29.0,531.0,53.0,474.0,66.0,934.0,47.0,4.920581e-05,40.40217,153147.4,12750420.0,66.3214,17.1693
330.0,678.0,8.0,2.0,203.0,78.0,986.0,32.0,368.0,58.0,456.0,45.0,933.0,67.0,0.0001756315,21.61808,898000.8,8193759.0,48.1089,17.3576
507.0,842.0,1.0,2.0,380.0,29.0,525.0,49.0,524.0,59.0,311.0,18.0,976.0,85.0,6.493999e-05,24.29704,1397391.0,19841090.0,70.0187,49.1641
288.0,779.0,8.0,2.0,926.0,75.0,999.0,51.0,727.0,56.0,998.0,68.0,966.0,41.0,0.0001153307,39.92835,98416.24,8193759.0,109.238,29.7387
618.0,752.0,1.0,2.0,931.0,59.0,821.0,7.0,691.0,45.0,131.0,88.0,198.0,5.0,6.152145e-05,59.94152,26117.46,19841090.0,75.4105,52.9266
320.0,210.0,2.0,7.0,198.0,32.0,981.0,22.0,916.0,81.0,213.0,95.0,552.0,35.0,0.001716583,39.4975,2174500.0,1356708000.0,-411.09,-1.40647
754.0,936.0,1.0,4.0,326.0,68.0,401.0,61.0,573.0,42.0,723.0,63.0,132.0,39.0,2.332479e-05,49.8908,63244.55,16295760.0,64.1272,25.162
649.0,610.0,1.0,4.0,549.0,14.0,613.0,93.0,654.0,65.0,202.0,75.0,849.0,41.0,0.0004770875,58.43521,153147.4,560278700.0,21.9476,-1.15796
633.0,838.0,2.0,1.0,918.0,95.0,903.0,28.0,525.0,18.0,467.0,67.0,863.0,81.0,7.20404e-05,56.8475,26117.46,12750420.0,80.2903,32.5278
501.0,851.0,2.0,3.0,478.0,82.0,798.0,66.0,616.0,66.0,390.0,49.0,925.0,38.0,6.169615e-05,64.71885,16783.42,25358040.0,69.6282,34.3559
331.0,954.0,1.0,2.0,279.0,62.0,520.0,63.0,585.0,42.0,516.0,85.0,514.0,50.0,1.330171e-05,42.94196,98416.24,8193759.0,33.1203,6.72558
391.0,876.0,3.0,2.0,448.0,78.0,857.0,68.0,618.0,74.0,387.0,45.0,843.0,36.0,3.882724e-05,62.47194,10785.12,12750420.0,53.1525,8.54614
653.0,836.0,1.0,3.0,993.0,66.0,941.0,9.0,613.0,37.0,362.0,96.0,194.0,4.0,1.790116e-05,60.01553,10785.12,8193759.0,61.5434,17.7548
531.0,313.0,6.0,7.0,559.0,84.0,495.0,59.0,416.0,66.0,375.0,98.0,998.0,3.0,0.001144429,0.7355312,3383769.0,898001.8,7.50057,3.99215
544.0,910.0,1.0,2.0,590.0,15.0,112.0,31.0,148.0,21.0,528.0,66.0,173.0,27.0,4.413852e-05,55.66987,40642.28,25358040.0,60.7473,18.9441
573.0,784.0,1.0,2.0,268.0,31.0,493.0,45.0,620.0,61.0,378.0,90.0,997.0,84.0,0.0002254152,62.76169,98416.24,181038800.0,73.7142,21.2636
678.0,824.0,1.0,4.0,536.0,15.0,194.0,65.0,179.0,73.0,646.0,39.0,802.0,3.0,0.0001224339,8.221007,5265528.0,12750420.0,-48.6476,-7.40566
698.0,864.0,1.0,1.0,903.0,91.0,821.0,27.0,724.0,18.0,542.0,84.0,969.0,77.0,4.614827e-05,66.78919,10785.12,19841090.0,60.9232,16.8866
306.0,394.0,2.0,3.0,737.0,91.0,798.0,64.0,613.0,26.0,849.0,12.0,304.0,3.0,0.001291449,43.71617,1397391.0,438383300.0,40.5388,14.7316
709.0,823.0,1.0,2.0,899.0,93.0,753.0,25.0,734.0,16.0,592.0,83.0,978.0,77.0,8.954698e-05,64.55151,26117.46,30874990.0,71.692,31.1674
694.0,900.0,1.0,1.0,903.0,91.0,822.0,25.0,708.0,18.0,519.0,83.0,980.0,79.0,2.283994e-05,62.93998,6930.448,10472090.0,62.0667,15.359
585.0,841.0,1.0,2.0,450.0,31.0,477.0,46.0,625.0,59.0,390.0,81.0,982.0,84.0,0.0001020922,63.91672,40642.28,61404200.0,69.2042,32.5106
324.0,790.0,1.0,1.0,374.0,15.0,943.0,26.0,881.0,68.0,148.0,92.0,599.0,32.0,0.0001015211,59.49857,40642.28,30874990.0,69.2538,48.7427
324.0,790.0,1.0,1.0,374.0,15.0,943.0,26.0,873.0,70.0,148.0,92.0,599.0,32.0,0.0001011781,59.62779,40642.28,30874990.0,69.1431,48.679
932.0,604.0,7.0,6.0,773.0,91.0,845.0,25.0,313.0,39.0,446.0,27.0,897.0,62.0,2.501107e-05,6.956003,153147.4,238316.2,144.583,10.4085
487.0,858.0,1.0,2.0,489.0,40.0,492.0,48.0,510.0,59.0,386.0,69.0,997.0,94.0,7.844717e-05,57.81762,63244.55,48044980.0,66.8517,33.6758
493.0,887.0,4.0,3.0,599.0,15.0,155.0,33.0,481.0,21.0,585.0,66.0,177.0,71.0,9.431808e-05,52.32413,26117.46,10472090.0,114.605,28.8265
794.0,332.0,5.0,1.0,711.0,10.0,177.0,44.0,238.0,94.0,409.0,89.0,331.0,25.0,5.31067e-05,4.098345,370846.0,370847.0,96.9622,28.4845
679.0,874.0,1.0,7.0,893.0,2.0,898.0,56.0,305.0,55.0,251.0,33.0,748.0,17.0,1.957842e-05,50.75464,26117.46,6729644.0,74.908,33.408
261.0,856.0,5.0,5.0,899.0,83.0,889.0,22.0,358.0,92.0,313.0,86.0,370.0,15.0,2.527147e-05,46.33609,16783.42,3383770.0,100.295,41.3902
380.0,861.0,1.0,1.0,459.0,11.0,890.0,13.0,834.0,59.0,177.0,89.0,594.0,20.0,2.05715e-05,58.34265,10785.12,8193759.0,64.1261,18.6549
864.0,693.0,1.0,1.0,776.0,91.0,929.0,21.0,721.0,26.0,115.0,34.0,893.0,26.0,0.0001189135,54.28032,98416.24,39459980.0,71.5062,63.0664
597.0,607.0,2.0,9.0,746.0,68.0,625.0,38.0,915.0,82.0,716.0,89.0,117.0,79.0,0.0004981442,15.19038,2174500.0,25358040.0,12.3384,20.4993
866.0,766.0,2.0,5.0,288.0,41.0,801.0,69.0,157.0,77.0,994.0,69.0,521.0,86.0,5.960091e-05,5.729758,1397391.0,1785947.0,12.9704,4.93186
505.0,839.0,1.0,2.0,983.0,31.0,480.0,44.0,625.0,56.0,399.0,82.0,993.0,84.0,0.0001032106,63.50368,40642.28,48044980.0,71.8145,37.7981
752.0,267.0,1.0,1.0,986.0,9.0,953.0,54.0,184.0,74.0,212.0,45.0,764.0,1.0,4.924485e-05,35.75167,370846.0,19841090.0,69.5745,18.1609
726.0,747.0,1.0,1.0,188.0,3.0,602.0,9.0,236.0,36.0,353.0,33.0,951.0,23.0,3.255145e-05,20.81703,898000.8,8193759.0,77.0022,25.4413
689.0,632.0,2.0,1.0,773.0,93.0,730.0,21.0,723.0,43.0,164.0,38.0,883.0,26.0,0.0002683676,64.50241,40642.28,74763430.0,93.5557,51.0418
379.0,794.0,1.0,1.0,441.0,18.0,963.0,18.0,921.0,70.0,216.0,93.0,605.0,20.0,6.140255e-05,61.30928,26117.46,25358040.0,62.1596,26.7433
608.0,793.0,1.0,1.0,879.0,66.0,775.0,11.0,600.0,45.0,205.0,99.0,155.0,5.0,5.13683e-05,60.38307,26117.46,19841090.0,62.3427,18.2938
673.0,551.0,8.0,1.0,450.0,79.0,241.0,7.0,200.0,1.0,765.0,29.0,933.0,94.0,0.0008735778,40.16314,238315.2,19841090.0,136.597,23.2866
673.0,550.0,8.0,1.0,603.0,78.0,245.0,7.0,200.0,1.0,765.0,29.0,701.0,40.0,0.0006563571,35.66825,238315.2,12750420.0,125.018,24.0676
300.0,761.0,1.0,7.0,215.0,15.0,973.0,20.0,881.0,81.0,104.0,96.0,555.0,50.0,0.0001712967,47.42413,238315.2,181038800.0,80.9677,24.4878
493.0,906.0,2.0,3.0,603.0,13.0,142.0,27.0,569.0,20.0,542.0,65.0,318.0,65.0,5.437545e-05,62.30415,10785.12,12750420.0,91.3094,36.6194
667.0,806.0,1.0,6.0,492.0,79.0,997.0,64.0,179.0,58.0,193.0,33.0,798.0,15.0,8.014044e-05,59.49594,98416.24,95551890.0,70.6016,24.3371
730.0,960.0,1.0,4.0,273.0,69.0,522.0,73.0,919.0,16.0,722.0,45.0,102.0,50.0,2.060256e-05,51.72587,26117.46,10472090.0,72.8308,29.9087
696.0,893.0,1.0,1.0,901.0,91.0,822.0,27.0,680.0,18.0,519.0,83.0,971.0,78.0,2.689679e-05,64.77517,6930.448,10472090.0,60.8633,15.1555
332.0,798.0,2.0,1.0,372.0,15.0,935.0,19.0,868.0,76.0,148.0,93.0,652.0,32.0,7.601846e-05,58.42329,16783.42,12750420.0,78.5929,52.0604
752.0,288.0,1.0,1.0,973.0,8.0,945.0,56.0,160.0,74.0,611.0,53.0,764.0,1.0,3.820153e-05,28.30264,577079.0,12750420.0,64.9777,16.3682
489.0,911.0,1.0,1.0,540.0,4.0,760.0,55.0,573.0,72.0,331.0,52.0,310.0,28.0,2.129259e-05,51.12639,40642.28,10472090.0,60.228,13.7774
904.0,634.0,1.0,1.0,799.0,91.0,873.0,21.0,754.0,31.0,100.0,35.0,925.0,24.0,0.0001020654,42.08346,238315.2,25358040.0,73.829,68.5374
543.0,713.0,4.0,1.0,632.0,82.0,871.0,22.0,362.0,92.0,758.0,90.0,803.0,13.0,9.715117e-05,38.42659,238315.2,16295760.0,67.7941,17.2054
680.0,829.0,1.0,6.0,925.0,86.0,966.0,49.0,370.0,54.0,250.0,33.0,792.0,17.0,4.999974e-05,62.32093,40642.28,48044980.0,65.3888,29.7107
783.0,692.0,1.0,1.0,356.0,10.0,507.0,70.0,925.0,14.0,582.0,47.0,862.0,43.0,0.000221586,60.94199,63244.55,48044980.0,75.1093,25.8459
697.0,816.0,2.0,2.0,901.0,85.0,761.0,27.0,744.0,18.0,591.0,82.0,965.0,76.0,0.0001004372,66.72231,10785.12,19841090.0,90.5782,35.2073
371.0,970.0,1.0,1.0,357.0,63.0,405.0,73.0,604.0,38.0,546.0,45.0,103.0,42.0,1.402117e-05,48.33424,40642.28,10472090.0,61.895,14.9542
700.0,766.0,1.0,2.0,873.0,99.0,824.0,35.0,537.0,14.0,516.0,85.0,939.0,82.0,0.000215785,42.13768,577079.0,61404200.0,83.5645,20.3928
725.0,735.0,1.0,1.0,193.0,16.0,595.0,8.0,150.0,44.0,679.0,76.0,906.0,19.0,4.141991e-05,24.8005,898000.8,16295760.0,63.577,19.2676
344.0,857.0,5.0,5.0,261.0,81.0,845.0,72.0,289.0,94.0,323.0,74.0,338.0,17.0,5.781443e-05,56.89562,16783.42,25358040.0,118.943,20.8722
698.0,840.0,1.0,2.0,921.0,99.0,823.0,36.0,537.0,50.0,465.0,83.0,936.0,84.0,6.231646e-05,39.32923,370846.0,25358040.0,68.4723,39.268
726.0,742.0,2.0,1.0,202.0,22.0,598.0,9.0,230.0,43.0,338.0,75.0,758.0,31.0,5.966859e-05,27.49489,577079.0,10472090.0,88.2155,39.9215
492.0,912.0,1.0,1.0,621.0,11.0,134.0,21.0,165.0,23.0,529.0,52.0,201.0,24.0,2.653097e-05,51.42693,63244.55,16295760.0,57.3806,12.9362
501.0,852.0,2.0,3.0,479.0,1.0,798.0,63.0,611.0,65.0,390.0,49.0,968.0,38.0,5.144666e-05,54.41122,16783.42,6729644.0,84.8519,38.5958
536.0,829.0,1.0,6.0,613.0,82.0,311.0,25.0,412.0,90.0,822.0,80.0,806.0,15.0,6.16757e-05,65.6077,40642.28,39459980.0,35.1983,16.1072
369.0,969.0,1.0,1.0,214.0,64.0,405.0,73.0,604.0,44.0,546.0,50.0,103.0,47.0,1.435536e-05,45.20214,63244.55,10472090.0,63.3186,16.1271
663.0,900.0,1.0,1.0,903.0,91.0,822.0,27.0,708.0,5.0,519.0,83.0,969.0,80.0,2.469274e-05,23.7591,153147.4,2174501.0,63.3914,15.6136
518.0,938.0,1.0,4.0,216.0,12.0,446.0,6.0,539.0,94.0,454.0,59.0,978.0,53.0,5.509261e-06,39.98198,26117.46,1785947.0,71.1035,24.7869
544.0,863.0,4.0,2.0,564.0,15.0,113.0,32.0,221.0,50.0,536.0,26.0,190.0,21.0,6.948591e-05,22.32631,577079.0,5265529.0,88.5908,41.5094
747.0,746.0,1.0,1.0,218.0,15.0,622.0,1.0,209.0,41.0,321.0,76.0,730.0,18.0,1.571254e-05,22.76953,238315.2,2174501.0,84.7706,40.6446
396.0,867.0,3.0,3.0,509.0,82.0,852.0,64.0,590.0,68.0,287.0,51.0,936.0,37.0,4.442915e-05,61.47723,16783.42,12750420.0,71.1928,29.9456
527.0,727.0,6.0,1.0,631.0,83.0,891.0,22.0,406.0,99.0,753.0,98.0,805.0,13.0,8.683226e-05,40.54087,98416.24,10472090.0,71.4281,16.5513
760.0,520.0,8.0,7.0,473.0,53.0,581.0,97.0,964.0,27.0,478.0,71.0,814.0,81.0,0.0009544454,41.85006,238315.2,560278700.0,0.0,0.0
493.0,799.0,1.0,2.0,836.0,38.0,493.0,44.0,531.0,62.0,340.0,92.0,990.0,84.0,0.0001844056,62.54184,63244.55,95551890.0,84.9836,27.4121
698.0,856.0,1.0,2.0,906.0,85.0,823.0,27.0,709.0,18.0,526.0,83.0,971.0,82.0,5.480109e-05,65.90091,10785.12,19841090.0,69.9445,32.0481
569.0,527.0,7.0,7.0,521.0,72.0,985.0,31.0,135.0,83.0,917.0,86.0,850.0,69.0,0.0002929556,13.32008,1397391.0,39459980.0,432.799,682.572
290.0,752.0,1.0,2.0,932.0,71.0,572.0,9.0,548.0,46.0,204.0,88.0,195.0,8.0,9.721298e-05,58.62011,63244.55,39459980.0,83.9685,44.3076
680.0,829.0,1.0,6.0,953.0,87.0,955.0,50.0,321.0,56.0,251.0,34.0,759.0,17.0,5.131244e-05,61.70203,40642.28,48044980.0,66.8417,28.6103
649.0,444.0,8.0,2.0,593.0,16.0,638.0,45.0,853.0,45.0,636.0,14.0,896.0,3.0,0.0002184129,47.38499,63244.55,10472090.0,91.9383,37.3293
431.0,439.0,1.0,3.0,813.0,79.0,783.0,53.0,606.0,70.0,570.0,11.0,331.0,71.0,0.0007650952,4.410634,12750420.0,12750420.0,0.0,0.0
269.0,856.0,7.0,2.0,811.0,83.0,162.0,95.0,294.0,94.0,323.0,89.0,338.0,20.0,0.0002232294,17.4157,898000.8,6729644.0,86.5264,27.8181
201.0,885.0,1.0,2.0,993.0,63.0,836.0,8.0,582.0,33.0,294.0,97.0,180.0,4.0,8.388998e-06,59.08677,6930.448,4324649.0,60.3217,13.8623
730.0,960.0,1.0,4.0,265.0,68.0,517.0,71.0,921.0,15.0,538.0,45.0,102.0,50.0,2.306281e-05,53.25461,26117.46,10472090.0,75.2856,33.6857
709.0,632.0,2.0,1.0,788.0,93.0,743.0,21.0,723.0,42.0,164.0,37.0,904.0,26.0,0.0002537002,64.20551,40642.28,61404200.0,92.2904,52.0878
722.0,691.0,1.0,3.0,970.0,62.0,879.0,8.0,608.0,33.0,335.0,97.0,235.0,4.0,8.561342e-05,63.36506,26117.46,39459980.0,85.0903,36.2233
717.0,633.0,2.0,1.0,781.0,90.0,831.0,20.0,737.0,42.0,164.0,36.0,890.0,26.0,0.0002234072,52.23175,153147.4,48044980.0,91.4784,53.6176
721.0,638.0,2.0,1.0,206.0,6.0,610.0,9.0,221.0,2.0,763.0,80.0,933.0,17.0,0.000136849,15.90286,898000.8,3383770.0,86.2067,41.3777
679.0,900.0,1.0,1.0,909.0,91.0,822.0,27.0,742.0,18.0,518.0,83.0,969.0,84.0,2.470502e-05,64.14121,6930.448,10472090.0,61.7776,15.4728
222.0,742.0,7.0,6.0,359.0,12.0,581.0,15.0,755.0,41.0,481.0,66.0,321.0,92.0,0.000135407,17.85899,238315.2,1785947.0,34.2449,15.8943
852.0,684.0,8.0,3.0,414.0,53.0,747.0,23.0,943.0,17.0,792.0,17.0,897.0,92.0,7.036868e-05,18.04703,153147.4,1147697.0,142.685,20.62
554.0,865.0,1.0,2.0,319.0,30.0,538.0,46.0,623.0,62.0,350.0,91.0,989.0,84.0,6.53992e-05,62.88893,40642.28,39459980.0,62.2325,32.2992
366.0,831.0,1.0,1.0,372.0,17.0,934.0,14.0,882.0,69.0,145.0,98.0,756.0,20.0,2.996342e-05,56.0215,26117.46,12750420.0,57.9185,17.4172
709.0,746.0,2.0,3.0,909.0,67.0,642.0,23.0,602.0,31.0,181.0,88.0,115.0,11.0,0.0002448726,59.10276,40642.28,231377800.0,110.121,29.6619
452.0,427.0,5.0,7.0,913.0,75.0,565.0,15.0,963.0,3.0,953.0,58.0,388.0,6.0,0.0005544014,-9.272367,-10.0,-10.0,13.8289,9.62024
683.0,686.0,1.0,3.0,989.0,64.0,824.0,9.0,540.0,39.0,385.0,97.0,272.0,4.0,8.868814e-05,63.75425,40642.28,48044980.0,80.411,28.848
875.0,771.0,1.0,1.0,794.0,89.0,887.0,7.0,592.0,43.0,139.0,36.0,909.0,20.0,2.842638e-05,37.33693,153147.4,10472090.0,67.5937,22.5378
353.0,674.0,1.0,1.0,334.0,58.0,862.0,72.0,915.0,30.0,504.0,50.0,835.0,39.0,0.0005119697,20.52339,8193758.0,61404200.0,58.1996,24.1209
502.0,844.0,1.0,1.0,392.0,41.0,473.0,48.0,490.0,59.0,305.0,86.0,952.0,86.0,0.0001048464,62.1888,63244.55,61404200.0,56.598,19.914
903.0,755.0,2.0,1.0,763.0,92.0,878.0,5.0,777.0,36.0,112.0,38.0,960.0,14.0,3.225889e-05,53.54005,16783.42,5265529.0,75.7426,23.0273
655.0,829.0,1.0,3.0,900.0,66.0,788.0,7.0,604.0,29.0,386.0,97.0,179.0,4.0,2.053157e-05,60.55327,10785.12,10472090.0,65.9681,21.1444
218.0,800.0,1.0,2.0,311.0,32.0,520.0,49.0,476.0,65.0,560.0,88.0,985.0,82.0,0.0001752432,42.84491,898000.8,95551890.0,68.319,19.2986
200.0,907.0,1.0,1.0,926.0,78.0,636.0,15.0,602.0,45.0,272.0,84.0,221.0,14.0,1.313519e-05,54.8916,16783.42,6729644.0,60.4808,14.5238
672.0,877.0,1.0,1.0,900.0,66.0,662.0,7.0,603.0,30.0,382.0,85.0,206.0,5.0,9.929728e-06,58.06785,6930.448,5265529.0,56.9139,12.2015
708.0,632.0,2.0,1.0,788.0,93.0,743.0,21.0,738.0,43.0,164.0,38.0,903.0,26.0,0.0002550771,64.49817,40642.28,61404200.0,92.1414,51.9549
754.0,955.0,1.0,2.0,288.0,33.0,559.0,56.0,592.0,32.0,663.0,47.0,127.0,43.0,1.309772e-05,44.86463,63244.55,6729644.0,66.5071,17.4617
307.0,967.0,1.0,2.0,383.0,56.0,523.0,73.0,911.0,40.0,556.0,46.0,103.0,39.0,1.39653e-05,49.12987,40642.28,8193759.0,65.445,22.0225
754.0,275.0,1.0,1.0,914.0,7.0,977.0,53.0,172.0,70.0,611.0,33.0,676.0,17.0,3.276201e-05,-1.185,-10.0,-10.0,88.7447,32.4723
668.0,806.0,1.0,6.0,536.0,12.0,201.0,65.0,214.0,74.0,652.0,39.0,798.0,25.0,0.0001439325,30.00237,1397391.0,61404200.0,59.1843,18.6126
245.0,829.0,4.0,5.0,612.0,82.0,940.0,73.0,394.0,98.0,819.0,89.0,809.0,18.0,7.282605e-05,64.47168,10785.12,30874990.0,88.2856,20.8237
713.0,638.0,2.0,1.0,430.0,72.0,615.0,9.0,240.0,2.0,763.0,30.0,926.0,31.0,0.0002275721,63.6577,26117.46,39459980.0,87.2224,33.6749
484.0,836.0,1.0,2.0,918.0,31.0,472.0,45.0,625.0,59.0,335.0,82.0,997.0,84.0,0.0001115642,62.59831,40642.28,48044980.0,74.1199,39.143
540.0,931.0,1.0,3.0,591.0,11.0,118.0,23.0,162.0,23.0,543.0,50.0,217.0,27.0,1.978869e-05,52.05418,40642.28,12750420.0,60.2214,16.5722
649.0,785.0,1.0,3.0,937.0,65.0,834.0,14.0,582.0,38.0,425.0,96.0,180.0,5.0,5.470641e-05,62.65281,26117.46,30874990.0,69.9586,32.4847
902.0,600.0,6.0,6.0,779.0,92.0,845.0,30.0,313.0,39.0,602.0,20.0,897.0,62.0,3.64512e-05,5.683424,238315.2,304581.6,60.7534,6.05357
207.0,801.0,1.0,1.0,863.0,35.0,494.0,44.0,545.0,63.0,342.0,82.0,629.0,86.0,0.000203301,40.96402,577079.0,61404200.0,78.6005,40.3069
571.0,852.0,2.0,2.0,479.0,90.0,798.0,66.0,592.0,66.0,381.0,49.0,934.0,38.0,5.992359e-05,64.86294,16783.42,25358040.0,52.1696,13.2646
309.0,392.0,2.0,6.0,341.0,93.0,787.0,71.0,156.0,43.0,202.0,86.0,454.0,8.0,0.001680001,10.56457,19841090.0,560278700.0,6.26729,4.03138
208.0,421.0,4.0,1.0,233.0,5.0,236.0,12.0,802.0,44.0,331.0,66.0,919.0,25.0,0.00094662,13.39452,3383769.0,10472090.0,123.435,25.8492
548.0,913.0,1.0,3.0,624.0,11.0,113.0,21.0,156.0,14.0,521.0,54.0,272.0,25.0,2.859711e-05,52.10606,40642.28,16295760.0,60.8537,18.4796
393.0,870.0,5.0,4.0,495.0,78.0,625.0,38.0,915.0,82.0,291.0,87.0,376.0,80.0,6.708744e-05,39.41016,63244.55,5265529.0,121.348,43.7274
210.0,886.0,1.0,1.0,995.0,69.0,631.0,15.0,608.0,43.0,210.0,98.0,201.0,11.0,1.966514e-05,59.56016,10785.12,10472090.0,59.3948,14.197
706.0,607.0,4.0,8.0,828.0,60.0,981.0,69.0,375.0,21.0,994.0,49.0,717.0,8.0,0.0002582646,33.81793,577079.0,148689600.0,15.2462,9.28412
466.0,823.0,2.0,4.0,744.0,59.0,801.0,64.0,607.0,80.0,858.0,88.0,970.0,71.0,9.612041e-05,35.84448,370846.0,25358040.0,57.9107,16.7961
436.0,714.0,2.0,1.0,850.0,77.0,299.0,35.0,385.0,84.0,888.0,85.0,371.0,90.0,0.0003801892,17.69692,3383769.0,19841090.0,68.1403,17.5236
523.0,841.0,1.0,2.0,484.0,33.0,494.0,45.0,625.0,58.0,374.0,24.0,983.0,91.0,6.825283e-05,27.14222,1397391.0,19841090.0,70.0206,49.5676
888.0,770.0,1.0,1.0,814.0,89.0,910.0,13.0,709.0,44.0,168.0,37.0,967.0,14.0,3.471207e-05,58.50658,26117.46,19841090.0,51.0708,13.1056
592.0,939.0,1.0,3.0,591.0,3.0,110.0,23.0,172.0,23.0,543.0,47.0,209.0,27.0,1.5526e-05,48.20224,40642.28,8193759.0,67.3898,18.1022
467.0,887.0,4.0,2.0,598.0,15.0,115.0,33.0,466.0,17.0,532.0,21.0,174.0,23.0,6.718757e-05,57.72654,16783.42,10472090.0,81.3749,32.102
210.0,821.0,1.0,2.0,865.0,30.0,427.0,59.0,545.0,66.0,340.0,18.0,635.0,87.0,0.0001304025,20.3293,2174500.0,19841090.0,86.15,44.0139
490.0,822.0,1.0,2.0,380.0,33.0,526.0,47.0,531.0,59.0,311.0,18.0,967.0,87.0,8.540968e-05,23.98056,2174500.0,25358040.0,77.5164,46.8336
773.0,777.0,1.0,4.0,535.0,13.0,991.0,62.0,171.0,50.0,193.0,30.0,795.0,9.0,5.643964e-05,57.15314,63244.55,30874990.0,67.1875,31.9917
709.0,431.0,3.0,1.0,173.0,13.0,628.0,12.0,225.0,43.0,387.0,81.0,690.0,48.0,0.000201074,18.91407,1397391.0,12750420.0,121.327,18.1636
786.0,798.0,1.0,1.0,603.0,84.0,973.0,14.0,852.0,93.0,109.0,92.0,557.0,32.0,7.243875e-05,54.4961,63244.55,19841090.0,65.8295,52.9008
333.0,778.0,1.0,1.0,372.0,18.0,941.0,14.0,881.0,75.0,386.0,96.0,610.0,48.0,6.5772e-05,30.37638,577079.0,12750420.0,73.3243,52.7276
725.0,761.0,1.0,1.0,193.0,16.0,597.0,8.0,152.0,2.0,693.0,75.0,904.0,23.0,6.796543e-05,16.25148,898000.8,4324649.0,68.7509,22.2717
731.0,775.0,8.0,1.0,977.0,64.0,325.0,47.0,202.0,93.0,333.0,15.0,849.0,51.0,0.0001343091,14.19993,577079.0,3383770.0,89.2764,48.9019
771.0,833.0,1.0,6.0,996.0,6.0,966.0,49.0,345.0,57.0,250.0,33.0,749.0,12.0,2.24566e-05,43.08245,98416.24,10472090.0,73.8943,32.4374
578.0,839.0,1.0,2.0,965.0,31.0,479.0,49.0,535.0,58.0,400.0,82.0,994.0,84.0,0.0001067924,62.8258,40642.28,48044980.0,71.9569,33.6558
333.0,344.0,2.0,4.0,769.0,89.0,798.0,64.0,607.0,28.0,336.0,59.0,970.0,41.0,0.002020033,16.68027,8193758.0,360050100.0,-7.21388,-10.9876
709.0,392.0,1.0,1.0,787.0,53.0,787.0,22.0,156.0,43.0,202.0,37.0,904.0,57.0,0.0002264385,18.50634,5265528.0,39459980.0,115.95,20.2035
443.0,945.0,1.0,3.0,522.0,10.0,122.0,23.0,153.0,16.0,525.0,49.0,255.0,56.0,1.955596e-05,49.77685,40642.28,10472090.0,72.1122,24.9871
762.0,773.0,1.0,3.0,996.0,10.0,999.0,55.0,344.0,51.0,250.0,33.0,774.0,12.0,4.191992e-05,37.17392,238315.2,16295760.0,74.9382,32.5449
313.0,226.0,4.0,3.0,414.0,61.0,861.0,81.0,132.0,19.0,433.0,13.0,227.0,6.0,0.001933095,23.53074,5265528.0,1061540000.0,42.6589,16.4801
918.0,966.0,6.0,8.0,620.0,12.0,896.0,56.0,539.0,44.0,904.0,9.0,528.0,4.0,2.27749e-06,54.24126,1181.114,2779135.0,-62.7769,-6.92313
233.0,665.0,6.0,1.0,197.0,21.0,622.0,49.0,923.0,56.0,994.0,15.0,876.0,32.0,0.0003704524,20.54259,1397391.0,16295760.0,80.7768,34.1096
331.0,954.0,1.0,2.0,273.0,19.0,526.0,57.0,586.0,42.0,527.0,63.0,519.0,50.0,1.193981e-05,59.29924,10785.12,8193759.0,41.8319,8.43657
387.0,857.0,4.0,2.0,738.0,86.0,753.0,64.0,600.0,76.0,316.0,49.0,920.0,38.0,5.729313e-05,63.79228,10785.12,12750420.0,66.6571,16.4911
524.0,902.0,2.0,6.0,271.0,82.0,914.0,25.0,358.0,89.0,323.0,82.0,340.0,16.0,1.215961e-05,48.34322,26117.46,4324649.0,77.5553,34.57
702.0,858.0,2.0,1.0,876.0,84.0,852.0,28.0,499.0,51.0,523.0,69.0,971.0,46.0,3.095901e-05,44.21439,63244.55,8193759.0,63.7217,13.8345
307.0,396.0,2.0,1.0,806.0,58.0,778.0,55.0,606.0,28.0,849.0,2.0,364.0,4.0,0.0009224402,15.34249,8193758.0,181038800.0,84.577,9.01546
721.0,634.0,1.0,1.0,693.0,92.0,738.0,21.0,724.0,44.0,169.0,34.0,929.0,27.0,0.0002373772,53.15423,238315.2,116340400.0,72.2386,52.3928
923.0,734.0,1.0,1.0,796.0,89.0,870.0,21.0,755.0,24.0,102.0,35.0,995.0,21.0,6.310371e-05,61.19929,26117.46,19841090.0,65.7313,23.6147
264.0,752.0,2.0,3.0,926.0,68.0,834.0,15.0,602.0,92.0,179.0,89.0,113.0,20.0,9.919353e-05,28.76629,370846.0,10472090.0,122.271,39.1589
493.0,915.0,3.0,3.0,603.0,13.0,101.0,32.0,437.0,23.0,542.0,64.0,317.0,68.0,5.470337e-05,61.26517,10785.12,8193759.0,93.7851,35.5789
485.0,872.0,1.0,2.0,964.0,30.0,522.0,40.0,492.0,46.0,310.0,88.0,985.0,85.0,5.57673e-05,62.23419,26117.46,25358040.0,68.4433,33.3512
449.0,914.0,2.0,3.0,603.0,14.0,101.0,27.0,456.0,20.0,542.0,65.0,206.0,63.0,5.946615e-05,58.727,16783.42,12750420.0,94.7724,33.2788
770.0,909.0,1.0,3.0,340.0,13.0,749.0,74.0,595.0,18.0,534.0,89.0,127.0,44.0,5.651923e-05,56.3646,40642.28,19841090.0,83.0715,28.9188
725.0,913.0,1.0,3.0,373.0,15.0,385.0,62.0,610.0,14.0,740.0,48.0,127.0,57.0,5.339169e-05,52.63243,63244.55,19841090.0,83.5155,27.5599
663.0,900.0,1.0,1.0,933.0,91.0,822.0,26.0,733.0,17.0,522.0,82.0,981.0,79.0,2.344426e-05,65.75966,6930.448,10472090.0,61.2092,15.094
470.0,857.0,4.0,2.0,496.0,85.0,804.0,64.0,620.0,65.0,377.0,48.0,926.0,38.0,5.452391e-05,64.54513,10785.12,12750420.0,66.205,15.483
791.0,701.0,1.0,1.0,406.0,9.0,506.0,64.0,925.0,12.0,557.0,47.0,819.0,40.0,0.0001909888,60.70579,40642.28,39459980.0,77.0931,27.9272
855.0,787.0,2.0,1.0,919.0,97.0,820.0,50.0,749.0,50.0,996.0,70.0,948.0,45.0,6.896447e-05,35.22463,238315.2,12750420.0,57.6792,16.3888
720.0,742.0,2.0,1.0,440.0,76.0,648.0,9.0,236.0,39.0,713.0,28.0,957.0,36.0,3.391607e-05,14.83696,898000.8,3383770.0,77.5588,27.2974
414.0,837.0,2.0,3.0,508.0,81.0,858.0,64.0,589.0,66.0,277.0,47.0,986.0,38.0,7.239614e-05,61.64191,26117.46,30874990.0,79.6886,37.4173
494.0,800.0,1.0,2.0,411.0,38.0,489.0,44.0,532.0,63.0,349.0,92.0,990.0,87.0,0.0001858265,62.95668,98416.24,116340400.0,81.1584,23.363
387.0,854.0,1.0,3.0,728.0,88.0,840.0,64.0,565.0,71.0,837.0,44.0,882.0,38.0,4.775071e-05,34.24552,577079.0,25358040.0,35.6554,13.2186
204.0,346.0,4.0,2.0,643.0,12.0,628.0,35.0,720.0,93.0,602.0,59.0,316.0,40.0,0.0008515564,13.00852,2174500.0,10472090.0,140.165,23.88
474.0,886.0,1.0,3.0,507.0,4.0,925.0,60.0,589.0,67.0,354.0,42.0,966.0,28.0,2.466299e-05,60.42238,16783.42,12750420.0,46.5252,10.5433
499.0,852.0,2.0,3.0,491.0,82.0,798.0,64.0,581.0,70.0,384.0,49.0,936.0,38.0,5.874797e-05,64.44923,16783.42,25358040.0,68.9098,34.3448
770.0,445.0,4.0,2.0,236.0,14.0,568.0,12.0,169.0,3.0,387.0,82.0,734.0,48.0,0.0006645923,38.48414,238315.2,19841090.0,147.997,17.6088
796.0,839.0,1.0,1.0,243.0,17.0,503.0,66.0,585.0,47.0,687.0,85.0,500.0,49.0,0.0001030559,58.37951,98416.24,48044980.0,48.94,14.0046
706.0,618.0,2.0,1.0,787.0,92.0,772.0,21.0,722.0,42.0,165.0,35.0,909.0,25.0,0.0002593853,60.04807,63244.55,61404200.0,93.2362,52.2461
331.0,839.0,1.0,2.0,377.0,9.0,521.0,68.0,585.0,42.0,724.0,85.0,496.0,48.0,0.0001349904,58.14926,98416.24,48044980.0,68.4944,24.5562
649.0,444.0,8.0,2.0,593.0,15.0,833.0,45.0,964.0,44.0,634.0,86.0,896.0,10.0,0.0003160967,33.21528,153147.4,8193759.0,138.725,8.484
716.0,795.0,2.0,1.0,900.0,98.0,804.0,28.0,725.0,18.0,600.0,82.0,898.0,77.0,0.0001377497,66.96173,16783.42,25358040.0,81.0942,41.6927
869.0,771.0,1.0,1.0,779.0,92.0,886.0,5.0,577.0,41.0,111.0,36.0,975.0,19.0,2.837844e-05,40.40557,98416.24,8193759.0,69.1901,22.2331
553.0,857.0,1.0,2.0,468.0,41.0,538.0,44.0,623.0,59.0,348.0,89.0,946.0,84.0,7.502837e-05,63.42493,40642.28,39459980.0,65.8858,35.8949
714.0,365.0,3.0,1.0,179.0,12.0,605.0,11.0,207.0,41.0,386.0,82.0,961.0,48.0,0.0002011896,20.86229,1397391.0,12750420.0,118.987,17.4863
492.0,891.0,1.0,1.0,988.0,30.0,563.0,42.0,485.0,37.0,372.0,73.0,997.0,87.0,3.827631e-05,62.12593,16783.42,19841090.0,57.4825,13.8511
503.0,886.0,1.0,2.0,473.0,6.0,808.0,67.0,443.0,34.0,251.0,51.0,324.0,38.0,4.839557e-05,57.31292,26117.46,19841090.0,76.4155,35.9024
716.0,789.0,1.0,1.0,902.0,88.0,753.0,28.0,710.0,18.0,592.0,82.0,924.0,77.0,0.0001498744,67.3881,26117.46,48044980.0,64.8632,29.1285
316.0,808.0,1.0,1.0,372.0,15.0,977.0,19.0,881.0,76.0,148.0,97.0,649.0,29.0,6.236098e-05,58.95719,40642.28,19841090.0,66.1332,32.7587
502.0,844.0,1.0,2.0,880.0,41.0,524.0,47.0,490.0,59.0,332.0,85.0,952.0,86.0,9.717724e-05,62.09834,40642.28,48044980.0,73.2052,36.0618
259.0,858.0,6.0,4.0,229.0,84.0,863.0,73.0,287.0,48.0,274.0,73.0,338.0,17.0,6.0845e-05,36.4496,153147.4,8193759.0,119.693,26.0694
583.0,839.0,1.0,2.0,480.0,32.0,577.0,53.0,603.0,59.0,400.0,82.0,988.0,84.0,0.00010374,63.7507,40642.28,61404200.0,69.7491,31.2952
779.0,881.0,1.0,6.0,990.0,7.0,956.0,49.0,305.0,55.0,228.0,32.0,659.0,17.0,1.689389e-05,52.03088,26117.46,8193759.0,65.2104,22.8544
721.0,742.0,2.0,1.0,439.0,76.0,508.0,9.0,239.0,3.0,710.0,28.0,956.0,32.0,0.0001044566,64.24077,16783.42,25358040.0,75.4611,24.7337
481.0,806.0,1.0,1.0,863.0,35.0,474.0,44.0,521.0,62.0,356.0,84.0,990.0,86.0,0.0001700387,62.06519,63244.55,74763430.0,67.4738,37.3318
615.0,855.0,1.0,3.0,983.0,63.0,800.0,10.0,606.0,46.0,186.0,95.0,149.0,4.0,1.732694e-05,59.52535,10785.12,8193759.0,60.7854,16.7878
439.0,885.0,3.0,3.0,507.0,84.0,809.0,64.0,590.0,58.0,353.0,48.0,944.0,38.0,3.28499e-05,62.85104,10785.12,10472090.0,59.5012,13.0388
819.0,861.0,1.0,1.0,903.0,91.0,822.0,27.0,708.0,18.0,519.0,84.0,971.0,71.0,4.546033e-05,65.91864,10785.12,19841090.0,60.3061,16.3304
745.0,773.0,2.0,2.0,198.0,77.0,628.0,24.0,239.0,1.0,298.0,83.0,937.0,31.0,0.0001055921,-5.495084,-10.0,-10.0,97.7826,25.6305
334.0,955.0,1.0,1.0,336.0,67.0,400.0,58.0,603.0,42.0,530.0,64.0,112.0,38.0,1.824561e-05,49.73232,40642.28,12750420.0,60.6824,15.2355
791.0,700.0,1.0,1.0,381.0,10.0,405.0,68.0,883.0,11.0,559.0,46.0,119.0,40.0,0.0002417436,24.7551,898000.8,12750420.0,89.4758,27.4159
920.0,743.0,1.0,1.0,810.0,88.0,948.0,16.0,750.0,27.0,160.0,34.0,922.0,13.0,4.105607e-05,61.04557,16783.42,19841090.0,59.3128,16.3723
732.0,901.0,1.0,1.0,903.0,92.0,803.0,26.0,735.0,18.0,519.0,83.0,971.0,75.0,2.233713e-05,65.9182,6930.448,10472090.0,59.8743,14.4936
418.0,885.0,3.0,3.0,556.0,86.0,803.0,64.0,589.0,66.0,339.0,47.0,944.0,38.0,3.280315e-05,63.6919,6930.448,10472090.0,59.057,13.0066
708.0,640.0,2.0,1.0,945.0,52.0,816.0,90.0,185.0,43.0,303.0,37.0,547.0,28.0,0.0002701746,26.37591,2174500.0,39459980.0,107.683,24.6528
418.0,885.0,3.0,3.0,509.0,84.0,925.0,64.0,589.0,66.0,365.0,48.0,944.0,38.0,2.986337e-05,63.1846,6930.448,10472090.0,61.5281,13.754
554.0,865.0,1.0,2.0,313.0,30.0,538.0,46.0,623.0,62.0,350.0,91.0,989.0,84.0,6.540558e-05,62.85686,40642.28,39459980.0,62.206,32.2688
923.0,754.0,2.0,1.0,788.0,89.0,802.0,21.0,759.0,37.0,117.0,39.0,905.0,16.0,4.710615e-05,61.25841,10785.12,10472090.0,69.9045,19.3845
565.0,881.0,1.0,3.0,589.0,13.0,113.0,20.0,156.0,12.0,532.0,26.0,228.0,20.0,4.404385e-05,53.7277,63244.55,25358040.0,69.2459,39.5293
789.0,419.0,4.0,1.0,236.0,16.0,643.0,12.0,203.0,5.0,395.0,82.0,690.0,48.0,0.0004352023,32.0578,370846.0,10472090.0,110.207,20.7624
439.0,885.0,3.0,3.0,509.0,87.0,856.0,60.0,599.0,66.0,353.0,48.0,944.0,40.0,3.04699e-05,63.10623,6930.448,10472090.0,63.4971,15.1003
747.0,841.0,1.0,5.0,994.0,11.0,983.0,49.0,174.0,58.0,204.0,33.0,691.0,21.0,3.05159e-05,28.39224,577079.0,10472090.0,82.2549,35.073
477.0,863.0,1.0,2.0,788.0,31.0,565.0,44.0,526.0,60.0,302.0,86.0,994.0,84.0,6.464219e-05,61.75691,40642.28,30874990.0,68.1218,39.5329
379.0,811.0,1.0,1.0,441.0,30.0,978.0,24.0,872.0,73.0,215.0,89.0,638.0,25.0,6.00677e-05,61.57877,26117.46,25358040.0,58.3361,22.9082
700.0,737.0,1.0,1.0,900.0,68.0,788.0,10.0,582.0,37.0,402.0,87.0,180.0,1.0,4.085134e-05,25.14219,577079.0,10472090.0,17.9341,3.72721
345.0,857.0,5.0,6.0,648.0,83.0,771.0,76.0,288.0,99.0,329.0,89.0,335.0,15.0,6.353891e-05,59.96513,16783.42,61404200.0,90.7347,20.1102
696.0,760.0,1.0,1.0,429.0,76.0,749.0,8.0,272.0,1.0,725.0,28.0,957.0,32.0,8.029533e-05,29.18477,577079.0,10472090.0,68.4058,20.2181
490.0,795.0,1.0,2.0,413.0,38.0,488.0,47.0,531.0,63.0,331.0,91.0,990.0,88.0,0.0002081536,62.51398,98416.24,148689600.0,79.8917,22.3642
522.0,863.0,1.0,2.0,484.0,31.0,533.0,51.0,576.0,59.0,395.0,83.0,994.0,84.0,7.094371e-05,63.38414,40642.28,39459980.0,61.922,30.3894
494.0,800.0,1.0,2.0,380.0,33.0,530.0,41.0,532.0,53.0,336.0,21.0,967.0,87.0,0.0001060978,24.9801,2174500.0,30874990.0,85.6898,41.7007
392.0,876.0,4.0,3.0,447.0,79.0,801.0,68.0,618.0,74.0,372.0,48.0,843.0,37.0,4.130252e-05,63.41415,6930.448,10472090.0,72.5415,24.5157
702.0,858.0,2.0,1.0,878.0,93.0,845.0,32.0,576.0,52.0,414.0,91.0,956.0,47.0,3.785354e-05,61.45514,10785.12,12750420.0,62.2015,13.6867
982.0,795.0,1.0,1.0,764.0,92.0,878.0,6.0,713.0,42.0,111.0,38.0,976.0,13.0,1.76276e-05,49.79262,16783.42,5265529.0,66.4914,19.4651
290.0,753.0,1.0,2.0,932.0,71.0,538.0,10.0,601.0,41.0,204.0,89.0,195.0,8.0,0.0001093907,60.43181,63244.55,48044980.0,83.5952,42.972
658.0,638.0,7.0,1.0,438.0,13.0,653.0,7.0,159.0,3.0,385.0,80.0,938.0,59.0,0.0003643016,59.97292,6930.448,6729644.0,100.771,32.3448
520.0,847.0,1.0,2.0,320.0,40.0,482.0,49.0,539.0,66.0,314.0,86.0,633.0,91.0,0.0001156799,53.88138,153147.4,61404200.0,82.1055,30.3836
319.0,910.0,1.0,1.0,278.0,59.0,456.0,73.0,607.0,42.0,692.0,45.0,159.0,37.0,4.062362e-05,40.83488,370846.0,25358040.0,46.232,11.4492
773.0,812.0,1.0,4.0,535.0,13.0,991.0,63.0,105.0,50.0,240.0,33.0,798.0,12.0,4.614346e-05,41.20988,370846.0,25358040.0,62.2307,32.7015
514.0,896.0,3.0,5.0,273.0,76.0,872.0,76.0,341.0,88.0,310.0,90.0,369.0,18.0,2.908309e-05,59.75927,10785.12,10472090.0,76.5263,30.1962
491.0,820.0,1.0,2.0,879.0,35.0,482.0,39.0,551.0,64.0,316.0,20.0,951.0,82.0,7.892803e-05,24.15188,1397391.0,19841090.0,77.2988,52.3719
485.0,872.0,1.0,2.0,964.0,30.0,522.0,40.0,492.0,48.0,310.0,87.0,985.0,85.0,5.546523e-05,62.11245,26117.46,25358040.0,68.2678,33.6759
494.0,800.0,1.0,1.0,411.0,34.0,473.0,44.0,586.0,62.0,349.0,92.0,989.0,87.0,0.0001904646,62.78769,98416.24,95551890.0,66.0081,33.5625
786.0,288.0,7.0,7.0,558.0,50.0,441.0,65.0,247.0,47.0,544.0,10.0,610.0,96.0,0.0001999635,-5.780484,-10.0,-10.0,0.0,0.0
425.0,260.0,1.0,1.0,760.0,9.0,731.0,67.0,905.0,52.0,670.0,92.0,323.0,41.0,0.000690528,18.35496,3383769.0,19841090.0,93.6373,19.4322
367.0,837.0,1.0,2.0,371.0,8.0,987.0,24.0,868.0,74.0,149.0,93.0,599.0,32.0,4.896299e-05,58.41024,26117.46,16295760.0,72.0074,48.71
726.0,280.0,1.0,1.0,558.0,8.0,963.0,64.0,177.0,56.0,656.0,29.0,779.0,17.0,7.538092e-05,6.186001,3383769.0,4324649.0,90.5031,26.2089
478.0,870.0,1.0,1.0,963.0,30.0,519.0,42.0,492.0,60.0,299.0,80.0,997.0,79.0,5.551288e-05,61.21532,26117.46,25358040.0,56.4287,14.8295
282.0,853.0,5.0,3.0,611.0,83.0,873.0,71.0,414.0,93.0,830.0,90.0,807.0,15.0,4.949434e-05,37.80362,98416.24,8193759.0,33.8224,5.60553
465.0,892.0,1.0,3.0,734.0,10.0,839.0,63.0,587.0,39.0,377.0,51.0,881.0,39.0,2.850232e-05,40.55604,153147.4,12750420.0,53.5627,14.0509
332.0,798.0,2.0,1.0,600.0,9.0,947.0,19.0,861.0,69.0,147.0,92.0,596.0,30.0,7.716929e-05,58.1162,16783.42,10472090.0,81.4771,55.787
466.0,880.0,1.0,2.0,952.0,28.0,608.0,43.0,492.0,48.0,342.0,24.0,997.0,86.0,2.951348e-05,26.56408,577079.0,8193759.0,65.1414,24.5458
551.0,913.0,1.0,2.0,624.0,8.0,116.0,20.0,156.0,14.0,521.0,54.0,201.0,60.0,3.528789e-05,35.67407,238315.2,10472090.0,82.2269,39.9013
753.0,689.0,4.0,1.0,245.0,32.0,530.0,59.0,915.0,32.0,557.0,50.0,119.0,49.0,0.0004189479,23.6463,898000.8,12750420.0,131.125,18.0729
332.0,798.0,2.0,1.0,372.0,16.0,973.0,16.0,882.0,76.0,386.0,93.0,569.0,32.0,5.573569e-05,36.0047,153147.4,8193759.0,78.9375,51.7503
321.0,521.0,2.0,1.0,898.0,34.0,740.0,61.0,507.0,44.0,279.0,93.0,494.0,66.0,0.001874059,48.26817,577079.0,871857100.0,69.8926,13.4834
730.0,744.0,1.0,1.0,788.0,91.0,930.0,21.0,636.0,41.0,143.0,35.0,893.0,24.0,9.780985e-05,63.62721,40642.28,48044980.0,57.5796,25.7294
479.0,770.0,1.0,1.0,483.0,28.0,933.0,29.0,876.0,77.0,186.0,86.0,599.0,26.0,0.0001181538,61.63105,63244.55,48044980.0,64.2497,47.086
425.0,794.0,1.0,1.0,484.0,8.0,963.0,26.0,916.0,79.0,182.0,92.0,605.0,25.0,8.084408e-05,59.86328,40642.28,25358040.0,66.9428,35.0044
767.0,838.0,1.0,1.0,367.0,79.0,526.0,65.0,582.0,14.0,535.0,46.0,479.0,39.0,0.0001168004,27.0536,1397391.0,25358040.0,40.5711,11.4159
452.0,936.0,1.0,2.0,583.0,15.0,117.0,23.0,125.0,17.0,538.0,65.0,329.0,57.0,2.398613e-05,53.16782,40642.28,12750420.0,63.5972,17.4853
771.0,975.0,1.0,3.0,276.0,67.0,531.0,75.0,609.0,15.0,679.0,43.0,110.0,42.0,1.273045e-05,51.51082,26117.46,6729644.0,64.3727,16.0315
582.0,241.0,1.0,6.0,523.0,87.0,336.0,83.0,804.0,21.0,771.0,64.0,882.0,83.0,0.003572108,41.16077,5265528.0,1061540000.0,-16.5271,-10.652
339.0,678.0,9.0,3.0,466.0,76.0,947.0,61.0,378.0,93.0,536.0,62.0,800.0,51.0,0.0003196661,27.96866,577079.0,181038800.0,12.7732,8.33423
467.0,880.0,1.0,2.0,952.0,35.0,570.0,43.0,492.0,57.0,387.0,86.0,997.0,85.0,4.593084e-05,59.33179,40642.28,25358040.0,62.2034,22.9177
753.0,690.0,1.0,1.0,333.0,32.0,868.0,62.0,915.0,33.0,536.0,49.0,841.0,43.0,0.0002879792,56.49851,238315.2,116340400.0,63.4829,19.5701
528.0,830.0,4.0,6.0,613.0,83.0,292.0,28.0,397.0,90.0,831.0,83.0,814.0,15.0,6.899813e-05,46.60044,98416.24,25358040.0,83.05,21.1402
489.0,861.0,1.0,1.0,459.0,11.0,933.0,23.0,834.0,59.0,238.0,88.0,605.0,23.0,2.699881e-05,61.09946,16783.42,12750420.0,58.4,15.5574
729.0,913.0,1.0,4.0,328.0,57.0,891.0,73.0,606.0,14.0,501.0,83.0,128.0,52.0,5.623543e-05,56.56515,40642.28,19841090.0,89.5067,25.8266
480.0,592.0,2.0,1.0,711.0,90.0,110.0,53.0,585.0,72.0,725.0,89.0,628.0,65.0,0.002254475,51.23974,898000.8,682174000.0,20.2026,5.42444
460.0,906.0,1.0,3.0,602.0,12.0,142.0,27.0,591.0,22.0,529.0,65.0,320.0,68.0,5.530259e-05,61.62327,26117.46,19841090.0,80.3542,34.5404
522.0,826.0,1.0,2.0,484.0,31.0,475.0,45.0,625.0,59.0,399.0,82.0,999.0,84.0,0.0001281784,63.88279,63244.55,74763430.0,73.814,30.4236
393.0,853.0,4.0,2.0,509.0,75.0,857.0,64.0,612.0,68.0,386.0,52.0,920.0,38.0,5.658047e-05,64.22156,10785.12,12750420.0,70.3805,19.5237
857.0,832.0,1.0,2.0,920.0,96.0,823.0,35.0,506.0,54.0,465.0,83.0,920.0,82.0,5.28229e-05,33.69122,370846.0,16295760.0,70.3403,41.8313
517.0,875.0,3.0,1.0,497.0,6.0,801.0,55.0,435.0,65.0,226.0,48.0,839.0,37.0,3.587857e-05,58.37473,10785.12,6729644.0,67.2301,11.9091
726.0,969.0,1.0,2.0,371.0,65.0,537.0,75.0,608.0,14.0,525.0,46.0,125.0,44.0,1.606128e-05,55.74187,16783.42,8193759.0,62.6219,14.5758
357.0,955.0,1.0,1.0,336.0,64.0,400.0,58.0,603.0,42.0,577.0,64.0,112.0,43.0,1.839237e-05,48.64222,63244.55,10472090.0,62.3967,16.2478
333.0,868.0,1.0,1.0,442.0,13.0,935.0,26.0,867.0,64.0,145.0,89.0,585.0,29.0,2.983029e-05,57.25593,26117.46,12750420.0,59.8839,17.4911
232.0,886.0,1.0,1.0,883.0,65.0,631.0,10.0,591.0,43.0,165.0,87.0,194.0,16.0,2.072401e-05,51.82412,26117.46,6729644.0,72.1847,22.7171
530.0,717.0,8.0,1.0,634.0,68.0,295.0,22.0,357.0,99.0,754.0,95.0,801.0,16.0,0.000229053,64.19352,16783.42,19841090.0,79.1149,25.0678
277.0,896.0,2.0,3.0,271.0,82.0,890.0,74.0,337.0,91.0,323.0,82.0,331.0,15.0,2.786817e-05,58.60678,16783.42,12750420.0,46.6876,9.38734
754.0,246.0,1.0,1.0,914.0,7.0,947.0,53.0,138.0,72.0,611.0,32.0,795.0,5.0,3.211937e-05,7.973727,1397391.0,2779135.0,83.9641,31.8954
240.0,836.0,1.0,3.0,994.0,61.0,879.0,9.0,593.0,33.0,361.0,90.0,194.0,4.0,1.914038e-05,61.48997,10785.12,10472090.0,63.6198,20.63
706.0,721.0,2.0,1.0,787.0,99.0,928.0,15.0,722.0,42.0,100.0,33.0,549.0,27.0,0.0001242468,42.47853,153147.4,19841090.0,87.1579,59.3878
325.0,658.0,6.0,1.0,990.0,88.0,962.0,71.0,178.0,57.0,124.0,24.0,959.0,18.0,0.0004027925,54.61618,98416.24,39459980.0,102.667,35.5852
492.0,243.0,1.0,1.0,607.0,9.0,706.0,66.0,502.0,52.0,655.0,94.0,308.0,71.0,0.0005264406,9.066367,5265528.0,10472090.0,103.227,16.4323
724.0,747.0,2.0,1.0,201.0,13.0,622.0,22.0,245.0,43.0,323.0,74.0,730.0,28.0,0.0001128394,37.9169,370846.0,25358040.0,86.335,34.9248
226.0,301.0,4.0,2.0,687.0,12.0,584.0,38.0,717.0,50.0,633.0,58.0,305.0,39.0,0.001045674,15.65215,2174500.0,12750420.0,148.327,23.758
543.0,925.0,1.0,3.0,591.0,11.0,112.0,20.0,156.0,13.0,530.0,56.0,217.0,24.0,2.349064e-05,57.17786,26117.46,12750420.0,61.2407,17.4469
965.0,215.0,1.0,8.0,945.0,15.0,749.0,37.0,832.0,47.0,258.0,15.0,399.0,23.0,4.407717e-06,-4.330647,-10.0,-10.0,84.6924,51.8731
790.0,308.0,1.0,5.0,206.0,30.0,989.0,35.0,583.0,14.0,580.0,78.0,100.0,38.0,0.0005507766,17.00276,3383769.0,25358040.0,48.9887,10.2818
268.0,860.0,1.0,1.0,374.0,15.0,934.0,15.0,911.0,68.0,155.0,88.0,663.0,23.0,2.237538e-05,58.49656,16783.42,10472090.0,60.6219,18.5426
725.0,626.0,6.0,1.0,205.0,82.0,613.0,22.0,251.0,42.0,294.0,74.0,921.0,21.0,0.0002733069,60.62882,40642.28,48044980.0,121.298,24.3062
454.0,900.0,1.0,1.0,748.0,6.0,829.0,63.0,446.0,65.0,255.0,49.0,301.0,36.0,3.021695e-05,45.59275,98416.24,12750420.0,68.8527,17.6588
347.0,784.0,1.0,1.0,479.0,18.0,975.0,18.0,871.0,73.0,184.0,89.0,606.0,20.0,6.889324e-05,60.86253,26117.46,25358040.0,64.1018,30.7454
503.0,492.0,5.0,1.0,438.0,86.0,293.0,23.0,425.0,67.0,754.0,96.0,891.0,91.0,0.00100557,28.01853,2174500.0,148689600.0,0.0,0.0
351.0,811.0,1.0,1.0,339.0,22.0,934.0,24.0,888.0,74.0,158.0,89.0,693.0,34.0,7.025511e-05,60.23876,40642.28,25358040.0,63.3343,31.7952
737.0,674.0,2.0,1.0,754.0,89.0,817.0,21.0,697.0,36.0,167.0,20.0,905.0,16.0,0.0001399826,62.23781,40642.28,39459980.0,71.0977,56.9097
654.0,785.0,1.0,3.0,901.0,64.0,829.0,10.0,599.0,37.0,339.0,98.0,183.0,4.0,4.305776e-05,62.65806,16783.42,19841090.0,69.3054,38.8316
709.0,392.0,2.0,1.0,791.0,93.0,787.0,22.0,156.0,43.0,176.0,37.0,904.0,58.0,0.0002817224,21.38292,3383769.0,30874990.0,134.934,17.7884
706.0,829.0,2.0,2.0,882.0,99.0,823.0,34.0,537.0,52.0,465.0,66.0,944.0,46.0,5.685629e-05,47.53409,98416.24,16295760.0,75.8071,40.9297
921.0,754.0,1.0,1.0,789.0,95.0,868.0,21.0,755.0,27.0,118.0,40.0,990.0,21.0,5.48232e-05,62.42055,16783.42,19841090.0,61.5109,19.2567
283.0,845.0,6.0,1.0,965.0,65.0,173.0,72.0,291.0,58.0,356.0,73.0,338.0,82.0,0.00028197,56.33712,40642.28,25358040.0,110.618,29.194
688.0,840.0,1.0,1.0,938.0,87.0,996.0,51.0,331.0,73.0,576.0,33.0,796.0,17.0,3.599578e-05,32.77444,577079.0,19841090.0,10.495,2.22378
783.0,696.0,4.0,1.0,245.0,65.0,862.0,75.0,915.0,8.0,536.0,50.0,829.0,42.0,0.000332415,14.95346,1397391.0,5265529.0,110.594,20.9837
474.0,794.0,1.0,1.0,394.0,25.0,935.0,13.0,857.0,78.0,207.0,89.0,597.0,22.0,5.593104e-05,55.63898,40642.28,19841090.0,65.4666,31.9802
725.0,782.0,1.0,1.0,210.0,75.0,774.0,7.0,269.0,2.0,353.0,27.0,889.0,19.0,4.287474e-05,25.28715,577079.0,8193759.0,68.5937,17.5668
929.0,890.0,7.0,5.0,240.0,2.0,461.0,47.0,933.0,46.0,450.0,94.0,209.0,81.0,5.827428e-05,37.43052,6930.448,370847.0,91.8777,46.7974
475.0,870.0,4.0,3.0,554.0,89.0,815.0,63.0,618.0,65.0,358.0,50.0,936.0,37.0,4.222417e-05,64.16652,6930.448,10472090.0,72.5733,24.2726
726.0,747.0,1.0,1.0,197.0,76.0,612.0,9.0,194.0,36.0,353.0,90.0,918.0,20.0,6.50708e-05,44.15441,238315.2,39459980.0,62.9656,18.9736
437.0,874.0,3.0,2.0,568.0,83.0,801.0,63.0,618.0,76.0,376.0,50.0,936.0,37.0,3.930154e-05,64.11145,10785.12,12750420.0,51.0111,8.06606
572.0,853.0,1.0,1.0,894.0,30.0,497.0,49.0,576.0,59.0,399.0,80.0,998.0,82.0,8.26823e-05,63.20126,40642.28,39459980.0,54.4489,16.2373
629.0,392.0,8.0,8.0,521.0,73.0,967.0,32.0,156.0,82.0,922.0,86.0,634.0,68.0,0.0003513375,10.42472,1397391.0,19841090.0,-1.80555,-1.16947
725.0,762.0,1.0,1.0,278.0,5.0,597.0,5.0,151.0,38.0,308.0,73.0,955.0,26.0,2.868185e-05,25.21602,577079.0,6729644.0,81.2755,29.7806
595.0,770.0,1.0,3.0,994.0,65.0,879.0,7.0,608.0,29.0,360.0,97.0,235.0,3.0,3.341016e-05,42.3964,98416.24,12750420.0,65.0058,26.4096
228.0,428.0,4.0,2.0,656.0,12.0,628.0,12.0,720.0,92.0,694.0,59.0,316.0,47.0,0.0003468566,9.576263,1397391.0,3383770.0,137.396,51.3973
479.0,765.0,1.0,1.0,470.0,14.0,906.0,25.0,875.0,76.0,183.0,86.0,596.0,22.0,0.0001084885,59.95517,63244.55,39459980.0,66.1902,45.6822
520.0,833.0,6.0,1.0,632.0,77.0,824.0,76.0,341.0,87.0,313.0,74.0,341.0,22.0,9.608734e-05,58.70423,16783.42,12750420.0,77.5166,20.8223
754.0,275.0,1.0,1.0,907.0,7.0,946.0,53.0,176.0,72.0,611.0,44.0,791.0,1.0,3.452242e-05,26.97058,577079.0,12750420.0,66.097,16.4311
678.0,806.0,1.0,6.0,536.0,12.0,201.0,65.0,179.0,74.0,647.0,39.0,798.0,13.0,0.0001327848,57.97001,98416.24,61404200.0,63.0899,24.8651
439.0,885.0,3.0,3.0,509.0,84.0,858.0,64.0,589.0,66.0,365.0,49.0,944.0,38.0,3.133902e-05,63.77739,6930.448,10472090.0,60.0708,13.2411
495.0,782.0,1.0,1.0,862.0,29.0,491.0,45.0,552.0,63.0,331.0,84.0,987.0,86.0,0.0002324965,61.50568,98416.24,74763430.0,75.1873,39.7627
799.0,677.0,1.0,1.0,952.0,91.0,829.0,20.0,228.0,39.0,185.0,35.0,544.0,53.0,8.806767e-05,18.67198,2174500.0,16295760.0,92.8772,0.0
753.0,694.0,4.0,1.0,244.0,32.0,862.0,63.0,915.0,32.0,536.0,50.0,829.0,44.0,0.0003121987,64.65454,26117.46,39459980.0,104.918,20.573
666.0,735.0,2.0,1.0,188.0,3.0,623.0,9.0,221.0,44.0,380.0,86.0,942.0,19.0,5.700876e-05,33.22209,238315.2,10472090.0,82.5115,29.56
379.0,813.0,1.0,1.0,441.0,15.0,975.0,18.0,884.0,70.0,211.0,89.0,605.0,20.0,4.692438e-05,60.59198,26117.46,19841090.0,61.5668,22.4915
908.0,747.0,1.0,1.0,789.0,92.0,870.0,21.0,755.0,27.0,101.0,35.0,994.0,21.0,6.06367e-05,61.68373,26117.46,25358040.0,60.8587,19.4053
393.0,857.0,4.0,3.0,738.0,88.0,804.0,64.0,589.0,78.0,281.0,50.0,935.0,38.0,5.486354e-05,63.19465,10785.12,12750420.0,83.3156,42.4317
491.0,908.0,2.0,1.0,599.0,14.0,147.0,32.0,467.0,13.0,467.0,64.0,180.0,67.0,7.719432e-05,59.61386,16783.42,12750420.0,82.9849,31.2907
453.0,906.0,1.0,2.0,737.0,2.0,809.0,60.0,612.0,58.0,260.0,48.0,337.0,37.0,2.752162e-05,50.45863,26117.46,8193759.0,76.236,24.9374
816.0,955.0,1.0,2.0,256.0,67.0,506.0,68.0,584.0,8.0,692.0,46.0,181.0,37.0,1.829087e-05,38.03945,98416.24,6729644.0,49.1046,10.6015
729.0,741.0,1.0,1.0,797.0,94.0,741.0,14.0,716.0,39.0,116.0,36.0,985.0,26.0,9.406206e-05,62.97748,40642.28,48044980.0,59.3726,29.2773
518.0,833.0,6.0,5.0,658.0,76.0,839.0,14.0,357.0,88.0,321.0,74.0,336.0,15.0,2.336984e-05,31.27826,63244.55,1785947.0,107.575,44.945
888.0,768.0,1.0,1.0,730.0,92.0,887.0,11.0,580.0,41.0,139.0,21.0,896.0,18.0,2.577471e-05,33.55533,238315.2,10472090.0,61.1107,17.3233
684.0,347.0,2.0,5.0,643.0,51.0,448.0,35.0,900.0,34.0,962.0,98.0,136.0,40.0,0.0007732644,20.08109,2174500.0,30874990.0,16.6199,4.18898
624.0,704.0,5.0,3.0,509.0,53.0,752.0,25.0,691.0,50.0,208.0,34.0,460.0,82.0,0.0001961512,25.79882,370846.0,8193759.0,55.6475,36.2697
573.0,862.0,1.0,2.0,975.0,30.0,538.0,50.0,573.0,59.0,380.0,77.0,994.0,84.0,6.950609e-05,62.16033,40642.28,30874990.0,65.2066,36.7643
728.0,547.0,4.0,1.0,256.0,10.0,623.0,4.0,221.0,4.0,764.0,86.0,690.0,47.0,0.0001855952,26.50563,238315.2,4324649.0,99.1379,30.4545
462.0,873.0,1.0,2.0,892.0,31.0,477.0,45.0,587.0,57.0,396.0,82.0,989.0,84.0,5.866267e-05,63.10715,26117.46,30874990.0,61.0419,26.3767
297.0,679.0,8.0,1.0,806.0,95.0,847.0,44.0,670.0,50.0,581.0,83.0,975.0,44.0,0.0003684071,63.60487,16783.42,30874990.0,122.272,28.2377
218.0,347.0,4.0,2.0,635.0,8.0,639.0,36.0,729.0,94.0,360.0,66.0,316.0,40.0,0.0008217813,16.35714,2174500.0,10472090.0,140.25,14.7917
726.0,747.0,2.0,1.0,202.0,14.0,579.0,9.0,221.0,38.0,312.0,86.0,690.0,24.0,6.781533e-05,33.42027,370846.0,12750420.0,86.6152,41.4116
332.0,795.0,1.0,1.0,372.0,15.0,936.0,18.0,821.0,70.0,376.0,93.0,597.0,30.0,6.534271e-05,41.18271,238315.2,19841090.0,67.4988,38.0808
654.0,729.0,1.0,2.0,941.0,63.0,788.0,9.0,610.0,44.0,456.0,76.0,218.0,4.0,6.328852e-05,58.58037,40642.28,30874990.0,65.7377,38.9792
492.0,921.0,1.0,2.0,964.0,30.0,585.0,33.0,492.0,59.0,320.0,84.0,992.0,97.0,1.902934e-05,53.18834,26117.46,10472090.0,63.8284,17.3098
773.0,812.0,1.0,4.0,535.0,13.0,991.0,63.0,170.0,50.0,240.0,41.0,798.0,14.0,5.042789e-05,57.40093,63244.55,30874990.0,67.6277,30.73
233.0,751.0,1.0,1.0,931.0,68.0,834.0,12.0,602.0,49.0,363.0,91.0,180.0,5.0,7.358651e-05,58.86906,40642.28,30874990.0,61.8313,22.8034
888.0,768.0,1.0,1.0,730.0,90.0,887.0,11.0,580.0,39.0,139.0,21.0,896.0,14.0,2.605744e-05,37.32122,238315.2,12750420.0,56.0895,14.08
702.0,913.0,1.0,4.0,206.0,68.0,504.0,73.0,607.0,42.0,531.0,65.0,102.0,51.0,4.374038e-05,41.97627,238315.2,25358040.0,89.7288,26.32
522.0,865.0,1.0,2.0,484.0,31.0,479.0,39.0,625.0,59.0,563.0,88.0,993.0,84.0,6.037274e-05,59.21553,40642.28,30874990.0,58.2175,25.0104
732.0,746.0,1.0,1.0,197.0,76.0,760.0,3.0,276.0,40.0,379.0,87.0,969.0,31.0,2.582824e-05,25.10241,370846.0,5265529.0,80.1666,31.9239
343.0,798.0,2.0,1.0,393.0,16.0,937.0,20.0,882.0,74.0,369.0,93.0,610.0,32.0,6.927984e-05,43.48486,98416.24,12750420.0,77.7605,48.4638
493.0,913.0,2.0,3.0,603.0,13.0,101.0,27.0,461.0,21.0,542.0,65.0,300.0,68.0,5.378078e-05,61.20542,10785.12,12750420.0,90.7512,35.1958
482.0,800.0,1.0,2.0,381.0,59.0,488.0,42.0,532.0,59.0,549.0,18.0,990.0,87.0,0.0001024929,19.81202,3383769.0,19841090.0,69.1746,35.1201
736.0,823.0,1.0,6.0,532.0,76.0,996.0,54.0,168.0,58.0,193.0,33.0,775.0,18.0,5.602635e-05,54.0797,98416.24,61404200.0,75.9143,24.7571
466.0,823.0,2.0,4.0,743.0,90.0,801.0,63.0,574.0,39.0,543.0,62.0,968.0,39.0,9.365579e-05,35.31586,370846.0,25358040.0,81.8047,21.6369
455.0,897.0,4.0,3.0,496.0,15.0,136.0,32.0,466.0,22.0,542.0,66.0,173.0,69.0,8.281644e-05,53.8461,16783.42,8193759.0,112.273,28.6108
508.0,887.0,3.0,3.0,658.0,11.0,101.0,34.0,457.0,23.0,541.0,62.0,317.0,68.0,9.447539e-05,60.16169,16783.42,12750420.0,106.794,29.5512
553.0,768.0,6.0,1.0,635.0,78.0,889.0,22.0,358.0,93.0,314.0,90.0,805.0,14.0,6.621209e-05,60.98855,10785.12,8193759.0,71.0215,14.0938
347.0,784.0,1.0,1.0,444.0,20.0,984.0,18.0,879.0,78.0,154.0,93.0,641.0,20.0,6.70912e-05,60.5274,40642.28,25358040.0,62.0812,28.1225
547.0,917.0,1.0,3.0,617.0,8.0,112.0,21.0,158.0,19.0,510.0,65.0,211.0,24.0,2.711918e-05,56.13824,26117.46,12750420.0,65.9849,21.2148
268.0,857.0,1.0,1.0,328.0,15.0,935.0,15.0,945.0,68.0,180.0,90.0,602.0,22.0,2.407458e-05,57.79231,16783.42,10472090.0,61.1641,19.877
526.0,858.0,5.0,5.0,184.0,83.0,265.0,21.0,285.0,91.0,315.0,91.0,812.0,16.0,3.773296e-05,33.72459,153147.4,6729644.0,77.76,28.5478
770.0,916.0,1.0,4.0,371.0,68.0,507.0,72.0,843.0,12.0,557.0,50.0,127.0,49.0,6.405057e-05,60.15001,26117.46,30874990.0,83.8738,29.1468
706.0,754.0,1.0,1.0,832.0,92.0,875.0,14.0,716.0,25.0,186.0,39.0,981.0,13.0,5.466656e-05,33.21063,577079.0,19841090.0,41.3721,9.76879
694.0,875.0,1.0,1.0,913.0,91.0,824.0,26.0,724.0,18.0,519.0,83.0,943.0,77.0,3.787631e-05,65.44904,10785.12,16295760.0,62.0961,16.2922
484.0,799.0,1.0,1.0,877.0,33.0,407.0,59.0,513.0,66.0,349.0,19.0,630.0,86.0,0.0001722639,20.76032,3383769.0,25358040.0,70.8014,51.8613
542.0,715.0,3.0,1.0,631.0,83.0,324.0,22.0,435.0,64.0,754.0,85.0,802.0,14.0,0.0002156237,32.63277,898000.8,30874990.0,48.9792,9.66477
663.0,822.0,1.0,1.0,899.0,91.0,822.0,27.0,708.0,16.0,550.0,84.0,981.0,79.0,9.287822e-05,61.54939,40642.28,30874990.0,63.9821,22.4027
753.0,637.0,3.0,1.0,246.0,32.0,894.0,62.0,915.0,33.0,536.0,50.0,829.0,44.0,0.000369276,43.19291,370846.0,48044980.0,108.407,19.6165
331.0,839.0,1.0,2.0,250.0,17.0,522.0,63.0,585.0,42.0,724.0,86.0,500.0,50.0,0.0001311267,61.43742,63244.55,74763430.0,63.1058,22.5728
696.0,758.0,2.0,1.0,207.0,13.0,499.0,11.0,220.0,41.0,323.0,87.0,970.0,17.0,6.668242e-05,59.23549,26117.46,19841090.0,70.0215,17.0045
725.0,431.0,9.0,1.0,603.0,76.0,211.0,6.0,200.0,1.0,361.0,84.0,690.0,40.0,0.001031667,15.00447,577079.0,2174501.0,145.515,17.6081
289.0,902.0,2.0,6.0,290.0,85.0,281.0,73.0,397.0,86.0,337.0,83.0,363.0,15.0,5.056608e-05,20.70363,898000.8,8193759.0,47.9561,19.2663
730.0,960.0,1.0,3.0,371.0,68.0,522.0,71.0,919.0,14.0,537.0,46.0,102.0,51.0,2.407612e-05,54.13321,26117.46,10472090.0,72.6739,26.1721
660.0,764.0,1.0,3.0,950.0,65.0,788.0,10.0,612.0,37.0,385.0,87.0,269.0,4.0,4.653667e-05,48.22731,98416.24,25358040.0,63.0554,32.3753
502.0,844.0,1.0,2.0,879.0,40.0,515.0,48.0,537.0,58.0,345.0,28.0,993.0,86.0,6.959179e-05,29.76283,898000.8,25358040.0,69.5632,49.8672
235.0,836.0,1.0,1.0,930.0,63.0,652.0,15.0,611.0,44.0,359.0,87.0,179.0,12.0,4.49173e-05,55.15487,40642.28,19841090.0,65.6947,21.7216
323.0,877.0,4.0,5.0,200.0,82.0,889.0,67.0,286.0,89.0,321.0,94.0,340.0,14.0,3.663505e-05,57.47269,16783.42,10472090.0,93.7036,31.0412
732.0,762.0,2.0,1.0,188.0,9.0,509.0,9.0,257.0,41.0,329.0,73.0,969.0,17.0,5.337532e-05,52.02962,40642.28,16295760.0,73.3577,17.5499
239.0,906.0,5.0,2.0,270.0,83.0,937.0,69.0,345.0,93.0,811.0,83.0,807.0,22.0,1.82268e-05,57.57843,6930.448,6729644.0,18.5327,1.79591
366.0,856.0,1.0,1.0,399.0,15.0,915.0,24.0,859.0,74.0,158.0,92.0,797.0,21.0,2.524735e-05,35.2695,238315.2,10472090.0,45.1385,10.5467
731.0,722.0,1.0,1.0,794.0,91.0,763.0,21.0,728.0,41.0,167.0,36.0,905.0,20.0,0.0001195945,62.0495,63244.55,61404200.0,51.3991,26.2171
452.0,732.0,8.0,1.0,595.0,67.0,337.0,21.0,357.0,64.0,289.0,82.0,803.0,13.0,0.0001730633,23.30043,577079.0,6729644.0,72.4889,16.3803
322.0,767.0,1.0,1.0,483.0,13.0,909.0,14.0,884.0,69.0,171.0,89.0,663.0,26.0,8.693882e-05,58.27645,40642.28,25358040.0,71.446,52.4687
300.0,683.0,8.0,1.0,916.0,22.0,976.0,42.0,670.0,56.0,994.0,83.0,980.0,46.0,0.0002510626,32.62471,238315.2,6729644.0,101.873,33.122
478.0,770.0,1.0,1.0,476.0,28.0,983.0,26.0,875.0,77.0,184.0,85.0,613.0,26.0,0.0001080899,62.03508,40642.28,39459980.0,64.9906,48.137
729.0,745.0,1.0,1.0,794.0,91.0,763.0,20.0,752.0,40.0,130.0,36.0,905.0,24.0,0.0001048746,62.03013,63244.55,61404200.0,53.9401,24.1666
883.0,771.0,1.0,1.0,765.0,81.0,972.0,21.0,604.0,24.0,181.0,41.0,908.0,25.0,5.964817e-05,62.44845,26117.46,25358040.0,65.0325,20.0435
332.0,791.0,1.0,1.0,376.0,23.0,977.0,26.0,824.0,76.0,151.0,89.0,652.0,29.0,8.784301e-05,60.18978,40642.28,39459980.0,64.2633,40.4165
422.0,915.0,3.0,1.0,778.0,14.0,106.0,35.0,455.0,23.0,550.0,66.0,145.0,43.0,6.418297e-05,57.64383,16783.42,8193759.0,79.6437,21.7039
858.0,678.0,2.0,1.0,840.0,94.0,829.0,21.0,723.0,42.0,102.0,34.0,885.0,26.0,0.0001130044,44.17135,153147.4,19841090.0,82.6981,62.9399
528.0,903.0,4.0,6.0,613.0,82.0,321.0,70.0,397.0,89.0,331.0,84.0,785.0,15.0,3.710238e-05,17.62134,370846.0,2174501.0,0.0,0.0
888.0,634.0,2.0,1.0,799.0,88.0,712.0,21.0,642.0,42.0,166.0,34.0,927.0,24.0,7.393703e-05,35.05241,238315.2,12750420.0,84.6036,65.4911
754.0,275.0,1.0,1.0,979.0,10.0,947.0,56.0,178.0,74.0,611.0,44.0,796.0,1.0,4.418114e-05,29.14583,577079.0,16295760.0,60.2387,14.6124
474.0,866.0,1.0,2.0,972.0,32.0,522.0,44.0,492.0,61.0,326.0,16.0,950.0,85.0,3.723516e-05,20.69866,898000.8,8193759.0,64.2428,54.3887
491.0,939.0,1.0,3.0,605.0,5.0,118.0,26.0,172.0,19.0,543.0,50.0,346.0,27.0,1.740877e-05,52.3077,26117.46,10472090.0,49.3823,11.086
680.0,829.0,1.0,6.0,968.0,74.0,997.0,64.0,355.0,58.0,251.0,33.0,759.0,17.0,5.978827e-05,61.4994,63244.55,48044980.0,66.2915,28.0594
471.0,887.0,4.0,3.0,548.0,15.0,115.0,33.0,466.0,17.0,532.0,66.0,174.0,66.0,0.0001190353,57.92467,16783.42,12750420.0,118.924,21.5352
729.0,750.0,1.0,1.0,797.0,94.0,726.0,12.0,683.0,43.0,145.0,32.0,987.0,27.0,7.189624e-05,46.04185,238315.2,30874990.0,60.6073,27.2659
324.0,799.0,1.0,1.0,383.0,28.0,971.0,31.0,820.0,72.0,170.0,94.0,599.0,24.0,8.149328e-05,47.00527,238315.2,39459980.0,57.9589,26.9222
625.0,859.0,2.0,1.0,923.0,97.0,871.0,28.0,537.0,50.0,477.0,68.0,918.0,47.0,3.231928e-05,46.59276,63244.55,8193759.0,65.0627,14.7193
789.0,419.0,3.0,1.0,235.0,5.0,643.0,12.0,202.0,5.0,395.0,31.0,688.0,48.0,0.0001155089,17.41311,577079.0,2779135.0,98.1995,28.4821
643.0,841.0,2.0,4.0,811.0,98.0,870.0,32.0,640.0,11.0,527.0,64.0,656.0,81.0,9.347758e-05,65.28483,10785.12,19841090.0,113.65,24.1427
642.0,841.0,2.0,4.0,811.0,99.0,870.0,32.0,640.0,12.0,566.0,70.0,659.0,83.0,9.341343e-05,64.00064,10785.12,19841090.0,113.391,22.8681
504.0,716.0,6.0,1.0,612.0,82.0,889.0,26.0,361.0,66.0,307.0,90.0,778.0,17.0,0.000139999,62.2792,16783.42,16295760.0,89.4844,38.3627
454.0,896.0,3.0,4.0,579.0,15.0,133.0,32.0,458.0,15.0,530.0,70.0,269.0,66.0,8.326931e-05,40.3701,98416.24,10472090.0,116.791,24.5366
543.0,897.0,5.0,5.0,624.0,86.0,897.0,18.0,364.0,92.0,294.0,90.0,842.0,14.0,7.890702e-06,54.99672,2861.474,1397392.0,65.0153,10.7587
493.0,890.0,4.0,2.0,490.0,13.0,130.0,32.0,474.0,16.0,530.0,59.0,267.0,69.0,9.271742e-05,60.73505,10785.12,8193759.0,98.0921,35.4722
489.0,902.0,1.0,3.0,570.0,9.0,147.0,17.0,579.0,20.0,539.0,58.0,371.0,57.0,3.935755e-05,58.40467,26117.46,16295760.0,79.1698,39.1502
700.0,678.0,2.0,1.0,844.0,91.0,720.0,21.0,716.0,42.0,100.0,35.0,824.0,24.0,0.0002019247,59.70014,63244.55,48044980.0,85.6353,54.0092
439.0,885.0,3.0,3.0,504.0,83.0,858.0,64.0,589.0,74.0,376.0,47.0,918.0,36.0,3.063981e-05,62.85986,10785.12,10472090.0,58.1001,12.3456
265.0,838.0,6.0,1.0,626.0,80.0,295.0,72.0,358.0,99.0,754.0,76.0,805.0,17.0,0.0001457609,22.33693,577079.0,12750420.0,0.0,0.0
393.0,807.0,4.0,2.0,509.0,85.0,823.0,63.0,601.0,68.0,316.0,50.0,915.0,38.0,0.0001168872,63.22556,16783.42,25358040.0,98.9241,38.4127
323.0,867.0,4.0,5.0,868.0,83.0,869.0,75.0,356.0,88.0,323.0,92.0,375.0,16.0,4.91902e-05,54.26188,26117.46,12750420.0,103.098,27.7405
268.0,861.0,1.0,1.0,384.0,14.0,912.0,15.0,884.0,69.0,171.0,88.0,663.0,23.0,2.199803e-05,58.069,16783.42,10472090.0,60.6628,18.2908
294.0,739.0,2.0,2.0,921.0,64.0,856.0,78.0,574.0,44.0,178.0,88.0,113.0,10.0,0.0004045835,26.16621,2174500.0,39459980.0,66.3194,20.7801
204.0,858.0,5.0,5.0,905.0,81.0,881.0,73.0,287.0,97.0,323.0,90.0,350.0,15.0,5.553098e-05,59.56555,10785.12,16295760.0,117.908,25.1819
446.0,899.0,2.0,2.0,502.0,79.0,814.0,60.0,591.0,66.0,276.0,55.0,288.0,34.0,3.205082e-05,55.06266,26117.46,10472090.0,72.1142,24.1754
709.0,827.0,1.0,2.0,899.0,93.0,753.0,25.0,734.0,13.0,592.0,83.0,969.0,76.0,8.473724e-05,42.69349,238315.2,19841090.0,71.5471,30.3554
523.0,843.0,1.0,1.0,476.0,30.0,522.0,45.0,496.0,59.0,350.0,17.0,993.0,84.0,5.636037e-05,21.94542,1397391.0,16295760.0,52.7873,14.8115
392.0,854.0,4.0,3.0,509.0,80.0,865.0,68.0,619.0,72.0,371.0,48.0,932.0,37.0,5.66982e-05,64.18537,10785.12,12750420.0,84.067,39.305
753.0,689.0,2.0,1.0,272.0,32.0,851.0,73.0,915.0,32.0,536.0,50.0,835.0,44.0,0.0003341377,64.5421,63244.55,95551890.0,89.071,21.2206
332.0,809.0,2.0,1.0,372.0,15.0,947.0,18.0,882.0,76.0,148.0,92.0,610.0,32.0,6.620947e-05,56.92781,16783.42,10472090.0,78.245,50.006
898.0,749.0,1.0,1.0,839.0,88.0,983.0,20.0,755.0,38.0,141.0,33.0,994.0,21.0,4.931219e-05,45.96112,153147.4,19841090.0,59.6864,20.955
393.0,856.0,1.0,3.0,738.0,86.0,663.0,62.0,601.0,70.0,316.0,50.0,953.0,42.0,6.333321e-05,62.60436,40642.28,48044980.0,46.326,28.7367
245.0,851.0,4.0,5.0,588.0,82.0,923.0,73.0,394.0,98.0,819.0,89.0,810.0,18.0,5.209735e-05,64.22225,10785.12,12750420.0,77.5377,24.7687
554.0,742.0,5.0,4.0,612.0,76.0,317.0,21.0,414.0,88.0,831.0,83.0,801.0,17.0,0.0001649756,61.52516,26117.46,148689600.0,42.4356,14.2877
491.0,893.0,1.0,2.0,963.0,30.0,565.0,36.0,457.0,48.0,394.0,74.0,997.0,98.0,3.459631e-05,53.66851,40642.28,16295760.0,67.1244,22.8829
461.0,770.0,1.0,1.0,483.0,28.0,978.0,24.0,874.0,77.0,184.0,79.0,611.0,26.0,0.0001035222,61.35384,40642.28,39459980.0,65.6712,49.5461
642.0,717.0,1.0,3.0,900.0,64.0,788.0,13.0,610.0,35.0,383.0,87.0,218.0,4.0,9.485487e-05,40.79185,370846.0,39459980.0,77.3015,28.0586
263.0,861.0,1.0,1.0,441.0,13.0,946.0,14.0,923.0,63.0,179.0,87.0,606.0,15.0,1.746578e-05,56.50595,16783.42,8193759.0,56.2706,14.6658
365.0,807.0,1.0,1.0,397.0,15.0,936.0,19.0,882.0,70.0,158.0,89.0,592.0,23.0,5.879687e-05,60.24231,26117.46,19841090.0,63.9899,27.378
555.0,896.0,2.0,5.0,273.0,80.0,927.0,75.0,285.0,88.0,325.0,82.0,401.0,18.0,2.641025e-05,58.7696,16783.42,12750420.0,63.8069,23.3596
726.0,959.0,1.0,2.0,371.0,65.0,523.0,75.0,588.0,13.0,525.0,47.0,126.0,44.0,2.102911e-05,57.05733,16783.42,10472090.0,63.0452,15.3911
346.0,840.0,3.0,4.0,262.0,91.0,838.0,70.0,287.0,88.0,326.0,93.0,355.0,18.0,7.868725e-05,58.78151,40642.28,61404200.0,99.5142,19.193
557.0,853.0,2.0,3.0,574.0,80.0,847.0,63.0,716.0,70.0,458.0,47.0,925.0,38.0,5.43776e-05,64.55969,16783.42,25358040.0,66.1112,36.5226
565.0,929.0,1.0,1.0,648.0,14.0,113.0,20.0,465.0,8.0,539.0,25.0,180.0,21.0,2.235239e-05,45.77406,63244.55,10472090.0,49.742,9.84646
716.0,821.0,1.0,1.0,903.0,88.0,753.0,27.0,647.0,18.0,592.0,86.0,932.0,78.0,9.585899e-05,66.51171,26117.46,39459980.0,63.169,22.0067
537.0,738.0,4.0,1.0,597.0,83.0,319.0,22.0,415.0,63.0,749.0,96.0,841.0,23.0,0.0001972948,60.60787,40642.28,39459980.0,72.2831,25.661
384.0,854.0,4.0,3.0,463.0,78.0,775.0,54.0,596.0,71.0,874.0,87.0,382.0,67.0,5.609178e-05,25.33268,238315.2,4324649.0,117.102,24.6084
509.0,709.0,8.0,1.0,250.0,69.0,295.0,22.0,358.0,60.0,316.0,91.0,805.0,23.0,0.0002804909,27.22186,577079.0,12750420.0,113.734,27.33
655.0,825.0,1.0,2.0,941.0,64.0,788.0,12.0,598.0,37.0,425.0,87.0,239.0,4.0,2.384699e-05,45.65521,98416.24,12750420.0,44.697,8.30492
726.0,626.0,3.0,1.0,208.0,82.0,623.0,22.0,252.0,43.0,322.0,74.0,921.0,24.0,0.0002760109,51.53786,238315.2,74763430.0,112.722,20.1042
379.0,860.0,1.0,1.0,441.0,15.0,975.0,18.0,884.0,62.0,210.0,89.0,604.0,20.0,2.272874e-05,60.70507,10785.12,10472090.0,58.2998,16.1623
332.0,809.0,1.0,1.0,377.0,15.0,973.0,14.0,858.0,75.0,386.0,93.0,629.0,31.0,4.529169e-05,37.54593,238315.2,12750420.0,67.6771,34.0006
310.0,858.0,5.0,1.0,239.0,66.0,173.0,73.0,247.0,51.0,321.0,92.0,338.0,86.0,0.0002480942,56.82989,63244.55,39459980.0,111.921,25.5975
268.0,864.0,1.0,1.0,453.0,14.0,969.0,14.0,876.0,69.0,195.0,88.0,663.0,23.0,1.976112e-05,55.85734,16783.42,8193759.0,62.6873,19.4301
966.0,214.0,4.0,5.0,597.0,27.0,159.0,53.0,298.0,3.0,865.0,98.0,232.0,32.0,9.228182e-05,10.74956,63244.55,195732.3,99.325,38.7302
682.0,829.0,1.0,6.0,957.0,85.0,967.0,58.0,321.0,56.0,250.0,34.0,794.0,17.0,5.624158e-05,61.387,63244.55,48044980.0,64.5324,27.9685
739.0,942.0,1.0,3.0,272.0,15.0,385.0,72.0,687.0,14.0,550.0,81.0,166.0,57.0,3.823279e-05,38.22904,153147.4,10472090.0,70.9113,26.7924
345.0,862.0,1.0,1.0,442.0,13.0,935.0,18.0,923.0,66.0,179.0,93.0,606.0,23.0,2.433839e-05,60.17107,10785.12,10472090.0,60.1711,18.1697
244.0,337.0,4.0,1.0,658.0,12.0,628.0,10.0,718.0,95.0,588.0,59.0,316.0,40.0,0.0003664957,10.86168,1397391.0,4324649.0,113.39,56.2256
456.0,909.0,1.0,2.0,586.0,11.0,159.0,20.0,156.0,17.0,468.0,65.0,202.0,23.0,2.947202e-05,56.26931,26117.46,16295760.0,65.521,18.5843
210.0,886.0,1.0,1.0,946.0,60.0,632.0,15.0,603.0,44.0,306.0,76.0,166.0,16.0,2.266232e-05,51.24329,26117.46,10472090.0,69.1509,20.7306
323.0,683.0,7.0,1.0,707.0,78.0,725.0,71.0,408.0,27.0,220.0,28.0,952.0,25.0,0.0004484886,19.00796,1397391.0,10472090.0,114.088,34.3069
890.0,239.0,3.0,6.0,332.0,49.0,671.0,82.0,611.0,63.0,483.0,47.0,651.0,51.0,9.694696e-05,13.78913,577079.0,2779135.0,63.6113,11.1494
371.0,970.0,1.0,1.0,396.0,58.0,401.0,73.0,599.0,33.0,546.0,61.0,103.0,45.0,1.697094e-05,50.11282,40642.28,10472090.0,64.1029,15.9266
716.0,746.0,1.0,1.0,202.0,15.0,591.0,15.0,248.0,42.0,322.0,85.0,717.0,25.0,9.845997e-05,39.74891,577079.0,39459980.0,74.3905,31.1216
753.0,694.0,4.0,1.0,245.0,32.0,862.0,65.0,915.0,27.0,536.0,50.0,835.0,44.0,0.0003212816,55.45545,63244.55,39459980.0,105.622,20.7359
452.0,800.0,1.0,2.0,863.0,34.0,489.0,50.0,540.0,62.0,349.0,86.0,989.0,87.0,0.0001991601,61.99844,63244.55,95551890.0,85.6436,26.6229
525.0,911.0,1.0,3.0,396.0,3.0,871.0,63.0,391.0,66.0,239.0,45.0,319.0,34.0,2.194699e-05,43.28985,98416.24,10472090.0,73.7345,27.2331
658.0,785.0,1.0,3.0,993.0,66.0,836.0,9.0,582.0,37.0,345.0,97.0,180.0,4.0,4.035793e-05,61.37321,16783.42,19841090.0,70.4797,40.69
493.0,906.0,1.0,3.0,570.0,9.0,147.0,18.0,575.0,11.0,505.0,64.0,371.0,60.0,4.259561e-05,36.6988,153147.4,10472090.0,80.3947,37.148
709.0,830.0,2.0,2.0,833.0,94.0,804.0,27.0,725.0,18.0,556.0,82.0,927.0,77.0,8.269985e-05,66.9114,10785.12,16295760.0,88.0976,39.2312
739.0,846.0,1.0,6.0,536.0,76.0,992.0,64.0,173.0,57.0,193.0,33.0,779.0,18.0,4.530128e-05,59.57706,63244.55,39459980.0,62.9662,29.4943
528.0,830.0,5.0,6.0,613.0,83.0,317.0,25.0,397.0,90.0,831.0,83.0,785.0,15.0,6.044864e-05,65.62899,6930.448,25358040.0,96.3495,21.8659
531.0,903.0,1.0,3.0,626.0,22.0,164.0,19.0,253.0,19.0,520.0,65.0,206.0,24.0,3.149529e-05,57.28723,26117.46,16295760.0,69.1307,28.1123
680.0,829.0,1.0,6.0,976.0,11.0,967.0,50.0,321.0,53.0,263.0,34.0,798.0,17.0,4.602684e-05,57.79908,40642.28,25358040.0,81.1454,30.722
718.0,763.0,1.0,3.0,943.0,64.0,744.0,10.0,612.0,38.0,386.0,97.0,235.0,4.0,5.113446e-05,50.63857,98416.24,25358040.0,65.5049,33.5214
851.0,766.0,1.0,5.0,551.0,10.0,833.0,92.0,688.0,65.0,168.0,37.0,104.0,41.0,3.786143e-05,12.57076,577079.0,1785947.0,98.4639,27.4481
549.0,392.0,4.0,5.0,251.0,53.0,247.0,41.0,156.0,23.0,742.0,37.0,364.0,77.0,0.001548476,11.36971,8193758.0,360050100.0,15.0989,8.56301
393.0,854.0,4.0,3.0,509.0,88.0,859.0,64.0,619.0,68.0,336.0,50.0,920.0,38.0,5.586047e-05,63.78739,10785.12,12750420.0,86.4606,40.1072
563.0,210.0,4.0,3.0,166.0,39.0,901.0,34.0,119.0,88.0,355.0,64.0,132.0,30.0,0.0006885397,6.321589,8193758.0,12750420.0,-3.01653,-668.835
342.0,857.0,4.0,5.0,285.0,81.0,843.0,63.0,289.0,94.0,249.0,89.0,338.0,15.0,5.321345e-05,57.81827,16783.42,19841090.0,116.639,23.6778
528.0,875.0,4.0,5.0,565.0,81.0,302.0,17.0,396.0,90.0,831.0,81.0,785.0,15.0,2.111632e-05,58.88318,6930.448,5265529.0,54.151,10.5129
439.0,920.0,1.0,1.0,782.0,4.0,802.0,64.0,586.0,62.0,286.0,49.0,261.0,38.0,2.26344e-05,49.50212,40642.28,8193759.0,69.6408,18.0709
690.0,677.0,2.0,1.0,854.0,94.0,726.0,8.0,720.0,42.0,101.0,34.0,891.0,25.0,0.0001200661,46.12507,153147.4,19841090.0,84.9509,59.0553
394.0,874.0,4.0,1.0,794.0,14.0,625.0,93.0,915.0,40.0,287.0,87.0,347.0,3.0,4.93877e-05,-3.083434,-10.0,-10.0,-65.4822,-7.87845
370.0,810.0,1.0,1.0,375.0,30.0,977.0,25.0,872.0,78.0,183.0,89.0,661.0,14.0,4.551629e-05,33.51681,577079.0,16295760.0,40.1488,10.3933
594.0,938.0,1.0,3.0,591.0,10.0,119.0,19.0,170.0,17.0,499.0,42.0,202.0,24.0,1.462636e-05,52.33963,26117.46,8193759.0,61.8748,15.4694
732.0,824.0,1.0,2.0,821.0,92.0,793.0,25.0,733.0,18.0,519.0,81.0,971.0,78.0,8.68363e-05,66.96536,16783.42,30874990.0,74.136,35.9723
811.0,693.0,1.0,3.0,365.0,70.0,456.0,60.0,609.0,12.0,535.0,47.0,812.0,39.0,0.0003189038,27.82502,2174500.0,74763430.0,24.4323,2.63921
522.0,836.0,1.0,2.0,493.0,41.0,468.0,45.0,625.0,58.0,407.0,83.0,962.0,83.0,0.0001121406,64.28516,40642.28,61404200.0,69.1686,31.0789
401.0,916.0,6.0,4.0,252.0,82.0,878.0,73.0,353.0,91.0,323.0,87.0,404.0,23.0,1.960665e-05,57.81002,4453.334,3383770.0,72.6101,15.3762
721.0,759.0,2.0,1.0,425.0,76.0,493.0,13.0,187.0,2.0,720.0,28.0,957.0,17.0,7.492283e-05,18.90886,898000.8,5265529.0,48.6042,9.29268
853.0,642.0,1.0,1.0,789.0,91.0,743.0,21.0,786.0,41.0,167.0,36.0,994.0,26.0,0.0001173652,42.17563,370846.0,39459980.0,68.7266,60.8357
565.0,900.0,1.0,1.0,586.0,10.0,113.0,31.0,156.0,8.0,480.0,26.0,229.0,19.0,4.303815e-05,29.2166,577079.0,16295760.0,41.6224,8.22655
528.0,902.0,1.0,3.0,624.0,10.0,159.0,18.0,216.0,18.0,542.0,48.0,219.0,25.0,2.781547e-05,51.7548,40642.28,12750420.0,73.2484,31.9523
709.0,835.0,1.0,2.0,908.0,92.0,752.0,25.0,734.0,17.0,592.0,92.0,928.0,77.0,7.746549e-05,65.54177,16783.42,30874990.0,70.4526,31.377
267.0,857.0,1.0,1.0,340.0,14.0,931.0,15.0,911.0,73.0,218.0,94.0,607.0,21.0,2.305808e-05,56.94457,16783.42,10472090.0,60.2438,19.3476
525.0,889.0,8.0,5.0,641.0,73.0,885.0,72.0,294.0,88.0,807.0,88.0,341.0,11.0,2.673256e-05,58.33528,4453.334,3383770.0,71.2615,15.648
710.0,668.0,2.0,1.0,755.0,89.0,800.0,21.0,759.0,37.0,166.0,20.0,905.0,16.0,0.0001561538,65.09589,40642.28,48044980.0,71.0404,56.8248
703.0,560.0,4.0,1.0,237.0,20.0,629.0,5.0,199.0,4.0,764.0,82.0,947.0,46.0,0.0002344227,32.97071,238315.2,8193759.0,102.537,30.0739
493.0,887.0,3.0,3.0,494.0,14.0,100.0,24.0,467.0,26.0,548.0,61.0,193.0,65.0,8.030844e-05,47.03349,63244.55,12750420.0,111.126,29.3049
731.0,720.0,2.0,1.0,743.0,89.0,802.0,21.0,697.0,36.0,167.0,41.0,995.0,17.0,0.0001060048,36.04154,370846.0,19841090.0,63.0132,19.4921
696.0,860.0,1.0,1.0,903.0,81.0,855.0,22.0,537.0,19.0,465.0,68.0,971.0,78.0,4.323928e-05,56.56097,26117.46,16295760.0,68.4362,20.0425
417.0,831.0,4.0,1.0,639.0,82.0,886.0,18.0,357.0,87.0,309.0,75.0,375.0,16.0,2.857914e-05,33.53177,98416.24,3383770.0,78.7833,21.3845
527.0,737.0,1.0,1.0,271.0,84.0,317.0,25.0,407.0,60.0,273.0,83.0,807.0,22.0,0.0002208094,25.10009,5265528.0,61404200.0,43.5811,18.8918
451.0,904.0,1.0,3.0,591.0,12.0,143.0,27.0,151.0,17.0,540.0,65.0,268.0,18.0,3.384006e-05,25.64034,577079.0,10472090.0,49.5931,13.9784
493.0,906.0,1.0,3.0,570.0,8.0,147.0,22.0,552.0,20.0,523.0,44.0,361.0,27.0,2.956357e-05,37.06514,238315.2,10472090.0,58.8668,17.313
509.0,700.0,8.0,1.0,638.0,69.0,429.0,20.0,361.0,50.0,754.0,96.0,343.0,22.0,0.0002311216,33.66532,238315.2,10472090.0,116.674,25.513
671.0,275.0,1.0,1.0,463.0,1.0,946.0,66.0,154.0,74.0,223.0,32.0,797.0,1.0,2.603757e-05,23.15602,577079.0,6729644.0,80.3874,23.9483
503.0,900.0,1.0,2.0,692.0,5.0,828.0,62.0,436.0,38.0,251.0,51.0,301.0,41.0,3.538648e-05,53.2141,40642.28,12750420.0,77.9324,30.2833
529.0,939.0,1.0,3.0,579.0,17.0,135.0,20.0,172.0,12.0,543.0,50.0,239.0,27.0,1.644144e-05,58.99233,16783.42,10472090.0,57.6599,13.5391
393.0,856.0,4.0,3.0,739.0,79.0,803.0,66.0,618.0,70.0,316.0,48.0,920.0,38.0,5.736799e-05,63.61106,10785.12,12750420.0,84.6366,42.285
541.0,896.0,5.0,5.0,273.0,80.0,895.0,74.0,287.0,87.0,325.0,83.0,392.0,17.0,2.665291e-05,59.30575,6930.448,5265529.0,80.0645,31.1068
332.0,816.0,1.0,1.0,383.0,18.0,997.0,13.0,819.0,75.0,386.0,91.0,629.0,30.0,3.838352e-05,36.85325,238315.2,10472090.0,67.6573,31.4009
367.0,838.0,1.0,1.0,398.0,18.0,994.0,13.0,879.0,75.0,149.0,94.0,629.0,22.0,2.969431e-05,56.66427,26117.46,10472090.0,63.7268,22.7472
727.0,860.0,2.0,1.0,903.0,91.0,811.0,27.0,708.0,17.0,542.0,83.0,904.0,78.0,5.208e-05,66.18285,6930.448,10472090.0,75.5264,21.6652
386.0,611.0,1.0,3.0,652.0,78.0,695.0,33.0,201.0,20.0,830.0,44.0,376.0,66.0,0.0003963208,15.54901,8193758.0,39459980.0,14.4004,7.12733
797.0,682.0,1.0,1.0,901.0,92.0,828.0,22.0,723.0,37.0,162.0,34.0,895.0,53.0,0.0001463915,36.66827,898000.8,39459980.0,79.1797,58.5713
731.0,280.0,1.0,1.0,984.0,7.0,947.0,66.0,178.0,73.0,611.0,29.0,811.0,1.0,3.791354e-05,23.76901,898000.8,10472090.0,63.7511,15.273
377.0,861.0,1.0,1.0,453.0,13.0,818.0,18.0,923.0,65.0,179.0,93.0,606.0,23.0,2.608457e-05,58.84425,16783.42,10472090.0,58.444,17.0185
330.0,679.0,8.0,2.0,206.0,79.0,998.0,32.0,368.0,58.0,442.0,45.0,966.0,67.0,0.0001735852,22.18029,577079.0,8193759.0,50.2573,15.5046
539.0,716.0,6.0,1.0,632.0,77.0,889.0,22.0,383.0,93.0,307.0,90.0,805.0,14.0,0.0001129545,62.05553,10785.12,12750420.0,82.6448,34.7023
683.0,686.0,1.0,3.0,989.0,64.0,824.0,9.0,596.0,37.0,385.0,97.0,272.0,4.0,9.020515e-05,61.68709,40642.28,48044980.0,79.9674,30.086
696.0,746.0,2.0,1.0,202.0,15.0,513.0,12.0,221.0,41.0,323.0,84.0,971.0,18.0,7.992674e-05,59.36016,26117.46,25358040.0,72.1744,20.2572
904.0,749.0,1.0,1.0,795.0,88.0,984.0,10.0,704.0,38.0,141.0,34.0,994.0,14.0,3.307111e-05,46.46772,98416.24,12750420.0,60.5078,17.5938
704.0,694.0,4.0,1.0,197.0,31.0,886.0,89.0,919.0,33.0,556.0,50.0,829.0,54.0,0.0004509801,44.05461,370846.0,61404200.0,115.346,19.3339
528.0,829.0,5.0,6.0,613.0,83.0,317.0,25.0,412.0,90.0,824.0,84.0,806.0,15.0,6.125795e-05,64.69804,10785.12,25358040.0,95.6199,21.7811
752.0,981.0,4.0,1.0,252.0,32.0,865.0,62.0,922.0,31.0,536.0,50.0,835.0,44.0,3.935344e-06,41.94577,6930.448,737540.9,46.0134,5.17339
500.0,789.0,1.0,1.0,958.0,64.0,489.0,44.0,542.0,65.0,550.0,83.0,990.0,83.0,0.0001856409,42.58916,577079.0,74763430.0,56.2315,26.3488
696.0,705.0,2.0,1.0,171.0,73.0,525.0,9.0,195.0,37.0,327.0,86.0,685.0,19.0,0.0001077681,38.74369,370846.0,30874990.0,86.9749,30.7948
544.0,890.0,3.0,3.0,605.0,12.0,113.0,27.0,149.0,14.0,530.0,18.0,190.0,23.0,4.235178e-05,31.52763,238315.2,6729644.0,87.2564,46.3716
329.0,392.0,8.0,3.0,947.0,73.0,194.0,81.0,156.0,82.0,893.0,37.0,184.0,16.0,0.002359595,8.846334,5265528.0,116340400.0,30.3315,15.6442
385.0,696.0,1.0,1.0,381.0,62.0,506.0,68.0,605.0,12.0,557.0,47.0,106.0,38.0,0.001321898,48.46495,1397391.0,871857100.0,45.9062,13.6347
836.0,674.0,1.0,1.0,914.0,94.0,799.0,13.0,725.0,42.0,100.0,33.0,905.0,16.0,9.538577e-05,55.98415,98416.24,39459980.0,62.3741,58.7482
371.0,955.0,1.0,1.0,336.0,64.0,375.0,58.0,603.0,41.0,579.0,63.0,112.0,43.0,1.896607e-05,49.09964,63244.55,12750420.0,61.4848,15.7506
493.0,814.0,1.0,1.0,499.0,37.0,472.0,44.0,540.0,61.0,348.0,92.0,989.0,86.0,0.0001556334,63.03224,63244.55,74763430.0,63.0506,31.9913
245.0,873.0,5.0,3.0,588.0,83.0,896.0,75.0,414.0,93.0,819.0,90.0,807.0,22.0,3.867318e-05,64.36567,6930.448,8193759.0,47.5208,7.71088
263.0,858.0,1.0,5.0,899.0,88.0,885.0,72.0,287.0,94.0,323.0,90.0,370.0,15.0,5.403225e-05,60.00886,63244.55,39459980.0,57.4848,22.4949
718.0,678.0,2.0,1.0,794.0,94.0,829.0,21.0,723.0,43.0,101.0,33.0,894.0,27.0,0.0001905274,61.85483,40642.28,48044980.0,85.8993,55.4683
706.0,718.0,2.0,1.0,880.0,94.0,932.0,14.0,720.0,28.0,167.0,34.0,604.0,13.0,9.608965e-05,64.38089,16783.42,25358040.0,75.2782,54.9162
320.0,806.0,1.0,2.0,272.0,12.0,747.0,73.0,527.0,41.0,517.0,84.0,522.0,50.0,0.0001926895,59.58998,98416.24,95551890.0,83.983,21.4296
501.0,852.0,2.0,3.0,491.0,82.0,705.0,64.0,435.0,70.0,390.0,51.0,920.0,38.0,6.320597e-05,63.44564,26117.46,30874990.0,70.1695,30.9634
324.0,806.0,1.0,5.0,533.0,16.0,984.0,58.0,178.0,74.0,140.0,27.0,778.0,15.0,7.649675e-05,54.16723,98416.24,48044980.0,81.6556,30.7251
648.0,859.0,1.0,1.0,789.0,83.0,754.0,28.0,537.0,48.0,465.0,69.0,970.0,47.0,3.508221e-05,56.6806,40642.28,19841090.0,47.4113,11.275
324.0,513.0,2.0,1.0,614.0,15.0,689.0,25.0,153.0,63.0,539.0,97.0,563.0,51.0,0.0004576923,15.04435,5265528.0,19841090.0,123.543,20.015
886.0,735.0,1.0,1.0,793.0,91.0,714.0,21.0,645.0,38.0,176.0,35.0,957.0,23.0,6.394016e-05,43.68826,238315.2,25358040.0,60.7868,24.7541
446.0,916.0,1.0,3.0,591.0,10.0,159.0,20.0,156.0,17.0,542.0,50.0,217.0,24.0,2.321043e-05,53.23985,40642.28,12750420.0,67.2926,21.9132
665.0,783.0,1.0,5.0,529.0,20.0,986.0,55.0,172.0,74.0,217.0,33.0,853.0,15.0,8.766872e-05,45.45808,370846.0,61404200.0,83.6464,19.9019
452.0,933.0,1.0,2.0,571.0,12.0,189.0,19.0,108.0,17.0,499.0,65.0,287.0,23.0,1.36075e-05,53.37098,26117.46,8193759.0,54.9006,12.1895
368.0,779.0,1.0,1.0,349.0,15.0,943.0,18.0,880.0,67.0,148.0,90.0,597.0,29.0,9.414607e-05,59.08086,40642.28,30874990.0,71.0025,51.4458
582.0,641.0,2.0,6.0,523.0,19.0,156.0,73.0,264.0,20.0,501.0,15.0,702.0,50.0,0.0005363402,19.42391,3383769.0,281716800.0,21.6045,10.0575
814.0,996.0,3.0,7.0,656.0,69.0,339.0,42.0,527.0,63.0,986.0,92.0,119.0,51.0,7.240473e-06,42.17401,10785.12,1147697.0,82.5041,29.258
396.0,879.0,3.0,3.0,509.0,91.0,858.0,64.0,590.0,66.0,274.0,47.0,946.0,33.0,3.414327e-05,55.03696,26117.46,10472090.0,56.863,12.0965
367.0,837.0,1.0,2.0,371.0,14.0,990.0,24.0,868.0,74.0,149.0,93.0,599.0,32.0,4.896572e-05,58.97296,26117.46,19841090.0,70.4171,48.7008
349.0,782.0,1.0,1.0,404.0,13.0,994.0,19.0,865.0,70.0,168.0,93.0,585.0,22.0,7.786594e-05,60.17268,40642.28,25358040.0,67.5169,39.6333
334.0,480.0,8.0,2.0,779.0,92.0,984.0,31.0,379.0,81.0,455.0,45.0,936.0,66.0,0.0004669118,21.97848,898000.8,19841090.0,18.1789,7.48381
709.0,733.0,1.0,1.0,739.0,92.0,708.0,21.0,203.0,44.0,146.0,43.0,903.0,21.0,0.0001116316,53.54168,153147.4,61404200.0,57.2969,22.7789
490.0,800.0,1.0,2.0,916.0,33.0,488.0,43.0,533.0,62.0,549.0,18.0,643.0,87.0,0.0001017989,14.71005,2174500.0,10472090.0,84.1656,45.3338
757.0,350.0,6.0,3.0,160.0,12.0,890.0,95.0,899.0,63.0,724.0,29.0,290.0,43.0,0.0002381083,7.320236,898000.8,1785947.0,77.1805,9.6616
673.0,828.0,1.0,1.0,943.0,87.0,996.0,56.0,158.0,74.0,230.0,33.0,780.0,1.0,3.986488e-05,11.72067,2174500.0,25358040.0,-71.6432,-13.0001
674.0,694.0,4.0,1.0,337.0,32.0,913.0,92.0,927.0,33.0,526.0,50.0,829.0,45.0,0.0004150524,31.88166,898000.8,25358040.0,110.986,21.2195
688.0,848.0,1.0,1.0,932.0,93.0,821.0,28.0,797.0,18.0,544.0,78.0,940.0,77.0,6.262835e-05,67.32618,10785.12,25358040.0,60.9244,18.4032
787.0,950.0,1.0,3.0,324.0,69.0,407.0,63.0,573.0,13.0,665.0,61.0,158.0,35.0,2.249916e-05,51.17295,40642.28,12750420.0,52.7173,13.2326
487.0,683.0,6.0,3.0,788.0,8.0,960.0,19.0,881.0,77.0,100.0,95.0,446.0,85.0,0.0003499259,30.20092,153147.4,4324649.0,126.906,44.1781
208.0,420.0,3.0,1.0,208.0,13.0,665.0,10.0,252.0,11.0,294.0,64.0,986.0,26.0,0.0006336878,28.09551,1397391.0,39459980.0,131.682,23.3355
206.0,551.0,7.0,1.0,635.0,79.0,232.0,7.0,198.0,1.0,765.0,31.0,325.0,97.0,0.001441696,-7.838876,-10.0,-10.0,141.762,0.0
493.0,716.0,3.0,3.0,623.0,7.0,252.0,23.0,146.0,14.0,581.0,27.0,963.0,30.0,0.000217218,32.40024,370846.0,19841090.0,125.653,32.4208
678.0,806.0,1.0,6.0,536.0,12.0,201.0,65.0,258.0,73.0,646.0,39.0,802.0,22.0,0.0001378803,36.41372,898000.8,61404200.0,61.4621,17.1361
714.0,484.0,3.0,1.0,173.0,14.0,628.0,12.0,225.0,43.0,387.0,82.0,690.0,48.0,0.0001865585,19.6737,1397391.0,12750420.0,118.751,17.2986
494.0,799.0,1.0,1.0,411.0,34.0,472.0,44.0,593.0,59.0,349.0,93.0,989.0,87.0,0.0001943697,61.86353,98416.24,95551890.0,66.4256,33.3129
675.0,867.0,1.0,6.0,990.0,92.0,955.0,57.0,393.0,56.0,251.0,32.0,759.0,17.0,3.039321e-05,62.12647,26117.46,25358040.0,42.1228,21.8139
693.0,710.0,1.0,1.0,790.0,89.0,855.0,13.0,790.0,43.0,101.0,26.0,992.0,26.0,0.0001078822,52.01173,153147.4,48044980.0,64.106,58.7652
656.0,809.0,1.0,3.0,809.0,60.0,830.0,10.0,543.0,38.0,328.0,96.0,180.0,4.0,3.084704e-05,61.54147,16783.42,16295760.0,65.8603,25.764
704.0,631.0,2.0,1.0,796.0,89.0,799.0,16.0,769.0,33.0,167.0,33.0,855.0,16.0,0.0001828889,62.82354,40642.28,48044980.0,82.8006,54.6006
730.0,912.0,1.0,3.0,336.0,63.0,522.0,73.0,919.0,16.0,537.0,46.0,102.0,51.0,6.481218e-05,54.75203,63244.55,25358040.0,83.1821,32.7781
453.0,900.0,1.0,2.0,737.0,4.0,851.0,60.0,433.0,65.0,260.0,44.0,354.0,36.0,2.642861e-05,38.56797,153147.4,8193759.0,73.7057,23.7415
660.0,685.0,1.0,3.0,989.0,67.0,824.0,9.0,540.0,36.0,385.0,87.0,272.0,4.0,9.045034e-05,63.82265,40642.28,48044980.0,81.0883,28.5673
577.0,836.0,1.0,3.0,979.0,62.0,879.0,9.0,607.0,33.0,362.0,97.0,194.0,4.0,1.903184e-05,62.66905,10785.12,10472090.0,61.7525,17.7114
660.0,857.0,2.0,1.0,923.0,95.0,869.0,28.0,536.0,51.0,461.0,83.0,926.0,47.0,3.551504e-05,56.06295,16783.42,10472090.0,65.4461,15.0485
378.0,955.0,1.0,2.0,336.0,68.0,400.0,72.0,554.0,44.0,594.0,58.0,106.0,43.0,1.969493e-05,48.23653,63244.55,12750420.0,64.9466,19.9926
212.0,526.0,6.0,1.0,233.0,23.0,314.0,50.0,589.0,90.0,993.0,15.0,895.0,34.0,0.001458103,14.61686,5265528.0,19841090.0,109.538,25.4921
393.0,857.0,2.0,3.0,523.0,85.0,802.0,59.0,590.0,74.0,253.0,59.0,934.0,32.0,4.976871e-05,41.05265,238315.2,16295760.0,61.2192,26.4272
475.0,841.0,1.0,2.0,506.0,32.0,538.0,46.0,590.0,57.0,350.0,89.0,993.0,83.0,9.87576e-05,63.11922,40642.28,48044980.0,71.4203,33.4459
533.0,893.0,1.0,1.0,496.0,12.0,122.0,21.0,461.0,13.0,523.0,66.0,241.0,29.0,4.865487e-05,27.70208,577079.0,10472090.0,58.0619,14.1087
683.0,686.0,1.0,2.0,944.0,64.0,852.0,9.0,580.0,40.0,344.0,96.0,272.0,4.0,8.85849e-05,63.31426,40642.28,39459980.0,71.4879,38.5241
462.0,800.0,1.0,2.0,863.0,34.0,427.0,61.0,545.0,63.0,561.0,20.0,998.0,87.0,0.0001627861,22.39574,3383769.0,30874990.0,72.006,35.8497
797.0,678.0,2.0,1.0,856.0,93.0,828.0,21.0,723.0,38.0,200.0,34.0,921.0,53.0,0.0001364766,35.38899,370846.0,19841090.0,91.7684,58.606
465.0,894.0,4.0,1.0,575.0,15.0,162.0,33.0,466.0,17.0,532.0,24.0,167.0,72.0,5.471986e-05,26.20333,238315.2,3383770.0,87.2648,51.7338
731.0,367.0,1.0,5.0,957.0,13.0,931.0,29.0,146.0,72.0,608.0,34.0,670.0,2.0,5.866171e-05,21.98014,1397391.0,16295760.0,99.7215,19.2666
751.0,694.0,1.0,1.0,247.0,8.0,506.0,69.0,925.0,12.0,556.0,47.0,819.0,43.0,0.0002708871,31.82857,1397391.0,39459980.0,76.0139,23.9633
518.0,856.0,4.0,1.0,953.0,80.0,837.0,77.0,356.0,90.0,323.0,92.0,335.0,16.0,6.25092e-05,60.39487,16783.42,12750420.0,52.5621,8.21876
799.0,679.0,1.0,1.0,978.0,92.0,830.0,22.0,739.0,39.0,101.0,37.0,544.0,54.0,0.0001925756,35.20702,898000.8,39459980.0,85.1636,58.3079
658.0,826.0,1.0,1.0,851.0,15.0,258.0,35.0,477.0,13.0,943.0,85.0,562.0,83.0,0.0001772891,61.3432,40642.28,39459980.0,69.1129,27.2682
492.0,919.0,1.0,2.0,967.0,29.0,492.0,34.0,494.0,59.0,386.0,69.0,993.0,95.0,2.036753e-05,52.80372,26117.46,10472090.0,60.222,15.8867
886.0,749.0,1.0,1.0,717.0,90.0,744.0,23.0,652.0,34.0,132.0,34.0,881.0,25.0,7.410467e-05,51.23464,98416.24,30874990.0,62.2189,26.5574
895.0,742.0,1.0,1.0,788.0,88.0,932.0,14.0,637.0,45.0,143.0,33.0,963.0,24.0,3.90808e-05,35.76685,238315.2,12750420.0,66.2832,32.8972
378.0,854.0,4.0,3.0,509.0,87.0,804.0,64.0,600.0,71.0,280.0,48.0,919.0,36.0,5.75222e-05,61.54518,16783.42,12750420.0,84.747,40.3132
721.0,697.0,1.0,1.0,259.0,71.0,597.0,4.0,152.0,41.0,651.0,73.0,913.0,26.0,3.291185e-05,19.76899,898000.8,8193759.0,74.9007,25.9609
631.0,770.0,1.0,3.0,981.0,67.0,564.0,9.0,602.0,53.0,171.0,89.0,198.0,9.0,8.122623e-05,57.91191,40642.28,30874990.0,88.5995,46.4013
655.0,783.0,1.0,3.0,899.0,66.0,787.0,10.0,612.0,42.0,385.0,97.0,151.0,4.0,4.629417e-05,59.65543,26117.46,19841090.0,71.1634,40.2819
204.0,345.0,5.0,2.0,643.0,12.0,627.0,35.0,720.0,94.0,596.0,53.0,307.0,40.0,0.0008268421,11.79323,2174500.0,6729644.0,149.97,22.2487
421.0,672.0,1.0,1.0,396.0,32.0,851.0,72.0,604.0,37.0,535.0,48.0,100.0,38.0,0.0005880494,21.84599,5265528.0,61404200.0,86.7231,18.2372
592.0,943.0,1.0,3.0,605.0,12.0,118.0,23.0,163.0,23.0,464.0,44.0,209.0,27.0,1.481471e-05,51.30538,40642.28,10472090.0,58.5933,14.4786
464.0,812.0,1.0,1.0,864.0,30.0,474.0,48.0,521.0,64.0,346.0,85.0,994.0,87.0,0.000165512,61.87921,63244.55,61404200.0,67.1995,36.3727
503.0,695.0,8.0,1.0,640.0,69.0,295.0,22.0,362.0,60.0,754.0,96.0,805.0,23.0,0.0003122385,61.95278,26117.46,25358040.0,104.201,27.7025
475.0,911.0,1.0,2.0,554.0,6.0,787.0,60.0,613.0,65.0,357.0,48.0,933.0,29.0,1.706966e-05,54.1716,26117.46,10472090.0,29.3724,5.38759
217.0,791.0,1.0,1.0,915.0,67.0,580.0,13.0,594.0,92.0,179.0,89.0,144.0,13.0,7.760844e-05,40.6056,370846.0,25358040.0,73.3341,50.077
310.0,444.0,8.0,1.0,921.0,16.0,829.0,45.0,864.0,90.0,611.0,14.0,904.0,3.0,0.0004614395,57.06919,26117.46,12750420.0,55.6617,7.53989
701.0,829.0,2.0,2.0,882.0,86.0,866.0,28.0,712.0,18.0,525.0,83.0,971.0,82.0,8.433176e-05,66.62077,10785.12,16295760.0,89.2336,40.3386
718.0,897.0,1.0,1.0,901.0,88.0,822.0,27.0,632.0,15.0,543.0,83.0,922.0,69.0,2.405586e-05,60.41915,10785.12,10472090.0,59.9563,14.4361
523.0,896.0,2.0,5.0,548.0,76.0,898.0,24.0,373.0,88.0,837.0,85.0,411.0,18.0,1.183942e-05,37.55996,63244.55,3383770.0,71.0327,23.7909
705.0,650.0,1.0,1.0,796.0,89.0,742.0,17.0,769.0,32.0,167.0,39.0,600.0,24.0,0.0002583925,61.18741,98416.24,95551890.0,79.7326,52.6739
656.0,682.0,1.0,1.0,851.0,15.0,263.0,35.0,477.0,2.0,943.0,87.0,562.0,83.0,0.0006884985,21.41228,1397391.0,12750420.0,90.5087,26.2567
520.0,833.0,6.0,1.0,639.0,76.0,886.0,76.0,332.0,85.0,309.0,75.0,341.0,16.0,8.544957e-05,60.72731,10785.12,12750420.0,66.8218,12.2055
514.0,896.0,3.0,4.0,255.0,83.0,872.0,22.0,264.0,88.0,790.0,80.0,386.0,18.0,9.381409e-06,25.61544,98416.24,1397392.0,76.8529,21.9723
300.0,679.0,8.0,2.0,923.0,19.0,840.0,42.0,670.0,53.0,995.0,84.0,979.0,46.0,0.000302676,34.5842,153147.4,10472090.0,138.086,20.6051
479.0,770.0,1.0,1.0,483.0,28.0,983.0,26.0,877.0,77.0,184.0,86.0,613.0,26.0,0.0001082366,62.06225,40642.28,39459980.0,65.0037,48.1057
246.0,512.0,6.0,2.0,844.0,40.0,208.0,22.0,187.0,58.0,529.0,22.0,389.0,26.0,0.0009458343,11.78391,3383769.0,12750420.0,53.7322,17.5353
466.0,870.0,1.0,3.0,783.0,8.0,836.0,62.0,600.0,40.0,570.0,49.0,347.0,39.0,4.938443e-05,36.88647,238315.2,16295760.0,81.0501,35.6084
562.0,853.0,3.0,3.0,497.0,82.0,816.0,60.0,716.0,68.0,389.0,47.0,925.0,38.0,5.460702e-05,65.17346,10785.12,16295760.0,78.6884,40.6438
965.0,890.0,7.0,4.0,341.0,2.0,461.0,47.0,168.0,47.0,450.0,95.0,205.0,51.0,3.731696e-05,29.87373,4453.334,125782.8,91.6802,51.2485
210.0,886.0,1.0,1.0,927.0,69.0,631.0,15.0,610.0,44.0,202.0,99.0,194.0,14.0,2.258953e-05,57.51088,16783.42,10472090.0,64.7026,17.2744
484.0,800.0,1.0,1.0,863.0,35.0,410.0,44.0,514.0,62.0,498.0,86.0,993.0,86.0,0.0001915131,59.9728,98416.24,74763430.0,62.8436,28.1261
574.0,255.0,4.0,1.0,782.0,9.0,731.0,32.0,901.0,52.0,658.0,92.0,324.0,41.0,0.0003289995,16.47242,577079.0,3383770.0,102.94,26.7888
501.0,819.0,1.0,1.0,893.0,30.0,423.0,59.0,551.0,66.0,328.0,21.0,990.0,87.0,0.0001310008,27.54037,2174500.0,30874990.0,58.2257,27.2446
358.0,870.0,5.0,3.0,495.0,74.0,625.0,38.0,349.0,24.0,320.0,87.0,376.0,79.0,8.163882e-05,54.92779,16783.42,6729644.0,114.13,33.0045
480.0,799.0,1.0,1.0,864.0,43.0,493.0,44.0,527.0,62.0,339.0,97.0,990.0,84.0,0.0001858374,62.52854,63244.55,74763430.0,67.2554,36.1921
944.0,228.0,5.0,7.0,643.0,86.0,932.0,84.0,622.0,11.0,208.0,93.0,632.0,90.0,0.0003337149,27.86511,98416.24,2779135.0,155.331,20.7697
393.0,594.0,4.0,2.0,501.0,68.0,653.0,59.0,601.0,71.0,298.0,86.0,434.0,71.0,0.001315213,37.92311,898000.8,871857100.0,5.66293,5.46971
520.0,870.0,1.0,1.0,964.0,32.0,522.0,36.0,491.0,48.0,326.0,26.0,993.0,85.0,3.475514e-05,27.74352,577079.0,10472090.0,59.099,15.5436
747.0,746.0,1.0,1.0,448.0,19.0,696.0,8.0,262.0,2.0,698.0,76.0,893.0,31.0,9.483542e-05,24.04442,577079.0,6729644.0,77.5629,31.9528
418.0,917.0,3.0,3.0,509.0,84.0,925.0,64.0,588.0,66.0,365.0,52.0,944.0,38.0,1.570224e-05,62.67889,4453.334,5265529.0,47.2825,7.54789
546.0,900.0,1.0,1.0,494.0,14.0,111.0,31.0,477.0,23.0,557.0,43.0,239.0,59.0,6.065282e-05,54.08581,63244.55,30874990.0,64.0602,18.5965
345.0,853.0,6.0,6.0,252.0,77.0,888.0,72.0,358.0,93.0,307.0,90.0,333.0,23.0,6.788522e-05,57.14707,16783.42,95551890.0,62.7641,15.8278
697.0,858.0,2.0,1.0,804.0,85.0,840.0,28.0,534.0,53.0,519.0,83.0,900.0,47.0,3.493289e-05,52.55782,26117.46,10472090.0,65.3453,14.9204
347.0,807.0,1.0,1.0,442.0,19.0,977.0,18.0,860.0,74.0,170.0,93.0,606.0,20.0,5.135482e-05,60.61685,26117.46,19841090.0,61.2119,23.3239
485.0,872.0,1.0,2.0,964.0,30.0,522.0,40.0,492.0,48.0,340.0,87.0,985.0,85.0,5.507812e-05,62.06547,26117.46,25358040.0,67.6302,31.4895
651.0,695.0,8.0,7.0,797.0,15.0,775.0,18.0,292.0,44.0,153.0,15.0,399.0,1.0,6.485512e-05,41.24389,40642.28,5265529.0,107.145,39.493
528.0,742.0,5.0,1.0,612.0,83.0,317.0,22.0,394.0,58.0,831.0,79.0,835.0,21.0,0.0001838616,65.54792,16783.42,25358040.0,68.9984,19.9496
522.0,925.0,1.0,2.0,956.0,23.0,494.0,43.0,492.0,44.0,339.0,92.0,997.0,77.0,1.923544e-05,49.98921,40642.28,10472090.0,52.3333,11.8318
888.0,635.0,1.0,1.0,734.0,91.0,935.0,9.0,580.0,27.0,123.0,36.0,895.0,14.0,6.649383e-05,42.22101,238315.2,19841090.0,74.543,64.3336
661.0,858.0,1.0,1.0,928.0,95.0,871.0,26.0,577.0,51.0,518.0,75.0,945.0,82.0,3.431832e-05,34.01665,238315.2,10472090.0,61.5982,19.4374
466.0,866.0,1.0,1.0,963.0,32.0,526.0,46.0,493.0,61.0,237.0,12.0,993.0,86.0,3.86336e-05,21.17573,898000.8,8193759.0,53.4919,13.5214
681.0,876.0,1.0,6.0,971.0,86.0,981.0,64.0,318.0,56.0,250.0,33.0,822.0,17.0,2.701503e-05,60.79748,26117.46,19841090.0,33.2876,11.8778
721.0,760.0,2.0,1.0,425.0,76.0,752.0,8.0,272.0,2.0,720.0,28.0,957.0,32.0,7.699392e-05,64.78909,10785.12,12750420.0,78.6535,23.819
718.0,711.0,1.0,1.0,790.0,94.0,848.0,19.0,786.0,38.0,172.0,23.0,987.0,25.0,0.0001176562,50.29895,238315.2,61404200.0,57.3787,57.6004
673.0,806.0,1.0,6.0,962.0,10.0,997.0,59.0,190.0,73.0,644.0,33.0,797.0,16.0,4.80714e-05,20.43965,1397391.0,10472090.0,80.4016,24.8891
608.0,736.0,1.0,3.0,926.0,66.0,824.0,14.0,611.0,43.0,178.0,88.0,113.0,4.0,0.0001145597,59.26657,63244.55,61404200.0,93.3416,40.3233
697.0,821.0,2.0,1.0,907.0,84.0,753.0,26.0,732.0,18.0,591.0,83.0,967.0,75.0,9.153537e-05,67.31496,10785.12,19841090.0,77.1961,31.1276
490.0,808.0,1.0,1.0,866.0,32.0,488.0,44.0,517.0,63.0,353.0,85.0,966.0,86.0,0.0001638635,61.24028,63244.55,61404200.0,68.6527,38.3056
803.0,679.0,4.0,5.0,508.0,17.0,286.0,33.0,187.0,45.0,231.0,89.0,462.0,88.0,0.0001373202,17.28066,577079.0,3383770.0,21.7053,3.85887
675.0,798.0,1.0,4.0,972.0,12.0,201.0,67.0,215.0,74.0,645.0,33.0,806.0,14.0,9.221045e-05,28.40252,1397391.0,25358040.0,60.5214,28.0504
721.0,792.0,2.0,1.0,423.0,76.0,572.0,9.0,239.0,42.0,700.0,29.0,957.0,33.0,2.170891e-05,15.53958,577079.0,2779135.0,71.9047,16.716
691.0,856.0,1.0,6.0,573.0,70.0,981.0,63.0,314.0,64.0,271.0,33.0,772.0,17.0,3.821531e-05,61.65815,40642.28,30874990.0,51.2095,28.6176
818.0,876.0,6.0,8.0,755.0,39.0,100.0,31.0,815.0,85.0,532.0,98.0,904.0,33.0,4.299756e-05,31.12856,98416.24,3383770.0,115.604,26.2259
347.0,786.0,1.0,1.0,444.0,19.0,965.0,18.0,877.0,74.0,170.0,99.0,606.0,21.0,7.026446e-05,60.75944,40642.28,25358040.0,64.1218,31.6623
694.0,900.0,1.0,1.0,910.0,96.0,822.0,25.0,708.0,18.0,519.0,83.0,980.0,79.0,2.284664e-05,62.9744,6930.448,10472090.0,61.6971,15.2536
336.0,393.0,4.0,1.0,812.0,14.0,778.0,96.0,956.0,73.0,867.0,13.0,110.0,5.0,0.000597165,11.65989,2174500.0,6729644.0,102.539,29.641
229.0,784.0,1.0,8.0,786.0,18.0,994.0,12.0,877.0,80.0,386.0,92.0,579.0,49.0,5.329329e-05,28.51147,370846.0,8193759.0,113.448,37.3349
488.0,918.0,1.0,1.0,567.0,78.0,815.0,63.0,590.0,71.0,335.0,52.0,310.0,37.0,2.130894e-05,50.7892,63244.55,16295760.0,46.2734,10.5627
472.0,915.0,4.0,2.0,480.0,10.0,115.0,32.0,439.0,17.0,565.0,64.0,267.0,69.0,5.839474e-05,60.27772,6930.448,6729644.0,89.6093,41.4384
716.0,821.0,1.0,2.0,902.0,89.0,754.0,22.0,734.0,18.0,592.0,78.0,928.0,75.0,8.594683e-05,63.41814,26117.46,30874990.0,73.7883,35.2042
332.0,791.0,1.0,1.0,376.0,30.0,977.0,26.0,872.0,79.0,162.0,89.0,661.0,29.0,8.703943e-05,60.75164,40642.28,39459980.0,62.1696,38.8419
509.0,710.0,7.0,1.0,640.0,83.0,295.0,22.0,358.0,64.0,763.0,96.0,803.0,22.0,0.0002705021,63.58362,26117.46,30874990.0,94.2176,28.9266
622.0,900.0,1.0,1.0,495.0,41.0,564.0,37.0,525.0,57.0,382.0,81.0,998.0,84.0,2.826177e-05,56.85156,26117.46,16295760.0,51.9986,12.0251
373.0,860.0,1.0,1.0,372.0,14.0,968.0,15.0,922.0,66.0,155.0,89.0,666.0,23.0,2.20078e-05,58.95414,10785.12,8193759.0,61.159,18.7512
498.0,833.0,4.0,4.0,639.0,76.0,870.0,69.0,357.0,88.0,321.0,74.0,336.0,15.0,7.944844e-05,60.87495,16783.42,39459980.0,115.783,24.3294
709.0,680.0,1.0,1.0,939.0,75.0,831.0,23.0,184.0,42.0,197.0,29.0,556.0,54.0,0.0001180102,18.0107,3383769.0,19841090.0,96.3045,34.5379
272.0,739.0,2.0,3.0,926.0,64.0,834.0,15.0,595.0,44.0,179.0,88.0,113.0,20.0,0.0001741459,36.30094,370846.0,19841090.0,132.233,35.1929
379.0,792.0,1.0,1.0,452.0,28.0,975.0,26.0,897.0,73.0,184.0,88.0,603.0,25.0,8.334292e-05,61.28624,40642.28,30874990.0,61.4012,33.5287
789.0,431.0,4.0,2.0,236.0,14.0,648.0,12.0,169.0,3.0,387.0,82.0,690.0,48.0,0.0005646082,35.12944,238315.2,12750420.0,133.442,17.8678
494.0,701.0,6.0,4.0,142.0,15.0,843.0,23.0,145.0,20.0,410.0,28.0,958.0,30.0,0.0001259697,26.08567,577079.0,16295760.0,68.7727,21.3685
888.0,770.0,1.0,1.0,761.0,89.0,736.0,20.0,544.0,42.0,141.0,33.0,914.0,24.0,4.910852e-05,41.79761,238315.2,19841090.0,59.1722,18.0373
682.0,638.0,2.0,1.0,796.0,87.0,724.0,21.0,716.0,44.0,160.0,35.0,536.0,26.0,0.0002723588,43.15047,370846.0,48044980.0,101.72,51.2464
534.0,849.0,3.0,3.0,496.0,81.0,816.0,62.0,717.0,64.0,385.0,47.0,915.0,38.0,6.051759e-05,65.19833,10785.12,19841090.0,82.2431,40.1656
656.0,785.0,1.0,3.0,937.0,68.0,846.0,12.0,582.0,37.0,343.0,96.0,180.0,4.0,4.686905e-05,59.30653,26117.46,25358040.0,67.4908,35.9942
713.0,779.0,1.0,1.0,430.0,75.0,616.0,9.0,239.0,2.0,777.0,29.0,969.0,31.0,6.700173e-05,50.54489,98416.24,25358040.0,61.5814,16.6848
768.0,812.0,1.0,5.0,493.0,13.0,971.0,63.0,179.0,57.0,216.0,38.0,815.0,14.0,5.259427e-05,57.43917,63244.55,30874990.0,73.8589,27.9211
631.0,859.0,1.0,1.0,900.0,97.0,869.0,30.0,540.0,17.0,530.0,81.0,918.0,81.0,5.3635e-05,63.31604,16783.42,19841090.0,63.4302,19.6896
654.0,785.0,1.0,3.0,926.0,63.0,813.0,9.0,591.0,43.0,345.0,97.0,194.0,1.0,2.171038e-05,25.02127,370846.0,5265529.0,24.5577,5.23099
493.0,887.0,3.0,3.0,603.0,13.0,101.0,32.0,459.0,23.0,542.0,64.0,317.0,68.0,9.425468e-05,60.72131,16783.42,12750420.0,108.26,28.7076
528.0,858.0,5.0,1.0,641.0,82.0,885.0,76.0,361.0,88.0,323.0,90.0,828.0,16.0,4.645141e-05,26.23173,238315.2,4324649.0,0.0,0.0
788.0,700.0,1.0,1.0,314.0,10.0,512.0,68.0,887.0,11.0,560.0,46.0,810.0,38.0,0.000215637,46.17709,238315.2,48044980.0,75.2484,25.4722
520.0,899.0,1.0,2.0,498.0,3.0,788.0,60.0,434.0,65.0,261.0,48.0,294.0,40.0,2.961989e-05,34.7557,238315.2,8193759.0,76.8942,30.1622
851.0,681.0,1.0,4.0,840.0,99.0,821.0,42.0,196.0,14.0,541.0,69.0,977.0,87.0,0.000148298,27.28179,1397391.0,30874990.0,31.1592,9.7325
297.0,752.0,2.0,3.0,597.0,63.0,742.0,14.0,612.0,44.0,179.0,88.0,196.0,6.0,9.622841e-05,49.16526,98416.24,25358040.0,109.482,38.3204
705.0,632.0,2.0,1.0,884.0,95.0,744.0,14.0,788.0,29.0,167.0,34.0,582.0,14.0,0.0002046554,64.40106,26117.46,48044980.0,87.831,54.7097
726.0,631.0,1.0,1.0,234.0,11.0,608.0,12.0,198.0,4.0,455.0,87.0,966.0,46.0,0.000320251,37.42901,577079.0,39459980.0,93.8126,29.7441
500.0,852.0,1.0,3.0,717.0,81.0,798.0,64.0,592.0,69.0,390.0,49.0,936.0,47.0,6.199035e-05,62.61748,40642.28,39459980.0,53.1499,33.3242
709.0,821.0,1.0,1.0,902.0,89.0,753.0,28.0,707.0,18.0,600.0,82.0,928.0,77.0,9.718306e-05,67.331,16783.42,39459980.0,61.6737,21.4479
433.0,796.0,1.0,1.0,787.0,21.0,973.0,25.0,859.0,89.0,386.0,93.0,645.0,31.0,7.312041e-05,45.59256,153147.4,25358040.0,63.0411,33.7002
610.0,755.0,1.0,2.0,926.0,69.0,797.0,13.0,611.0,34.0,206.0,97.0,179.0,4.0,7.210472e-05,32.66438,577079.0,19841090.0,68.025,41.8379
503.0,900.0,1.0,2.0,477.0,5.0,811.0,62.0,436.0,38.0,302.0,54.0,334.0,38.0,3.323065e-05,54.93008,26117.46,12750420.0,72.9188,23.6609
786.0,798.0,2.0,1.0,583.0,85.0,973.0,10.0,882.0,70.0,399.0,97.0,548.0,32.0,4.683611e-05,36.92536,98416.24,5265529.0,77.9991,56.6782
751.0,837.0,1.0,1.0,492.0,3.0,999.0,62.0,237.0,56.0,557.0,32.0,808.0,1.0,1.800922e-05,15.48207,577079.0,5265529.0,-48.4912,-7.38008
674.0,806.0,1.0,6.0,536.0,14.0,238.0,65.0,258.0,73.0,699.0,39.0,801.0,22.0,0.0001455978,36.55221,898000.8,74763430.0,57.0851,18.3378
347.0,807.0,1.0,1.0,444.0,19.0,985.0,17.0,860.0,74.0,170.0,87.0,606.0,20.0,4.95554e-05,59.99442,26117.46,19841090.0,62.0117,23.9967
709.0,677.0,2.0,1.0,842.0,93.0,739.0,20.0,219.0,34.0,169.0,37.0,545.0,49.0,0.0001544916,24.94419,1397391.0,19841090.0,108.444,33.5342
726.0,854.0,5.0,1.0,687.0,67.0,158.0,83.0,568.0,92.0,505.0,49.0,322.0,62.0,0.0001741492,35.52951,370846.0,16295760.0,86.8164,43.8685
726.0,616.0,1.0,1.0,195.0,11.0,589.0,5.0,198.0,3.0,329.0,87.0,961.0,26.0,0.0001984901,23.37136,1397391.0,12750420.0,90.8678,34.4795
478.0,868.0,1.0,2.0,457.0,30.0,503.0,40.0,492.0,59.0,340.0,82.0,994.0,87.0,5.910909e-05,59.94584,40642.28,30874990.0,66.2761,33.2524
453.0,906.0,1.0,2.0,737.0,4.0,826.0,60.0,575.0,64.0,260.0,48.0,349.0,36.0,2.627493e-05,51.54735,40642.28,10472090.0,71.2174,21.7685
519.0,937.0,1.0,3.0,590.0,8.0,124.0,18.0,469.0,16.0,538.0,65.0,242.0,60.0,2.514164e-05,56.06793,16783.42,8193759.0,77.9561,31.9351
474.0,858.0,3.0,3.0,571.0,15.0,112.0,33.0,475.0,15.0,550.0,61.0,190.0,70.0,0.0002022259,57.41616,26117.46,39459980.0,137.914,17.3986
907.0,721.0,1.0,1.0,755.0,89.0,800.0,9.0,697.0,41.0,158.0,20.0,905.0,17.0,2.532925e-05,30.80634,370846.0,8193759.0,65.8635,30.6024
369.0,943.0,1.0,1.0,357.0,9.0,405.0,69.0,584.0,36.0,738.0,46.0,121.0,47.0,2.230861e-05,39.13538,153147.4,10472090.0,65.6994,17.0003
334.0,957.0,1.0,3.0,265.0,66.0,453.0,73.0,919.0,41.0,722.0,42.0,113.0,49.0,1.688684e-05,40.99056,153147.4,10472090.0,66.3891,31.9448
776.0,856.0,1.0,6.0,994.0,13.0,938.0,55.0,283.0,58.0,225.0,33.0,748.0,17.0,2.783061e-05,55.15012,40642.28,16295760.0,67.9097,32.9818
372.0,364.0,2.0,5.0,953.0,82.0,125.0,6.0,223.0,99.0,266.0,56.0,897.0,72.0,0.0008046093,20.31415,5265528.0,438383300.0,-893.209,125.402
507.0,899.0,1.0,3.0,561.0,11.0,133.0,31.0,151.0,16.0,527.0,66.0,242.0,61.0,6.326603e-05,52.25921,63244.55,25358040.0,88.3165,31.7246
493.0,887.0,4.0,3.0,599.0,15.0,113.0,33.0,462.0,15.0,530.0,67.0,177.0,67.0,0.0001234881,58.76659,16783.42,12750420.0,117.785,21.5879
389.0,794.0,1.0,1.0,441.0,11.0,962.0,18.0,910.0,58.0,216.0,88.0,605.0,20.0,6.200438e-05,60.57842,26117.46,19841090.0,65.6061,27.2481
732.0,958.0,5.0,7.0,102.0,74.0,340.0,64.0,391.0,64.0,371.0,93.0,119.0,26.0,1.638591e-05,47.39348,10785.12,2779135.0,92.0747,34.0848
274.0,842.0,5.0,1.0,637.0,78.0,883.0,72.0,334.0,89.0,318.0,75.0,256.0,17.0,7.694528e-05,56.41472,26117.46,12750420.0,74.2246,15.5078
741.0,423.0,1.0,1.0,641.0,14.0,201.0,29.0,179.0,74.0,647.0,39.0,797.0,13.0,0.0001012187,14.03581,3383769.0,12750420.0,82.7701,24.5662
493.0,887.0,3.0,1.0,612.0,15.0,147.0,33.0,458.0,21.0,467.0,66.0,180.0,69.0,0.0001016035,55.08918,26117.46,10472090.0,89.0404,46.1299
654.0,649.0,1.0,3.0,940.0,64.0,824.0,10.0,610.0,35.0,425.0,89.0,218.0,4.0,0.0001360151,63.40576,40642.28,95551890.0,86.1566,22.8674
703.0,873.0,2.0,1.0,998.0,85.0,785.0,27.0,663.0,16.0,510.0,82.0,985.0,82.0,4.138945e-05,65.13176,6930.448,8193759.0,74.5874,19.789
466.0,823.0,2.0,4.0,771.0,89.0,743.0,65.0,607.0,26.0,867.0,60.0,947.0,6.0,7.136222e-05,7.948232,898000.8,1785947.0,-34.5444,-5.82253
626.0,858.0,2.0,1.0,919.0,95.0,904.0,28.0,525.0,17.0,510.0,69.0,944.0,89.0,5.30967e-05,58.0021,16783.42,10472090.0,78.2183,24.2282
206.0,389.0,4.0,2.0,642.0,12.0,617.0,37.0,720.0,50.0,354.0,59.0,305.0,40.0,0.001331709,22.57257,1397391.0,30874990.0,73.0021,13.7945
686.0,548.0,7.0,5.0,602.0,62.0,861.0,80.0,659.0,4.0,883.0,16.0,668.0,80.0,0.0007890055,28.01463,577079.0,360050100.0,2.891,1.29525
655.0,845.0,1.0,3.0,902.0,66.0,788.0,9.0,598.0,31.0,439.0,87.0,165.0,4.0,1.764512e-05,59.57707,10785.12,8193759.0,60.4073,17.8869
224.0,797.0,1.0,8.0,186.0,15.0,997.0,13.0,919.0,76.0,374.0,96.0,552.0,32.0,4.662043e-05,29.5043,577079.0,12750420.0,108.393,28.7413
718.0,677.0,2.0,1.0,793.0,97.0,844.0,21.0,179.0,36.0,103.0,34.0,914.0,26.0,0.0001541434,39.95286,370846.0,39459980.0,90.8285,39.4263
794.0,236.0,3.0,6.0,734.0,10.0,837.0,44.0,240.0,50.0,506.0,75.0,331.0,26.0,5.267363e-05,4.072405,577079.0,577080.0,138.733,15.1105
725.0,747.0,1.0,1.0,197.0,15.0,612.0,5.0,194.0,36.0,379.0,89.0,917.0,19.0,3.827871e-05,32.40836,370846.0,12750420.0,74.7446,23.7473
219.0,816.0,1.0,2.0,812.0,64.0,521.0,50.0,476.0,62.0,560.0,86.0,985.0,86.0,0.0001457791,46.37379,370846.0,74763430.0,65.5129,21.4006
753.0,694.0,4.0,1.0,247.0,31.0,465.0,73.0,906.0,32.0,541.0,63.0,829.0,51.0,0.0004197131,32.20907,898000.8,30874990.0,113.63,20.6714
696.0,893.0,1.0,1.0,901.0,91.0,822.0,27.0,680.0,18.0,533.0,83.0,971.0,78.0,2.682595e-05,64.42515,6930.448,10472090.0,60.654,15.0994
742.0,954.0,9.0,6.0,246.0,51.0,933.0,95.0,151.0,69.0,732.0,27.0,823.0,82.0,6.557479e-06,9.732916,63244.55,153148.4,79.986,19.0272
693.0,825.0,1.0,1.0,936.0,90.0,822.0,25.0,708.0,18.0,524.0,81.0,980.0,79.0,8.454347e-05,66.11163,16783.42,30874990.0,65.2054,22.8543
324.0,807.0,6.0,5.0,603.0,83.0,986.0,70.0,174.0,57.0,168.0,28.0,851.0,19.0,9.208564e-05,58.91876,16783.42,95551890.0,104.163,24.3397
713.0,431.0,3.0,1.0,179.0,14.0,628.0,9.0,207.0,39.0,387.0,82.0,951.0,48.0,0.0001720797,21.34752,1397391.0,12750420.0,116.11,16.1884
490.0,824.0,1.0,1.0,866.0,31.0,488.0,44.0,520.0,59.0,348.0,85.0,990.0,87.0,0.000130951,62.10134,63244.55,48044980.0,65.3913,31.6427
494.0,800.0,1.0,2.0,411.0,34.0,486.0,47.0,574.0,63.0,515.0,86.0,972.0,92.0,0.0001852586,48.10498,370846.0,95551890.0,73.1558,21.4627
393.0,869.0,4.0,3.0,716.0,84.0,784.0,67.0,599.0,78.0,292.0,47.0,946.0,38.0,4.626725e-05,63.32333,10785.12,10472090.0,73.7458,31.0247
531.0,879.0,1.0,1.0,492.0,34.0,478.0,43.0,619.0,50.0,343.0,21.0,992.0,83.0,3.551792e-05,29.12358,577079.0,12750420.0,46.6931,10.8464
522.0,917.0,1.0,2.0,951.0,28.0,547.0,38.0,492.0,55.0,271.0,81.0,992.0,82.0,2.089481e-05,59.11441,16783.42,10472090.0,58.6097,14.6683
229.0,422.0,3.0,1.0,207.0,16.0,163.0,11.0,175.0,42.0,394.0,65.0,671.0,48.0,0.001232711,23.33896,5265528.0,181038800.0,46.6848,16.1366
706.0,794.0,3.0,1.0,825.0,21.0,910.0,94.0,882.0,43.0,388.0,93.0,119.0,81.0,0.0002867371,30.36557,370846.0,10472090.0,99.9987,31.5749
338.0,444.0,2.0,1.0,813.0,13.0,778.0,65.0,630.0,42.0,876.0,12.0,347.0,2.0,0.0004922131,32.2472,1397391.0,39459980.0,51.2368,10.9857
669.0,617.0,2.0,1.0,209.0,14.0,594.0,6.0,354.0,1.0,783.0,80.0,922.0,91.0,0.000643206,32.2576,370846.0,16295760.0,100.729,31.6527
492.0,892.0,1.0,2.0,964.0,30.0,567.0,46.0,492.0,48.0,334.0,78.0,997.0,87.0,3.886833e-05,61.52385,26117.46,19841090.0,61.9311,19.5328
574.0,260.0,1.0,1.0,782.0,9.0,731.0,67.0,905.0,52.0,658.0,92.0,324.0,41.0,0.0003720777,16.9553,2174500.0,12750420.0,88.1233,24.9863
701.0,830.0,2.0,2.0,875.0,86.0,870.0,28.0,712.0,51.0,527.0,83.0,949.0,81.0,5.871369e-05,37.37362,153147.4,10472090.0,86.006,49.0134
540.0,913.0,1.0,3.0,623.0,14.0,122.0,20.0,156.0,23.0,544.0,50.0,202.0,22.0,2.460086e-05,51.64618,63244.55,16295760.0,63.1515,20.033
490.0,821.0,1.0,2.0,877.0,33.0,544.0,41.0,525.0,58.0,506.0,14.0,943.0,83.0,6.491762e-05,16.43809,1397391.0,8193759.0,69.148,52.3299
609.0,793.0,1.0,2.0,925.0,73.0,591.0,15.0,514.0,46.0,190.0,95.0,154.0,9.0,8.692684e-05,59.42421,40642.28,39459980.0,78.6885,45.8245
635.0,859.0,2.0,1.0,921.0,94.0,821.0,32.0,537.0,51.0,465.0,81.0,927.0,47.0,3.752749e-05,58.66518,16783.42,12750420.0,61.9128,13.5784
316.0,216.0,2.0,1.0,906.0,6.0,740.0,11.0,855.0,44.0,301.0,65.0,542.0,84.0,0.0005177579,16.14619,1397391.0,6729644.0,99.6841,57.4936
